{
"type": "FeatureCollection",
"name": "graph_nodes_metadata",
"crs": { "type": "name", "properties": { "name": "urn:ogc:def:crs:OGC:1.3:CRS84" } },
"features": [
{ "type": "Feature", "properties": { "station_name_original": "Nanjingnan", "osmid": 3484203015, "english_name": "Nanjing South Railway Station", "city": "Nanjing", "province": "Jiangsu", "zh_name": "南京南", "name": "南京南站", "name:en": "Nanjing South Railway Station", "splitted": null, "degree": 34, "pop": 2067280.5, "capacity": 37, "rain": 0.0 }, "geometry": { "type": "Point", "coordinates": [ 118.7927441, 31.971833 ] } },
{ "type": "Feature", "properties": { "station_name_original": "Shanghaihongqiao", "osmid": 4610023440, "english_name": "Shanghai Hongqiao Railway Station", "city": "Shanghai", "province": "Shanghai", "zh_name": "上海虹桥", "name": "上海虹桥", "name:en": "Shanghai-Hongqiao", "splitted": null, "degree": 18, "pop": 3155288.8, "capacity": 22, "rain": 0.0 }, "geometry": { "type": "Point", "coordinates": [ 121.316200400000014, 31.1959782 ] } },
{ "type": "Feature", "properties": { "station_name_original": "Changshanan", "osmid": 2803078099, "english_name": "Changsha South Railway Station", "city": "Changsha", "province": "Hunan", "zh_name": "长沙南", "name": "长沙南", "name:en": "Changsha South", "splitted": null, "degree": 27, "pop": 7433899.5, "capacity": 39, "rain": 0.0 }, "geometry": { "type": "Point", "coordinates": [ 113.059881100000013, 28.1500782 ] } },
{ "type": "Feature", "properties": { "station_name_original": "Hangzhoudong", "osmid": 7160108921, "english_name": "Hangzhou East Railway Station", "city": "Hangzhou", "province": "Zhejiang", "zh_name": "杭州东", "name": "杭州东", "name:en": "Hangzhoudong", "splitted": null, "degree": 35, "pop": 2766360.5, "capacity": 34, "rain": 0.0 }, "geometry": { "type": "Point", "coordinates": [ 120.2082034, 30.2935486 ] } },
{ "type": "Feature", "properties": { "station_name_original": "Guangzhounan", "osmid": 7892566022, "english_name": "Guangzhou South Railway Station", "city": "Guangzhou", "province": "Guangdong", "zh_name": "广州南", "name": "广州南站", "name:en": "Guangzhou South Railway Station", "splitted": null, "degree": 27, "pop": 12737396.0, "capacity": 24, "rain": 0.0 }, "geometry": { "type": "Point", "coordinates": [ 113.2605338, 22.9911424 ] } },
{ "type": "Feature", "properties": { "station_name_original": "Zhengzhoudong", "osmid": 12468737664, "english_name": "Zhengzhou East Railway Station", "city": "Zhengzhou", "province": "Henan", "zh_name": "郑州东", "name": "郑州东站", "name:en": "Zhengzhou East Railway Station", "splitted": null, "degree": 37, "pop": 3108029.0, "capacity": 29, "rain": 0.0 }, "geometry": { "type": "Point", "coordinates": [ 113.7699859, 34.7600167 ] } },
{ "type": "Feature", "properties": { "station_name_original": "Shenzhenbei", "osmid": 7822253163, "english_name": "Shenzhen North Railway Station", "city": "Shenzhen", "province": "Guangdong", "zh_name": "深圳北", "name": "深圳北站", "name:en": "Shenzhen North Railway Station", "splitted": null, "degree": 12, "pop": 5456979.5, "capacity": 21, "rain": 0.0 }, "geometry": { "type": "Point", "coordinates": [ 114.0251358, 22.6130215 ] } },
{ "type": "Feature", "properties": { "station_name_original": "Xuzhoudong", "osmid": 8270403720, "english_name": "Xuzhou East Railway Station", "city": "Xuzhou", "province": "Jiangsu", "zh_name": "徐州东", "name": "徐州东站", "name:en": "Xuzhou East Railway Station", "splitted": null, "degree": 24, "pop": 1181237.2, "capacity": 24, "rain": 0.0 }, "geometry": { "type": "Point", "coordinates": [ 117.301839500000014, 34.2695842 ] } },
{ "type": "Feature", "properties": { "station_name_original": "Wuhan", "osmid": 9392495366, "english_name": "Wuhan Railway Station", "city": "Wuhan", "province": "Hubei", "zh_name": "武汉", "name": "武汉站东广场", "name:en": "Wuhan Railway Station", "splitted": null, "degree": 23, "pop": 4085924.5, "capacity": 21, "rain": 0.0 }, "geometry": { "type": "Point", "coordinates": [ 114.421244300000012, 30.6085716 ] } },
{ "type": "Feature", "properties": { "station_name_original": "Jinanxi", "osmid": 7733885005, "english_name": "Jinan West Railway Station", "city": "Jinan", "province": "Shandong", "zh_name": "济南西", "name": "济南西", "name:en": "Jinanxi", "splitted": null, "degree": 19, "pop": 3256568.0, "capacity": 23, "rain": 0.0 }, "geometry": { "type": "Point", "coordinates": [ 116.886004500000013, 36.668804 ] } },
{ "type": "Feature", "properties": { "station_name_original": "Shijiazhuang", "osmid": 8603069012, "english_name": "Shijiazhuang Railway Station", "city": "Shijiazhuang", "province": "Hebei", "zh_name": "石家庄", "name": "石家庄站", "name:en": "Shijiazhuang", "splitted": null, "degree": 21, "pop": 4690762.0, "capacity": 21, "rain": 0.0 }, "geometry": { "type": "Point", "coordinates": [ 114.4805364, 38.0090407 ] } },
{ "type": "Feature", "properties": { "station_name_original": "Beijingnan", "osmid": 1673553148, "english_name": "Beijing South Railway Station", "city": "Beijing", "province": "Beijing", "zh_name": "北京南", "name": "北京南站", "name:en": "Beijing South Railway Station", "splitted": null, "degree": 12, "pop": 6828475.0, "capacity": 12, "rain": 0.0 }, "geometry": { "type": "Point", "coordinates": [ 116.3728993, 39.8635282 ] } },
{ "type": "Feature", "properties": { "station_name_original": "Shangrao", "osmid": 1579354022, "english_name": "Shangrao Railway Station", "city": "Shangrao", "province": "Jiangxi", "zh_name": "上饶", "name": "上饶", "name:en": "Shangrao", "splitted": null, "degree": 20, "pop": 1695691.2, "capacity": 24, "rain": 0.0 }, "geometry": { "type": "Point", "coordinates": [ 118.0030852, 28.4941154 ] } },
{ "type": "Feature", "properties": { "station_name_original": "Hengyangdong", "osmid": 582375485, "english_name": "Hengyang East Railway Station", "city": "Hengyang", "province": "Hunan", "zh_name": "衡阳东", "name": "衡阳东", "name:en": "Hengyangdong", "splitted": null, "degree": 15, "pop": 2169136.0, "capacity": 20, "rain": 0.0 }, "geometry": { "type": "Point", "coordinates": [ 112.7044896, 26.8996964 ] } },
{ "type": "Feature", "properties": { "station_name_original": "Suzhou", "osmid": 13565836222, "english_name": "Suzhou Railway Station", "city": "Suzhou", "province": "Jiangsu", "zh_name": "苏州", "name": "苏州火车站", "name:en": "Suzhou Railway Station", "splitted": null, "degree": 14, "pop": 2658419.8, "capacity": 17, "rain": 0.0 }, "geometry": { "type": "Point", "coordinates": [ 120.606381, 31.3329367 ] } },
{ "type": "Feature", "properties": { "station_name_original": "Yiwu", "osmid": 7702323725, "english_name": "Yiwu Railway Station", "city": "Yiwu", "province": "Zhejiang", "zh_name": "义乌", "name": "义乌高铁站", "name:en": "Yiwu Railway Station", "splitted": null, "degree": 13, "pop": 3446771.0, "capacity": 17, "rain": 0.0 }, "geometry": { "type": "Point", "coordinates": [ 120.039217, 29.380631 ] } },
{ "type": "Feature", "properties": { "station_name_original": "Kunshannan", "osmid": 9242148030, "english_name": "Kunshan South Railway Station", "city": "Kunshan", "province": "Jiangsu", "zh_name": "昆山南", "name": "昆山南", "name:en": null, "splitted": null, "degree": 16, "pop": 1314521.2, "capacity": 19, "rain": 0.0 }, "geometry": { "type": "Point", "coordinates": [ 120.946472, 31.3551464 ] } },
{ "type": "Feature", "properties": { "station_name_original": "Nanchangxi", "osmid": 2375668088, "english_name": "Nanchang West Railway Station", "city": "Nanchang", "province": "Jiangxi", "zh_name": "南昌西", "name": "南昌西站", "name:en": "Nanchang West Railway Station", "splitted": null, "degree": 22, "pop": 1393035.9, "capacity": 17, "rain": 0.0 }, "geometry": { "type": "Point", "coordinates": [ 115.7881925, 28.6266445 ] } },
{ "type": "Feature", "properties": { "station_name_original": "Lishui", "osmid": 2726898124, "english_name": "Lishui Railway Station", "city": "Lishui", "province": "Zhejiang", "zh_name": "丽水", "name": "溧水", "name:en": "Lishui", "splitted": null, "degree": 15, "pop": 809953.88, "capacity": 17, "rain": 0.0 }, "geometry": { "type": "Point", "coordinates": [ 119.0909653, 31.6813415 ] } },
{ "type": "Feature", "properties": { "station_name_original": "Jiaxingnan", "osmid": 7160140842, "english_name": "Jiaxing South Railway Station", "city": "Jiaxing", "province": "Zhejiang", "zh_name": "嘉兴南", "name": "嘉兴南", "name:en": "South Jiaxing", "splitted": null, "degree": 9, "pop": 2239819.5, "capacity": 17, "rain": 0.0 }, "geometry": { "type": "Point", "coordinates": [ 120.795528, 30.6932899 ] } },
{ "type": "Feature", "properties": { "station_name_original": "Beijingxi", "osmid": 3369459828, "english_name": "Beijing West Railway Station", "city": "Beijing", "province": "Beijing", "zh_name": "北京西", "name": "北京西站", "name:en": "Beijing West Railway Station", "splitted": null, "degree": 10, "pop": 3676920.5, "capacity": 9, "rain": 0.0 }, "geometry": { "type": "Point", "coordinates": [ 116.3150518, 39.8935406 ] } },
{ "type": "Feature", "properties": { "station_name_original": "Hefeinan", "osmid": 9327972785, "english_name": "Hefei South Railway Station", "city": "Hefei", "province": "Anhui", "zh_name": "合肥南", "name": "合肥南站", "name:en": "Hefeinan Railway Station", "splitted": null, "degree": 20, "pop": 4130543.8, "capacity": 15, "rain": 0.0 }, "geometry": { "type": "Point", "coordinates": [ 117.284601, 31.8022331 ] } },
{ "type": "Feature", "properties": { "station_name_original": "Xianggangxijiulong", "osmid": 7919700008, "english_name": "Hong Kong West Kowloon Railway Station", "city": "Hong Kong", "province": "Hong Kong", "zh_name": "香港西九龙", "name": "香港西九龍 Hong Kong West Kowloon", "name:en": "Hong Kong West Kowloon", "splitted": null, "degree": 3, "pop": 1396.5549, "capacity": 9, "rain": 0.0 }, "geometry": { "type": "Point", "coordinates": [ 114.1649267, 22.3036814 ] } },
{ "type": "Feature", "properties": { "station_name_original": "Chenzhouxi", "osmid": 8390574022, "english_name": "Chenzhou West Railway Station", "city": "Chenzhou", "province": "Hunan", "zh_name": "郴州西", "name": "郴州西", "name:en": "Chenzhou West", "splitted": null, "degree": 10, "pop": 3987486.5, "capacity": 19, "rain": 0.0 }, "geometry": { "type": "Point", "coordinates": [ 112.9645311, 25.739132 ] } },
{ "type": "Feature", "properties": { "station_name_original": "Wuxi", "osmid": 5912016450, "english_name": "Wuxi Railway Station", "city": "Wuxi", "province": "Jiangsu", "zh_name": "无锡", "name": "无锡火车站", "name:en": "Wuxi Railway Station", "splitted": null, "degree": 10, "pop": 2070053.6, "capacity": 15, "rain": 0.0 }, "geometry": { "type": "Point", "coordinates": [ 120.3017068, 31.5910174 ] } },
{ "type": "Feature", "properties": { "station_name_original": "Xianbei", "osmid": 2702279001, "english_name": "Xi'an North Railway Station", "city": "Xi'an", "province": "Shaanxi", "zh_name": "西安北", "name": "西安北站", "name:en": "Xi'an North Railway Station", "splitted": null, "degree": 21, "pop": 8897077.0, "capacity": 13, "rain": 0.0 }, "geometry": { "type": "Point", "coordinates": [ 108.9339618, 34.3775743 ] } },
{ "type": "Feature", "properties": { "station_name_original": "Guiyangbei", "osmid": 5235040409, "english_name": "Guiyang North Railway Station", "city": "Guiyang", "province": "Guizhou", "zh_name": "贵阳北", "name": "贵阳北站", "name:en": "Guiyangbei Railway Station", "splitted": null, "degree": 24, "pop": 4470129.5, "capacity": 13, "rain": 0.0 }, "geometry": { "type": "Point", "coordinates": [ 106.6724029, 26.6227917 ] } },
{ "type": "Feature", "properties": { "station_name_original": "Changzhou", "osmid": 8453216523, "english_name": "Changzhou Railway Station", "city": "Changzhou", "province": "Jiangsu", "zh_name": null, "name": "常州", "name:en": null, "splitted": null, "degree": 9, "pop": 1854717.0, "capacity": 14, "rain": 0.0 }, "geometry": { "type": "Point", "coordinates": [ 119.9682006, 31.7866804 ] } },
{ "type": "Feature", "properties": { "station_name_original": "Bangbunan", "osmid": 6234311904, "english_name": "Bengbu South Railway Station", "city": "Bengbu", "province": "Anhui", "zh_name": "蚌埠南", "name": "蚌埠南", "name:en": "Bengbunan", "splitted": null, "degree": 9, "pop": 2967150.0, "capacity": 14, "rain": 0.0 }, "geometry": { "type": "Point", "coordinates": [ 117.4367868, 32.9036846 ] } },
{ "type": "Feature", "properties": { "station_name_original": "Wenzhounan", "osmid": 7693453988, "english_name": "Wenzhou South Railway Station", "city": "Wenzhou", "province": "Zhejiang", "zh_name": "温州南", "name": "温州南", "name:en": "Wenzhounan", "splitted": null, "degree": 14, "pop": 1503904.9, "capacity": 10, "rain": 0.0 }, "geometry": { "type": "Point", "coordinates": [ 120.581613800000014, 27.9692843 ] } },
{ "type": "Feature", "properties": { "station_name_original": "Shanghai", "osmid": 3800386167, "english_name": "Shanghai Railway Station", "city": "Shanghai", "province": "Shanghai", "zh_name": "上海", "name": "上海火车站", "name:en": "Shanghai Railway Station", "splitted": null, "degree": 12, "pop": 13232030.0, "capacity": 7, "rain": 0.0 }, "geometry": { "type": "Point", "coordinates": [ 121.4512676, 31.2490863 ] } },
{ "type": "Feature", "properties": { "station_name_original": "Dezhoudong", "osmid": 6214911057, "english_name": "Dezhou East Railway Station", "city": "Dezhou", "province": "Shandong", "zh_name": "德州东", "name": "德州东", "name:en": "Dezhoudong", "splitted": null, "degree": 12, "pop": 2262773.5, "capacity": 15, "rain": 0.0 }, "geometry": { "type": "Point", "coordinates": [ 116.4558211, 37.4089344 ] } },
{ "type": "Feature", "properties": { "station_name_original": "Jinhua", "osmid": 9212131329, "english_name": "Jinhua Railway Station", "city": "Jinhua", "province": "Zhejiang", "zh_name": "金华", "name": "金华高铁站", "name:en": "Jinhua Railway Station", "splitted": null, "degree": 12, "pop": 1378396.9, "capacity": 14, "rain": 0.0 }, "geometry": { "type": "Point", "coordinates": [ 119.6315991, 29.1108476 ] } },
{ "type": "Feature", "properties": { "station_name_original": "Chengdudong", "osmid": 10771129782, "english_name": "Chengdu East Railway Station", "city": "Chengdu", "province": "Sichuan", "zh_name": "成都东", "name": "成都东客站", "name:en": "Chengdu East Railway Station", "splitted": null, "degree": 27, "pop": 3279656.2, "capacity": 10, "rain": 0.0 }, "geometry": { "type": "Point", "coordinates": [ 104.1371505, 30.6318924 ] } },
{ "type": "Feature", "properties": { "station_name_original": "Huaihuanan", "osmid": 2953790848, "english_name": "Huaihua South Railway Station", "city": "Huaihua", "province": "Hunan", "zh_name": "怀化南", "name": "怀化南", "name:en": "Huaihua South Railway Station", "splitted": null, "degree": 16, "pop": 1801905.9, "capacity": 14, "rain": 0.0 }, "geometry": { "type": "Point", "coordinates": [ 109.988764, 27.5155158 ] } },
{ "type": "Feature", "properties": { "station_name_original": "Shaoguan", "osmid": 8899902278, "english_name": "Shaoguan Railway Station", "city": "Shaoguan", "province": "Guangdong", "zh_name": "韶关", "name": "韶关", "name:en": "Shaoguan", "splitted": null, "degree": 10, "pop": 2268885.0, "capacity": 17, "rain": 0.0 }, "geometry": { "type": "Point", "coordinates": [ 113.5089473, 24.7541835 ] } },
{ "type": "Feature", "properties": { "station_name_original": "Huzhou", "osmid": 7342299452, "english_name": "Huzhou Railway Station", "city": "Huzhou", "province": "Zhejiang", "zh_name": "湖州", "name": "湖州", "name:en": null, "splitted": null, "degree": 9, "pop": 1518017.8, "capacity": 13, "rain": 0.0 }, "geometry": { "type": "Point", "coordinates": [ 120.0175765, 30.8650941 ] } },
{ "type": "Feature", "properties": { "station_name_original": "Humen", "osmid": 9068946089, "english_name": "Humen Railway Station", "city": "Dongguan", "province": "Guangdong", "zh_name": "虎门", "name": "虎门火车站", "name:en": "Humen Railway Station", "splitted": null, "degree": 4, "pop": 7945372.0, "capacity": 17, "rain": 0.0 }, "geometry": { "type": "Point", "coordinates": [ 113.666604600000014, 22.8622752 ] } },
{ "type": "Feature", "properties": { "station_name_original": "Suzhoubei", "osmid": 13385678640, "english_name": "Suzhou North Railway Station", "city": "Suzhou", "province": "Jiangsu", "zh_name": "苏州北", "name": "高铁苏州北站", "name:en": "Suzhou North Railway Station", "splitted": null, "degree": 8, "pop": 1208173.4, "capacity": 15, "rain": 0.0 }, "geometry": { "type": "Point", "coordinates": [ 120.640687500000013, 31.4235633 ] } },
{ "type": "Feature", "properties": { "station_name_original": "Yueyangdong", "osmid": 581851038, "english_name": "Yueyang East Railway Station", "city": "Yueyang", "province": "Hunan", "zh_name": "岳阳东", "name": "岳阳东", "name:en": "Yueyang East", "splitted": null, "degree": 5, "pop": 4000920.0, "capacity": 15, "rain": 0.0 }, "geometry": { "type": "Point", "coordinates": [ 113.2023195, 29.3689598 ] } },
{ "type": "Feature", "properties": { "station_name_original": "Yixing", "osmid": 7260208795, "english_name": "Yixing Railway Station", "city": "Yixing", "province": "Jiangsu", "zh_name": null, "name": "宜兴", "name:en": null, "splitted": null, "degree": 10, "pop": 1124368.5, "capacity": 13, "rain": 0.0 }, "geometry": { "type": "Point", "coordinates": [ 119.808673700000014, 31.3142872 ] } },
{ "type": "Feature", "properties": { "station_name_original": "Luoyanglongmen", "osmid": 9365183724, "english_name": "Luoyang Longmen Railway Station", "city": "Luoyang", "province": "Henan", "zh_name": "洛阳龙门", "name": "龙门高铁站", "name:en": "Luoyang Longmen Railway Station", "splitted": null, "degree": 10, "pop": 6091954.5, "capacity": 16, "rain": 0.0 }, "geometry": { "type": "Point", "coordinates": [ 112.450612400000011, 34.5952547 ] } },
{ "type": "Feature", "properties": { "station_name_original": "Tianjinxi", "osmid": 4126740846, "english_name": "Tianjin West Railway Station", "city": "Tianjin", "province": "Tianjin", "zh_name": "天津西", "name": "天津西", "name:en": "Tianjinxi", "splitted": null, "degree": 21, "pop": 3181124.0, "capacity": 15, "rain": 0.0 }, "geometry": { "type": "Point", "coordinates": [ 117.1571195, 39.157355 ] } },
{ "type": "Feature", "properties": { "station_name_original": "Ningbo", "osmid": 12587416030, "english_name": "Ningbo Railway Station", "city": "Ningbo", "province": "Zhejiang", "zh_name": "宁波", "name": "宁波火车站", "name:en": "Ningbo Railway Station", "splitted": null, "degree": 11, "pop": 3093779.0, "capacity": 10, "rain": 0.0 }, "geometry": { "type": "Point", "coordinates": [ 121.532949300000013, 29.8644448 ] } },
{ "type": "Feature", "properties": { "station_name_original": "Baodingdong", "osmid": 8401357514, "english_name": "Baoding East Railway Station", "city": "Baoding", "province": "Hebei", "zh_name": "保定东", "name": "保定东", "name:en": "Baoding East", "splitted": null, "degree": 10, "pop": 4889349.5, "capacity": 13, "rain": 0.0 }, "geometry": { "type": "Point", "coordinates": [ 115.5957278, 38.8634576 ] } },
{ "type": "Feature", "properties": { "station_name_original": "Loudinan", "osmid": 2953769618, "english_name": "Loudi South Railway Station", "city": "Loudi", "province": "Hunan", "zh_name": "娄底南", "name": "娄底南", "name:en": "Loudinan", "splitted": null, "degree": 10, "pop": 2802194.0, "capacity": 15, "rain": 0.0 }, "geometry": { "type": "Point", "coordinates": [ 112.008465, 27.6662573 ] } },
{ "type": "Feature", "properties": { "station_name_original": "Shenyang", "osmid": 6179162407, "english_name": "Shenyang Railway Station", "city": "Shenyang", "province": "Liaoning", "zh_name": "沈阳", "name": "沈阳", "name:en": "Shenyang", "splitted": null, "degree": 21, "pop": 2973337.5, "capacity": 12, "rain": 16.026072678260192 }, "geometry": { "type": "Point", "coordinates": [ 123.387930700000013, 41.7924481 ] } },
{ "type": "Feature", "properties": { "station_name_original": "Futian", "osmid": 2310688619, "english_name": "Futian Railway Station", "city": "Shenzhen", "province": "Guangdong", "zh_name": null, "name": "福田", "name:en": "Futian", "splitted": null, "degree": 12, "pop": 3996928.0, "capacity": 11, "rain": 0.0 }, "geometry": { "type": "Point", "coordinates": [ 114.0511799, 22.5413178 ] } },
{ "type": "Feature", "properties": { "station_name_original": "Shenyangbei", "osmid": 11224503063, "english_name": "Shenyang North Railway Station", "city": "Shenyang", "province": "Liaoning", "zh_name": "沈阳北", "name": "沈阳北站", "name:en": "Shenyang North Railway Station", "splitted": null, "degree": 28, "pop": 3662181.2, "capacity": 13, "rain": 16.026072678260192 }, "geometry": { "type": "Point", "coordinates": [ 123.430028900000011, 41.8148019 ] } },
{ "type": "Feature", "properties": { "station_name_original": "Yingtanbei", "osmid": 2980591313, "english_name": "Yingtan North Railway Station", "city": "Yingtan", "province": "Jiangxi", "zh_name": "鹰潭北", "name": "鹰潭北", "name:en": "Yingtan North", "splitted": null, "degree": 12, "pop": 1258707.4, "capacity": 15, "rain": 0.0 }, "geometry": { "type": "Point", "coordinates": [ 117.0338664, 28.3087644 ] } },
{ "type": "Feature", "properties": { "station_name_original": "Xinyangdong", "osmid": 2264149886, "english_name": "Xinyang East Railway Station", "city": "Xinyang", "province": "Henan", "zh_name": null, "name": "信阳东", "name:en": "Xinyang East", "splitted": null, "degree": 8, "pop": 2826732.5, "capacity": 13, "rain": 0.0 }, "geometry": { "type": "Point", "coordinates": [ 114.1543869, 32.1459152 ] } },
{ "type": "Feature", "properties": { "station_name_original": "Changzhoubei", "osmid": 12215523698, "english_name": "Changzhou North Railway Station", "city": "Changzhou", "province": "Jiangsu", "zh_name": "常州北", "name": "常州北站", "name:en": "Changzhou North Railway Station", "splitted": null, "degree": 7, "pop": 3497315.0, "capacity": 14, "rain": 0.0 }, "geometry": { "type": "Point", "coordinates": [ 119.951123, 31.8569412 ] } },
{ "type": "Feature", "properties": { "station_name_original": "Wuxidong", "osmid": 2063857370, "english_name": "Wuxi East Railway Station", "city": "Wuxi", "province": "Jiangsu", "zh_name": "无锡东", "name": "无锡东", "name:en": "Wuxidong Railway Station", "splitted": null, "degree": 8, "pop": 5912919.0, "capacity": 12, "rain": 0.0 }, "geometry": { "type": "Point", "coordinates": [ 120.4554867, 31.5988147 ] } },
{ "type": "Feature", "properties": { "station_name_original": "Pingxiangbei", "osmid": 2980616653, "english_name": "Pingxiang North Railway Station", "city": "Pingxiang", "province": "Jiangxi", "zh_name": "萍乡北", "name": "萍乡北", "name:en": "Pingxiang North", "splitted": null, "degree": 6, "pop": 2318512.0, "capacity": 17, "rain": 0.0 }, "geometry": { "type": "Point", "coordinates": [ 113.8422996, 27.6874541 ] } },
{ "type": "Feature", "properties": { "station_name_original": "Handandong", "osmid": 8397056466, "english_name": "Handan East Railway Station", "city": "Handan", "province": "Hebei", "zh_name": "邯郸东", "name": "邯郸东", "name:en": null, "splitted": null, "degree": 8, "pop": 9214949.0, "capacity": 12, "rain": 0.0 }, "geometry": { "type": "Point", "coordinates": [ 114.5531572, 36.6198074 ] } },
{ "type": "Feature", "properties": { "station_name_original": "Qufudong", "osmid": 6193950294, "english_name": "Qufu East Railway Station", "city": "Qufu", "province": "Shandong", "zh_name": "曲阜东", "name": "曲阜东", "name:en": "Qufudong", "splitted": null, "degree": 11, "pop": 7252108.0, "capacity": 11, "rain": 0.0 }, "geometry": { "type": "Point", "coordinates": [ 117.064341, 35.5565465 ] } },
{ "type": "Feature", "properties": { "station_name_original": "Zhumadianxi", "osmid": 8396976231, "english_name": "Zhumadian West Railway Station", "city": "Zhumadian", "province": "Henan", "zh_name": "驻马店西", "name": "驻马店西", "name:en": null, "splitted": null, "degree": 8, "pop": 3099182.2, "capacity": 11, "rain": 0.0 }, "geometry": { "type": "Point", "coordinates": [ 113.972637400000011, 33.0025565 ] } },
{ "type": "Feature", "properties": { "station_name_original": "Cangzhouxi", "osmid": 8927836153, "english_name": "Cangzhou West Railway Station", "city": "Cangzhou", "province": "Hebei", "zh_name": "沧州西", "name": "沧州西", "name:en": "Cangzhouxi", "splitted": null, "degree": 6, "pop": 5822026.0, "capacity": 11, "rain": 0.0 }, "geometry": { "type": "Point", "coordinates": [ 116.761962700000012, 38.3062792 ] } },
{ "type": "Feature", "properties": { "station_name_original": "Quzhou", "osmid": 1584384382, "english_name": "Quzhou Railway Station", "city": "Quzhou", "province": "Zhejiang", "zh_name": "衢州", "name": "衢州", "name:en": "Quzhou", "splitted": null, "degree": 9, "pop": 886521.38, "capacity": 12, "rain": 0.0 }, "geometry": { "type": "Point", "coordinates": [ 118.8761197, 28.9270213 ] } },
{ "type": "Feature", "properties": { "station_name_original": "Changchunxi", "osmid": 9507383335, "english_name": "Changchun West Railway Station", "city": "Changchun", "province": "Jilin", "zh_name": null, "name": "长春西", "name:en": null, "splitted": null, "degree": 12, "pop": 2246086.2, "capacity": 10, "rain": 0.0 }, "geometry": { "type": "Point", "coordinates": [ 125.193904100000012, 43.8749384 ] } },
{ "type": "Feature", "properties": { "station_name_original": "Shaoxingbei", "osmid": 11778282947, "english_name": "Shaoxing North Railway Station", "city": "Shaoxing", "province": "Zhejiang", "zh_name": "绍兴北", "name": "绍兴北站", "name:en": "Shaoxing North Railway Station", "splitted": null, "degree": 4, "pop": 2865264.8, "capacity": 14, "rain": 0.0 }, "geometry": { "type": "Point", "coordinates": [ 120.53198780000001, 30.1014083 ] } },
{ "type": "Feature", "properties": { "station_name_original": "Huashanbei", "osmid": 5315070687, "english_name": "Huashan North Railway Station", "city": "Huayin", "province": "Shaanxi", "zh_name": "华山北", "name": "华山北", "name:en": "Huashan North", "splitted": null, "degree": 6, "pop": 2639964.0, "capacity": 14, "rain": 0.0 }, "geometry": { "type": "Point", "coordinates": [ 110.0930339, 34.5832012 ] } },
{ "type": "Feature", "properties": { "station_name_original": "Suzhoudong", "osmid": 7733885003, "english_name": "Suzhou East Railway Station", "city": "Suzhou", "province": "Jiangsu", "zh_name": "苏州东", "name": "宿州东", "name:en": "Suzhoudong", "splitted": null, "degree": 8, "pop": 2564302.2, "capacity": 11, "rain": 0.0 }, "geometry": { "type": "Point", "coordinates": [ 117.2458282, 33.6772426 ] } },
{ "type": "Feature", "properties": { "station_name_original": "Tahexi", "osmid": 8401357510, "english_name": "Tahe West Railway Station", "city": "Tahe", "province": "Heilongjiang", "zh_name": null, "name": "漯河西", "name:en": null, "splitted": null, "degree": 7, "pop": 3215439.0, "capacity": 12, "rain": 0.0 }, "geometry": { "type": "Point", "coordinates": [ 113.9575982, 33.5743677 ] } },
{ "type": "Feature", "properties": { "station_name_original": "Zhenjiangnan", "osmid": 9262932760, "english_name": "Zhenjiang South Railway Station", "city": "Zhenjiang", "province": "Jiangsu", "zh_name": "镇江南", "name": "镇江南", "name:en": null, "splitted": null, "degree": 7, "pop": 446224.94, "capacity": 13, "rain": 0.0 }, "geometry": { "type": "Point", "coordinates": [ 119.4186399, 32.1544439 ] } },
{ "type": "Feature", "properties": { "station_name_original": "Kunmingnan", "osmid": 13536003776, "english_name": "Kunming South Railway Station", "city": "Kunming", "province": "Yunnan", "zh_name": "昆明南", "name": "昆明南火车站", "name:en": "Kunming South Railway Station", "splitted": null, "degree": 6, "pop": 8861110.0, "capacity": 9, "rain": 0.0 }, "geometry": { "type": "Point", "coordinates": [ 102.859452100000013, 24.8729985 ] } },
{ "type": "Feature", "properties": { "station_name_original": "Fuzhou", "osmid": 9157637252, "english_name": "Fuzhou Railway Station", "city": "Fuzhou", "province": "Fujian", "zh_name": "福州", "name": "福州火车站", "name:en": "Fuzhou Railway Station", "splitted": null, "degree": 18, "pop": 3087301.5, "capacity": 8, "rain": 0.0 }, "geometry": { "type": "Point", "coordinates": [ 119.3134033, 26.1158714 ] } },
{ "type": "Feature", "properties": { "station_name_original": "Dalianbei", "osmid": 9006301318, "english_name": "Dalian North Railway Station", "city": "Dalian", "province": "Liaoning", "zh_name": "大连北", "name": "大连北站", "name:en": "Dalian North Railway Station", "splitted": null, "degree": 9, "pop": 2435640.8, "capacity": 6, "rain": 0.0 }, "geometry": { "type": "Point", "coordinates": [ 121.6028243, 39.014008 ] } },
{ "type": "Feature", "properties": { "station_name_original": "Nanjing", "osmid": 7996694669, "english_name": "Nanjing Railway Station", "city": "Nanjing", "province": "Jiangsu", "zh_name": "南京", "name": "南京站", "name:en": "Nanjing Railway Station", "splitted": null, "degree": 10, "pop": 3297651.2, "capacity": 6, "rain": 0.0 }, "geometry": { "type": "Point", "coordinates": [ 118.791489700000014, 32.0890359 ] } },
{ "type": "Feature", "properties": { "station_name_original": "Zhongqingxi", "osmid": 6897948461, "english_name": "Chongqing West Railway Station", "city": "Chongqing", "province": "Chongqing", "zh_name": "重庆西", "name": "重庆西站", "name:en": "Chongqing West Railway Station", "splitted": null, "degree": 18, "pop": 1932396.0, "capacity": 8, "rain": 0.0 }, "geometry": { "type": "Point", "coordinates": [ 106.435284900000013, 29.5026929 ] } },
{ "type": "Feature", "properties": { "station_name_original": "Shangqiu", "osmid": 1775221285, "english_name": "Shangqiu Railway Station", "city": "Shangqiu", "province": "Henan", "zh_name": "商丘", "name": "商丘", "name:en": "Shangqiu", "splitted": null, "degree": 12, "pop": 3929579.2, "capacity": 11, "rain": 0.0 }, "geometry": { "type": "Point", "coordinates": [ 115.6518561, 34.4460585 ] } },
{ "type": "Feature", "properties": { "station_name_original": "Xianningbei", "osmid": 8396912405, "english_name": "Xianning North Railway Station", "city": "Xianning", "province": "Hubei", "zh_name": "咸宁北", "name": "咸宁北", "name:en": null, "splitted": null, "degree": 5, "pop": 1604092.9, "capacity": 14, "rain": 0.0 }, "geometry": { "type": "Point", "coordinates": [ 114.295846200000014, 29.901612 ] } },
{ "type": "Feature", "properties": { "station_name_original": "Yichun", "osmid": 2453762119, "english_name": "Yichun Railway Station", "city": "Yichun", "province": "Jiangxi", "zh_name": "宜春", "name": "宜春", "name:en": "Yichun", "splitted": null, "degree": 6, "pop": 1862060.0, "capacity": 11, "rain": 0.0 }, "geometry": { "type": "Point", "coordinates": [ 114.431538300000014, 27.7915494 ] } },
{ "type": "Feature", "properties": { "station_name_original": "Tangshan", "osmid": 7783472725, "english_name": "Tangshan Railway Station", "city": "Tangshan", "province": "Hebei", "zh_name": "唐山", "name": "唐山", "name:en": "Tangshan", "splitted": null, "degree": 11, "pop": 5219762.5, "capacity": 10, "rain": 0.0 }, "geometry": { "type": "Point", "coordinates": [ 118.1116984, 39.6242388 ] } },
{ "type": "Feature", "properties": { "station_name_original": "Zhuji", "osmid": 1579354030, "english_name": "Zhuji Railway Station", "city": "Zhuji", "province": "Zhejiang", "zh_name": "诸暨", "name": "诸暨", "name:en": "Zhuji", "splitted": null, "degree": 4, "pop": 1275169.8, "capacity": 11, "rain": 0.0 }, "geometry": { "type": "Point", "coordinates": [ 120.1805427, 29.7296617 ] } },
{ "type": "Feature", "properties": { "station_name_original": "Huangshanbei", "osmid": 3656291049, "english_name": "Huangshan North Railway Station", "city": "Huangshan", "province": "Anhui", "zh_name": "黄山北", "name": "黄山北", "name:en": "Huangshanbei", "splitted": null, "degree": 9, "pop": 901177.62, "capacity": 9, "rain": 0.0 }, "geometry": { "type": "Point", "coordinates": [ 118.2673395, 29.8183365 ] } },
{ "type": "Feature", "properties": { "station_name_original": "Zhuzhouxi", "osmid": 8393702264, "english_name": "Zhuzhou West Railway Station", "city": "Zhuzhou", "province": "Hunan", "zh_name": "株洲西", "name": "株洲西", "name:en": "Zhuzhouxi", "splitted": null, "degree": 7, "pop": 2291212.8, "capacity": 12, "rain": 0.0 }, "geometry": { "type": "Point", "coordinates": [ 113.0628364, 27.7939475 ] } },
{ "type": "Feature", "properties": { "station_name_original": "Sipingdong", "osmid": 2155516446, "english_name": "Siping East Railway Station", "city": "Siping", "province": "Jilin", "zh_name": "四平东", "name": "四平东", "name:en": "Siping East", "splitted": null, "degree": 8, "pop": 1878981.4, "capacity": 10, "rain": 0.0 }, "geometry": { "type": "Point", "coordinates": [ 124.432895800000011, 43.1358406 ] } },
{ "type": "Feature", "properties": { "station_name_original": "Anyangdong", "osmid": 8397056467, "english_name": "Anyang East Railway Station", "city": "Anyang", "province": "Henan", "zh_name": "安阳东", "name": "安阳东", "name:en": null, "splitted": null, "degree": 7, "pop": 8658703.0, "capacity": 12, "rain": 0.0 }, "geometry": { "type": "Point", "coordinates": [ 114.44795830000001, 36.0841487 ] } },
{ "type": "Feature", "properties": { "station_name_original": "Zhenjiang", "osmid": 1971813821, "english_name": "Zhenjiang Railway Station", "city": "Zhenjiang", "province": "Jiangsu", "zh_name": "镇江", "name": "镇江", "name:en": "Zhenjiang", "splitted": null, "degree": 8, "pop": 3983048.5, "capacity": 11, "rain": 0.0 }, "geometry": { "type": "Point", "coordinates": [ 119.426989, 32.1996564 ] } },
{ "type": "Feature", "properties": { "station_name_original": "Danyang", "osmid": 267224937, "english_name": "Danyang Railway Station", "city": "Danyang", "province": "Jiangsu", "zh_name": "丹阳", "name": "丹阳", "name:en": "Danyang", "splitted": null, "degree": 8, "pop": 969537.88, "capacity": 8, "rain": 0.0 }, "geometry": { "type": "Point", "coordinates": [ 119.588523900000013, 32.0039885 ] } },
{ "type": "Feature", "properties": { "station_name_original": "Tianjinnan", "osmid": 10589687035, "english_name": "Tianjin South Railway Station", "city": "Tianjin", "province": "Tianjin", "zh_name": "天津南", "name": "天津南", "name:en": "Tianjinnan", "splitted": null, "degree": 6, "pop": 1496488.0, "capacity": 13, "rain": 0.0 }, "geometry": { "type": "Point", "coordinates": [ 117.0545009, 39.0561008 ] } },
{ "type": "Feature", "properties": { "station_name_original": "Jinan", "osmid": 269797019, "english_name": "Jinan Railway Station", "city": "Jinan", "province": "Shandong", "zh_name": "济南", "name": "济南", "name:en": "Jinan", "splitted": null, "degree": 10, "pop": 1440247.5, "capacity": 9, "rain": 0.0 }, "geometry": { "type": "Point", "coordinates": [ 116.9851524, 36.6708478 ] } },
{ "type": "Feature", "properties": { "station_name_original": "Jinandong", "osmid": 9165248370, "english_name": "Jinan East Railway Station", "city": "Jinan", "province": "Shandong", "zh_name": "济南东", "name": "济南东站", "name:en": "Jinandong Railway Station", "splitted": null, "degree": 11, "pop": 1756490.8, "capacity": 8, "rain": 0.0 }, "geometry": { "type": "Point", "coordinates": [ 117.1536466, 36.7456724 ] } },
{ "type": "Feature", "properties": { "station_name_original": "Xingtaidong", "osmid": 2753117299, "english_name": "Xingtai East Railway Station", "city": "Xingtai", "province": "Hebei", "zh_name": "邢台东", "name": "邢台东", "name:en": "Xingtai East", "splitted": null, "degree": 7, "pop": 4747364.0, "capacity": 12, "rain": 0.0 }, "geometry": { "type": "Point", "coordinates": [ 114.5859458, 37.0914333 ] } },
{ "type": "Feature", "properties": { "station_name_original": "Kailinan", "osmid": 2953809299, "english_name": "Kaili South Railway Station", "city": "Kaili", "province": "Guizhou", "zh_name": "凯里南", "name": "凯里南", "name:en": "Kaili South", "splitted": null, "degree": 8, "pop": 1439469.0, "capacity": 10, "rain": 0.0 }, "geometry": { "type": "Point", "coordinates": [ 107.8837989, 26.517651 ] } },
{ "type": "Feature", "properties": { "station_name_original": "Qujingbei", "osmid": 7704087889, "english_name": "Qujing North Railway Station", "city": "Qujing", "province": "Yunnan", "zh_name": "曲靖北", "name": "曲靖北", "name:en": "Qujingbei", "splitted": null, "degree": 8, "pop": 4415213.0, "capacity": 8, "rain": 0.0 }, "geometry": { "type": "Point", "coordinates": [ 103.78063, 25.5928432 ] } },
{ "type": "Feature", "properties": { "station_name_original": "Qinhuangdao", "osmid": 3523553900, "english_name": "Qinhuangdao Railway Station", "city": "Qinhuangdao", "province": "Hebei", "zh_name": "秦皇岛", "name": "秦皇岛", "name:en": "Qinhuangdao", "splitted": null, "degree": 9, "pop": 1152435.2, "capacity": 9, "rain": 0.0 }, "geometry": { "type": "Point", "coordinates": [ 119.586319100000011, 39.9648614 ] } },
{ "type": "Feature", "properties": { "station_name_original": "Weifang", "osmid": 6210210278, "english_name": "Weifang Railway Station", "city": "Weifang", "province": "Shandong", "zh_name": "潍坊", "name": "潍坊", "name:en": "Weifang", "splitted": null, "degree": 10, "pop": 2481211.5, "capacity": 8, "rain": 0.0 }, "geometry": { "type": "Point", "coordinates": [ 119.091531300000014, 36.6961413 ] } },
{ "type": "Feature", "properties": { "station_name_original": "Zibo", "osmid": 6216630894, "english_name": "Zibo Railway Station", "city": "Zibo", "province": "Shandong", "zh_name": "淄博", "name": "淄博", "name:en": "Zibo", "splitted": null, "degree": 5, "pop": 2324104.2, "capacity": 8, "rain": 0.0 }, "geometry": { "type": "Point", "coordinates": [ 118.0503244, 36.7868463 ] } },
{ "type": "Feature", "properties": { "station_name_original": "Yuyaobei", "osmid": 7714110163, "english_name": "Yuyao North Railway Station", "city": "Yuyao", "province": "Zhejiang", "zh_name": "余姚北", "name": "余姚北", "name:en": "Yuyaobei", "splitted": null, "degree": 5, "pop": 2757318.5, "capacity": 10, "rain": 0.0 }, "geometry": { "type": "Point", "coordinates": [ 121.163712100000012, 30.1008272 ] } },
{ "type": "Feature", "properties": { "station_name_original": "Zaozhuang", "osmid": 3163707180, "english_name": "Zaozhuang Railway Station", "city": "Zaozhuang", "province": "Shandong", "zh_name": null, "name": "枣庄", "name:en": "Zaozhuang", "splitted": null, "degree": 9, "pop": 3326665.0, "capacity": 9, "rain": 0.0 }, "geometry": { "type": "Point", "coordinates": [ 117.300373400000012, 34.7818841 ] } },
{ "type": "Feature", "properties": { "station_name_original": "Jinhuanan", "osmid": 13595801224, "english_name": "Jinhua South Railway Station", "city": "Jinhua", "province": "Zhejiang", "zh_name": "金华南", "name": "金华南站", "name:en": "Jinhuanan Railway Station", "splitted": null, "degree": 9, "pop": 465035.56, "capacity": 7, "rain": 0.0 }, "geometry": { "type": "Point", "coordinates": [ 119.732117, 29.1175218 ] } },
{ "type": "Feature", "properties": { "station_name_original": "Chuzhou", "osmid": 7733885002, "english_name": "Chuzhou Railway Station", "city": "Chuzhou", "province": "Anhui", "zh_name": "滁州", "name": "滁州", "name:en": "Chuzhou", "splitted": null, "degree": 8, "pop": 1320060.5, "capacity": 12, "rain": 0.0 }, "geometry": { "type": "Point", "coordinates": [ 118.3149427, 32.1999745 ] } },
{ "type": "Feature", "properties": { "station_name_original": "Qingdaobei", "osmid": 8989474527, "english_name": "Qingdao North Railway Station", "city": "Qingdao", "province": "Shandong", "zh_name": "青岛北", "name": "青岛北站", "name:en": "Qingdao North Railway Station", "splitted": null, "degree": 11, "pop": 2455576.8, "capacity": 8, "rain": 0.0 }, "geometry": { "type": "Point", "coordinates": [ 120.372227400000014, 36.1693607 ] } },
{ "type": "Feature", "properties": { "station_name_original": "Xinyubei", "osmid": 2452993355, "english_name": "Xinyu North Railway Station", "city": "Xinyu", "province": "Jiangxi", "zh_name": "新余北", "name": "新余北", "name:en": "Xinyu North", "splitted": null, "degree": 5, "pop": 1665747.5, "capacity": 13, "rain": 0.0 }, "geometry": { "type": "Point", "coordinates": [ 114.8913261, 27.915231 ] } },
{ "type": "Feature", "properties": { "station_name_original": "Xinxiangdong", "osmid": 2477368510, "english_name": "Xinxiang East Railway Station", "city": "Xinxiang", "province": "Henan", "zh_name": "新乡东", "name": "新乡东", "name:en": "Xinxiang East", "splitted": null, "degree": 7, "pop": 3965662.2, "capacity": 10, "rain": 0.0 }, "geometry": { "type": "Point", "coordinates": [ 113.9729327, 35.3147084 ] } },
{ "type": "Feature", "properties": { "station_name_original": "Liyang", "osmid": 3411457487, "english_name": "Liyang Railway Station", "city": "Liyang", "province": "Jiangsu", "zh_name": "溧阳", "name": "溧阳", "name:en": "Liyang Railway Station", "splitted": null, "degree": 8, "pop": 1566770.9, "capacity": 7, "rain": 0.0 }, "geometry": { "type": "Point", "coordinates": [ 119.49768250000001, 31.3879622 ] } },
{ "type": "Feature", "properties": { "station_name_original": "Yongkangnan", "osmid": 3469247632, "english_name": "Yongkang South Railway Station", "city": "Yongkang", "province": "Zhejiang", "zh_name": "永康南", "name": "永康南", "name:en": "Yongkangnan", "splitted": null, "degree": 6, "pop": 1300163.6, "capacity": 8, "rain": 0.0 }, "geometry": { "type": "Point", "coordinates": [ 120.01924, 28.853576 ] } },
{ "type": "Feature", "properties": { "station_name_original": "Anshanxi", "osmid": 6179162252, "english_name": "Anshan West Railway Station", "city": "Anshan", "province": "Liaoning", "zh_name": "鞍山西", "name": "鞍山西", "name:en": "Anshanxi", "splitted": null, "degree": 11, "pop": 1747240.4, "capacity": 9, "rain": 0.0 }, "geometry": { "type": "Point", "coordinates": [ 122.9089799, 41.1164154 ] } },
{ "type": "Feature", "properties": { "station_name_original": "Taizhou", "osmid": 10120263938, "english_name": "Taizhou Railway Station", "city": "Taizhou", "province": "Jiangsu", "zh_name": "泰州", "name": "台州火车站", "name:en": "Taizhou Railway Station", "splitted": null, "degree": 9, "pop": 2233811.5, "capacity": 7, "rain": 0.0 }, "geometry": { "type": "Point", "coordinates": [ 121.368981600000012, 28.6558954 ] } },
{ "type": "Feature", "properties": { "station_name_original": "Jinyunxi", "osmid": 7705042791, "english_name": "Jinyun West Railway Station", "city": "Jinyun", "province": "Zhejiang", "zh_name": "缙云西", "name": "缙云西", "name:en": null, "splitted": null, "degree": 6, "pop": 1155022.0, "capacity": 9, "rain": 0.0 }, "geometry": { "type": "Point", "coordinates": [ 120.0504827, 28.6802532 ] } },
{ "type": "Feature", "properties": { "station_name_original": "Anshunxi", "osmid": 2874016753, "english_name": "Anshun West Railway Station", "city": "Anshun", "province": "Guizhou", "zh_name": "安顺西", "name": "安顺西", "name:en": "Anshunxi", "splitted": null, "degree": 8, "pop": 1883390.4, "capacity": 9, "rain": 0.0 }, "geometry": { "type": "Point", "coordinates": [ 105.8723451, 26.2021337 ] } },
{ "type": "Feature", "properties": { "station_name_original": "Zibobei", "osmid": 9255881284, "english_name": "Zibo North Railway Station", "city": "Zibo", "province": "Shandong", "zh_name": "淄博北", "name": "淄博北", "name:en": null, "splitted": null, "degree": 6, "pop": 2861455.5, "capacity": 9, "rain": 0.0 }, "geometry": { "type": "Point", "coordinates": [ 118.020448800000011, 36.8952457 ] } },
{ "type": "Feature", "properties": { "station_name_original": "Weifangbei", "osmid": 6210230208, "english_name": "Weifang North Railway Station", "city": "Weifang", "province": "Shandong", "zh_name": "潍坊北", "name": "潍坊北", "name:en": "Weifangbei", "splitted": null, "degree": 14, "pop": 1489949.1, "capacity": 8, "rain": 0.0 }, "geometry": { "type": "Point", "coordinates": [ 119.189423600000012, 36.7957983 ] } },
{ "type": "Feature", "properties": { "station_name_original": "Hebidong", "osmid": 8401357511, "english_name": "Hebi East Railway Station", "city": "Hebi", "province": "Henan", "zh_name": "鹤壁东", "name": "鹤壁东", "name:en": null, "splitted": null, "degree": 7, "pop": 3716657.0, "capacity": 11, "rain": 0.0 }, "geometry": { "type": "Point", "coordinates": [ 114.2943925, 35.7060551 ] } },
{ "type": "Feature", "properties": { "station_name_original": "Haerbinxi", "osmid": 2155516551, "english_name": "Harbin West Railway Station", "city": "Harbin", "province": "Heilongjiang", "zh_name": "哈尔滨西", "name": "哈尔滨西", "name:en": "Harbin West", "splitted": null, "degree": 10, "pop": 1854124.6, "capacity": 7, "rain": 0.0 }, "geometry": { "type": "Point", "coordinates": [ 126.572324200000011, 45.7051442 ] } },
{ "type": "Feature", "properties": { "station_name_original": "Shenyangnan", "osmid": 11224048736, "english_name": "Shenyang South Railway Station", "city": "Shenyang", "province": "Liaoning", "zh_name": "沈阳南", "name": "沈阳南站", "name:en": "Shenyang South Railway Station", "splitted": null, "degree": 9, "pop": 1126022.5, "capacity": 7, "rain": 16.026072678260192 }, "geometry": { "type": "Point", "coordinates": [ 123.403343, 41.6658837 ] } },
{ "type": "Feature", "properties": { "station_name_original": "Yingkoudong", "osmid": 2681224174, "english_name": "Yingkou East Railway Station", "city": "Yingkou", "province": "Liaoning", "zh_name": "营口东", "name": "营口东", "name:en": "Yingkoudong", "splitted": null, "degree": 14, "pop": 1297046.8, "capacity": 7, "rain": 0.0 }, "geometry": { "type": "Point", "coordinates": [ 122.4233576, 40.6235784 ] } },
{ "type": "Feature", "properties": { "station_name_original": "Xuchangdong", "osmid": 8093975737, "english_name": "Xuchang East Railway Station", "city": "Xuchang", "province": "Henan", "zh_name": null, "name": "许昌东", "name:en": null, "splitted": null, "degree": 7, "pop": 1401012.6, "capacity": 7, "rain": 0.0 }, "geometry": { "type": "Point", "coordinates": [ 113.8820189, 34.0500015 ] } },
{ "type": "Feature", "properties": { "station_name_original": "Liaoyang", "osmid": 1609370268, "english_name": "Liaoyang Railway Station", "city": "Liaoyang", "province": "Liaoning", "zh_name": "辽阳", "name": "辽阳", "name:en": "Liaoyang", "splitted": null, "degree": 9, "pop": 1372576.5, "capacity": 9, "rain": 16.261358322158035 }, "geometry": { "type": "Point", "coordinates": [ 123.163096900000014, 41.2795739 ] } },
{ "type": "Feature", "properties": { "station_name_original": "Xiangtanbei", "osmid": 11016535640, "english_name": "Xiangtan North Railway Station", "city": "Xiangtan", "province": "Hunan", "zh_name": "湘潭北", "name": "湘潭北站", "name:en": "Xiangtan North Railway Station", "splitted": null, "degree": 6, "pop": 1417121.6, "capacity": 12, "rain": 0.0 }, "geometry": { "type": "Point", "coordinates": [ 112.937838, 27.9669503 ] } },
{ "type": "Feature", "properties": { "station_name_original": "Shaoyang", "osmid": 7263485691, "english_name": "Shaoyang Railway Station", "city": "Shaoyang", "province": "Hunan", "zh_name": "邵阳", "name": "邵阳", "name:en": "Shaoyang", "splitted": null, "degree": 9, "pop": 1375396.0, "capacity": 6, "rain": 0.0 }, "geometry": { "type": "Point", "coordinates": [ 111.455578, 27.2158703 ] } },
{ "type": "Feature", "properties": { "station_name_original": "Deqing", "osmid": 7342323559, "english_name": "Deqing Railway Station", "city": "Deqing", "province": "Zhejiang", "zh_name": "德清", "name": "德清", "name:en": null, "splitted": null, "degree": 6, "pop": 1205287.2, "capacity": 7, "rain": 0.0 }, "geometry": { "type": "Point", "coordinates": [ 120.05682010000001, 30.5470252 ] } },
{ "type": "Feature", "properties": { "station_name_original": "Shanhaiguan", "osmid": 7809638499, "english_name": "Shanhaiguan Railway Station", "city": "Qinhuangdao", "province": "Hebei", "zh_name": "山海关", "name": "山海关", "name:en": "Shanhaiguan", "splitted": null, "degree": 11, "pop": 254467.0, "capacity": 9, "rain": 0.0 }, "geometry": { "type": "Point", "coordinates": [ 119.7619035, 39.9985987 ] } },
{ "type": "Feature", "properties": { "station_name_original": "Tongxiang", "osmid": 7160108924, "english_name": "Tongxiang Railway Station", "city": "Tongxiang", "province": "Zhejiang", "zh_name": "桐乡", "name": "桐乡", "name:en": null, "splitted": null, "degree": 8, "pop": 1851911.1, "capacity": 5, "rain": 0.0 }, "geometry": { "type": "Point", "coordinates": [ 120.5636403, 30.5395874 ] } },
{ "type": "Feature", "properties": { "station_name_original": "Changxing", "osmid": 7342299449, "english_name": "Changxing Railway Station", "city": "Changxing", "province": "Zhejiang", "zh_name": "长兴", "name": "长兴", "name:en": null, "splitted": null, "degree": 7, "pop": 572303.25, "capacity": 7, "rain": 0.0 }, "geometry": { "type": "Point", "coordinates": [ 119.9706148, 31.0440015 ] } },
{ "type": "Feature", "properties": { "station_name_original": "Weinanbei", "osmid": 4610089689, "english_name": "Weinan North Railway Station", "city": "Weinan", "province": "Shaanxi", "zh_name": "渭南北", "name": "渭南北", "name:en": "Weinan North", "splitted": null, "degree": 7, "pop": 4138429.0, "capacity": 7, "rain": 0.0 }, "geometry": { "type": "Point", "coordinates": [ 109.4758783, 34.5368984 ] } },
{ "type": "Feature", "properties": { "station_name_original": "Qingdao", "osmid": 12438289316, "english_name": "Qingdao Railway Station", "city": "Qingdao", "province": "Shandong", "zh_name": "青岛", "name": "青岛站", "name:en": "Qingdao Railway Station", "splitted": null, "degree": 5, "pop": 1763985.5, "capacity": 4, "rain": 0.0 }, "geometry": { "type": "Point", "coordinates": [ 120.309791600000011, 36.0637561 ] } },
{ "type": "Feature", "properties": { "station_name_original": "Panzhou", "osmid": 3328330805, "english_name": "Panzhou Railway Station", "city": "Panzhou", "province": "Guizhou", "zh_name": "盘州", "name": "盘州", "name:en": "Panzhou", "splitted": null, "degree": 8, "pop": 1823256.5, "capacity": 7, "rain": 0.0 }, "geometry": { "type": "Point", "coordinates": [ 104.5665842, 25.7946763 ] } },
{ "type": "Feature", "properties": { "station_name_original": "Sanmenxianan", "osmid": 5128985378, "english_name": "Sanmenxia South Railway Station", "city": "Sanmenxia", "province": "Henan", "zh_name": "三门峡南", "name": "三门峡南", "name:en": "Sanmenxianan", "splitted": null, "degree": 8, "pop": 927219.19, "capacity": 6, "rain": 0.0 }, "geometry": { "type": "Point", "coordinates": [ 111.1542177, 34.7495864 ] } },
{ "type": "Feature", "properties": { "station_name_original": "Tielingxi", "osmid": 9507383336, "english_name": "Tieling West Railway Station", "city": "Tieling", "province": "Liaoning", "zh_name": "铁岭西", "name": "铁岭西", "name:en": null, "splitted": null, "degree": 7, "pop": 1959688.4, "capacity": 8, "rain": 0.0 }, "geometry": { "type": "Point", "coordinates": [ 123.666388500000011, 42.2310275 ] } },
{ "type": "Feature", "properties": { "station_name_original": "Taiyuannan", "osmid": 1880719610, "english_name": "Taiyuan South Railway Station", "city": "Taiyuan", "province": "Shanxi", "zh_name": "太原南", "name": "太原南", "name:en": "Taiyuannan", "splitted": null, "degree": 9, "pop": 4882582.0, "capacity": 6, "rain": 0.0 }, "geometry": { "type": "Point", "coordinates": [ 112.6048147, 37.7913265 ] } },
{ "type": "Feature", "properties": { "station_name_original": "Hankou", "osmid": 2492403981, "english_name": "Hankou Railway Station", "city": "Wuhan", "province": "Hubei", "zh_name": null, "name": "汉口", "name:en": "Hankou", "splitted": null, "degree": 17, "pop": 6263916.0, "capacity": 6, "rain": 0.0 }, "geometry": { "type": "Point", "coordinates": [ 114.2494144, 30.6216514 ] } },
{ "type": "Feature", "properties": { "station_name_original": "Chaoshan", "osmid": 5951170198, "english_name": "Chaoshan Railway Station", "city": "Jieyang", "province": "Guangdong", "zh_name": "潮汕", "name": "潮汕", "name:en": "Chaoshan", "splitted": null, "degree": 16, "pop": 1677235.1, "capacity": 7, "rain": 0.0 }, "geometry": { "type": "Point", "coordinates": [ 116.5828304, 23.5424042 ] } },
{ "type": "Feature", "properties": { "station_name_original": "Shamenbei", "osmid": 4525554463, "english_name": "Xiamen North Railway Station", "city": "Xiamen", "province": "Fujian", "zh_name": "厦门北", "name": "厦门北站", "name:en": "Xiamen North Railway Station", "splitted": null, "degree": 10, "pop": 2746471.5, "capacity": 5, "rain": 0.0 }, "geometry": { "type": "Point", "coordinates": [ 118.068322200000011, 24.6400179 ] } },
{ "type": "Feature", "properties": { "station_name_original": "Boyuquan", "osmid": 4391476630, "english_name": "Boyuquan Railway Station", "city": "Gongzhuling", "province": "Jilin", "zh_name": null, "name": "鲅鱼圈", "name:en": "Bayuquan", "splitted": null, "degree": 12, "pop": 791867.0, "capacity": 9, "rain": 0.0 }, "geometry": { "type": "Point", "coordinates": [ 122.089884700000013, 40.1865964 ] } },
{ "type": "Feature", "properties": { "station_name_original": "Qiandaohu", "osmid": 5907965300, "english_name": "Qiandao Lake Railway Station", "city": "Chun'an", "province": "Zhejiang", "zh_name": "千岛湖", "name": "千岛湖", "name:en": "Qiandaohu", "splitted": null, "degree": 7, "pop": 351568.06, "capacity": 5, "rain": 0.0 }, "geometry": { "type": "Point", "coordinates": [ 119.1868632, 29.7377193 ] } },
{ "type": "Feature", "properties": { "station_name_original": "Tongrennan", "osmid": 2953807111, "english_name": "Tongren South Railway Station", "city": "Tongren", "province": "Guizhou", "zh_name": "铜仁南", "name": "铜仁南", "name:en": "Tongrennan", "splitted": null, "degree": 9, "pop": 768628.19, "capacity": 7, "rain": 0.0 }, "geometry": { "type": "Point", "coordinates": [ 108.971310100000011, 27.2824472 ] } },
{ "type": "Feature", "properties": { "station_name_original": "Qingtian", "osmid": 7702364114, "english_name": "Qingtian Railway Station", "city": "Qingtian", "province": "Zhejiang", "zh_name": "青田", "name": "青田", "name:en": null, "splitted": null, "degree": 2, "pop": 1012982.8, "capacity": 5, "rain": 0.0 }, "geometry": { "type": "Point", "coordinates": [ 120.275622, 28.1400241 ] } },
{ "type": "Feature", "properties": { "station_name_original": "Wuyishandong", "osmid": 7252546318, "english_name": "Wuyishan East Railway Station", "city": "Wuyishan", "province": "Fujian", "zh_name": null, "name": "武夷山", "name:en": null, "splitted": null, "degree": 12, "pop": 360804.19, "capacity": 12, "rain": 0.0 }, "geometry": { "type": "Point", "coordinates": [ 118.0254739, 27.7328587 ] } },
{ "type": "Feature", "properties": { "station_name_original": "Kaifengbei", "osmid": 6736774928, "english_name": "Kaifeng North Railway Station", "city": "Kaifeng", "province": "Henan", "zh_name": "开封北", "name": "开封北", "name:en": "Kaifengbei", "splitted": null, "degree": 4, "pop": 2972917.2, "capacity": 5, "rain": 0.0 }, "geometry": { "type": "Point", "coordinates": [ 114.256050300000012, 34.8406362 ] } },
{ "type": "Feature", "properties": { "station_name_original": "Wuyibei", "osmid": 3469247631, "english_name": "Wuyi North Railway Station", "city": "Wuyi", "province": "Zhejiang", "zh_name": "武义北", "name": "武义北", "name:en": "Wuyi North", "splitted": null, "degree": 6, "pop": 433111.16, "capacity": 6, "rain": 0.0 }, "geometry": { "type": "Point", "coordinates": [ 119.8450172, 28.9855458 ] } },
{ "type": "Feature", "properties": { "station_name_original": "Tengzhoudong", "osmid": 9262897538, "english_name": "Tengzhou East Railway Station", "city": "Tengzhou", "province": "Shandong", "zh_name": "滕州东", "name": "滕州东", "name:en": "Tengzhoudong", "splitted": null, "degree": 8, "pop": 2413916.5, "capacity": 7, "rain": 0.0 }, "geometry": { "type": "Point", "coordinates": [ 117.2519476, 35.090955 ] } },
{ "type": "Feature", "properties": { "station_name_original": "Jinzhounan", "osmid": 8431451881, "english_name": "Jinzhou South Railway Station", "city": "Jinzhou", "province": "Liaoning", "zh_name": "锦州南", "name": "锦州南", "name:en": "Jinzhounan", "splitted": null, "degree": 12, "pop": 1617781.5, "capacity": 8, "rain": 0.0 }, "geometry": { "type": "Point", "coordinates": [ 121.1211616, 41.0144956 ] } },
{ "type": "Feature", "properties": { "station_name_original": "Guilinbei", "osmid": 2509040864, "english_name": "Guilin North Railway Station", "city": "Guilin", "province": "Guangxi", "zh_name": "桂林北", "name": "桂林北", "name:en": "Guilinbei", "splitted": null, "degree": 13, "pop": 463402.19, "capacity": 7, "rain": 0.0 }, "geometry": { "type": "Point", "coordinates": [ 110.2981859, 25.33146 ] } },
{ "type": "Feature", "properties": { "station_name_original": "Wuyuan", "osmid": 2517241085, "english_name": "Wuyuan Railway Station", "city": "Wuyuan", "province": "Jiangxi", "zh_name": null, "name": "婺源", "name:en": "Wuyuan", "splitted": null, "degree": 4, "pop": 350629.41, "capacity": 8, "rain": 0.0 }, "geometry": { "type": "Point", "coordinates": [ 117.8724329, 29.2421028 ] } },
{ "type": "Feature", "properties": { "station_name_original": "Neijiangbei", "osmid": 8869763827, "english_name": "Neijiang North Railway Station", "city": "Neijiang", "province": "Sichuan", "zh_name": "内江北", "name": "内江北", "name:en": "Neijiangbei", "splitted": null, "degree": 11, "pop": 2745104.0, "capacity": 6, "rain": 0.0 }, "geometry": { "type": "Point", "coordinates": [ 105.0822061, 29.6124023 ] } },
{ "type": "Feature", "properties": { "station_name_original": "Jixibei", "osmid": 9242148049, "english_name": "Jixi North Railway Station", "city": "Jixi", "province": "Anhui", "zh_name": "绩溪北", "name": "绩溪北", "name:en": "Jixibei", "splitted": null, "degree": 7, "pop": 202956.22, "capacity": 7, "rain": 0.0 }, "geometry": { "type": "Point", "coordinates": [ 118.56668470000001, 30.0737828 ] } },
{ "type": "Feature", "properties": { "station_name_original": "Jiangshan", "osmid": 9527101298, "english_name": "Jiangshan Railway Station", "city": "Jiangshan", "province": "Zhejiang", "zh_name": null, "name": "江山", "name:en": null, "splitted": null, "degree": 7, "pop": 1006637.7, "capacity": 4, "rain": 0.0 }, "geometry": { "type": "Point", "coordinates": [ 118.638953500000014, 28.775687 ] } },
{ "type": "Feature", "properties": { "station_name_original": "Huainandong", "osmid": 4530501190, "english_name": "Huainan East Railway Station", "city": "Huainan", "province": "Anhui", "zh_name": "淮南东", "name": "淮南东", "name:en": "Huainan East", "splitted": null, "degree": 5, "pop": 629002.25, "capacity": 5, "rain": 0.0 }, "geometry": { "type": "Point", "coordinates": [ 117.145096900000013, 32.6477164 ] } },
{ "type": "Feature", "properties": { "station_name_original": "Guangyuan", "osmid": 1532826989, "english_name": "Guangyuan Railway Station", "city": "Guangyuan", "province": "Sichuan", "zh_name": "广元", "name": "广元", "name:en": "Guangyuan", "splitted": null, "degree": 9, "pop": 938496.44, "capacity": 6, "rain": 0.0 }, "geometry": { "type": "Point", "coordinates": [ 105.8179671, 32.4526584 ] } },
{ "type": "Feature", "properties": { "station_name_original": "Hanzhong", "osmid": 9295305367, "english_name": "Hanzhong Railway Station", "city": "Hanzhong", "province": "Shaanxi", "zh_name": "汉中", "name": "汉中", "name:en": "Hanzhong", "splitted": null, "degree": 9, "pop": 1895703.5, "capacity": 7, "rain": 0.0 }, "geometry": { "type": "Point", "coordinates": [ 107.025522900000013, 33.0929325 ] } },
{ "type": "Feature", "properties": { "station_name_original": "Nanpingbei", "osmid": 7014731878, "english_name": "Nanping North Railway Station", "city": "Nanping", "province": "Fujian", "zh_name": null, "name": "延平", "name:en": "Yanping", "splitted": null, "degree": 8, "pop": 216945.48, "capacity": 9, "rain": 0.0 }, "geometry": { "type": "Point", "coordinates": [ 118.267951, 26.5938422 ] } },
{ "type": "Feature", "properties": { "station_name_original": "Changchun", "osmid": 9171411689, "english_name": "Changchun Railway Station", "city": "Changchun", "province": "Jilin", "zh_name": null, "name": "长春", "name:en": "Changchun", "splitted": null, "degree": 9, "pop": 3891850.8, "capacity": 6, "rain": 0.0 }, "geometry": { "type": "Point", "coordinates": [ 125.3177297, 43.9088384 ] } },
{ "type": "Feature", "properties": { "station_name_original": "Wenling", "osmid": 9894368699, "english_name": "Wenling Railway Station", "city": "Wenling", "province": "Zhejiang", "zh_name": "温岭", "name": "温岭火车站", "name:en": "Wenling Railway Station", "splitted": null, "degree": 8, "pop": 1807569.6, "capacity": 6, "rain": 0.0 }, "geometry": { "type": "Point", "coordinates": [ 121.3223666, 28.481971 ] } },
{ "type": "Feature", "properties": { "station_name_original": "Lankaonan", "osmid": 3311834108, "english_name": "Lankao South Railway Station", "city": "Lankao", "province": "Henan", "zh_name": "兰考南", "name": "兰考南", "name:en": "Lankao South station", "splitted": null, "degree": 6, "pop": 3853900.5, "capacity": 7, "rain": 0.0 }, "geometry": { "type": "Point", "coordinates": [ 114.8183029, 34.7720247 ] } },
{ "type": "Feature", "properties": { "station_name_original": "Wuhu", "osmid": 9235207765, "english_name": "Wuhu Railway Station", "city": "Wuhu", "province": "Anhui", "zh_name": null, "name": "芜湖", "name:en": "Wuhu", "splitted": null, "degree": 7, "pop": 1386786.9, "capacity": 4, "rain": 0.0 }, "geometry": { "type": "Point", "coordinates": [ 118.386001900000011, 31.349784 ] } },
{ "type": "Feature", "properties": { "station_name_original": "Liuan", "osmid": 5157242006, "english_name": "Lu'an Railway Station", "city": "Lu'an", "province": "Anhui", "zh_name": "六安", "name": "六安", "name:en": "Lu'an", "splitted": null, "degree": 6, "pop": 2662426.8, "capacity": 8, "rain": 0.0 }, "geometry": { "type": "Point", "coordinates": [ 116.494463700000011, 31.7169969 ] } },
{ "type": "Feature", "properties": { "station_name_original": "Jiashannan", "osmid": 8151012920, "english_name": "Jiashan South Railway Station", "city": "Jiashan", "province": "Zhejiang", "zh_name": "嘉善南", "name": "嘉善南", "name:en": "Jiashannan", "splitted": null, "degree": 6, "pop": 1474306.2, "capacity": 6, "rain": 0.0 }, "geometry": { "type": "Point", "coordinates": [ 120.9319236, 30.7901075 ] } },
{ "type": "Feature", "properties": { "station_name_original": "Maanshandong", "osmid": 3798940125, "english_name": "Ma'anshan East Railway Station", "city": "Ma'anshan", "province": "Anhui", "zh_name": "马鞍山东", "name": "马鞍山东", "name:en": "Maanshan East", "splitted": null, "degree": 4, "pop": 1042994.2, "capacity": 5, "rain": 0.0 }, "geometry": { "type": "Point", "coordinates": [ 118.5360598, 31.6945772 ] } },
{ "type": "Feature", "properties": { "station_name_original": "Jiande", "osmid": 5907965299, "english_name": "Jiande Railway Station", "city": "Jiande", "province": "Zhejiang", "zh_name": "建德", "name": "建德", "name:en": "Jiande", "splitted": null, "degree": 5, "pop": 381183.03, "capacity": 6, "rain": 0.0 }, "geometry": { "type": "Point", "coordinates": [ 119.4226795, 29.5752756 ] } },
{ "type": "Feature", "properties": { "station_name_original": "Quanjiao", "osmid": 5427515088, "english_name": "Quanjiao Railway Station", "city": "Quanjiao", "province": "Anhui", "zh_name": "全椒", "name": "全椒", "name:en": null, "splitted": null, "degree": 3, "pop": 455114.12, "capacity": 8, "rain": 0.0 }, "geometry": { "type": "Point", "coordinates": [ 118.277426, 32.0623412 ] } },
{ "type": "Feature", "properties": { "station_name_original": "Hainingxi", "osmid": 7161600097, "english_name": "Haining West Railway Station", "city": "Haining", "province": "Zhejiang", "zh_name": "海宁西", "name": "海宁西", "name:en": null, "splitted": null, "degree": 6, "pop": 1855205.1, "capacity": 5, "rain": 0.0 }, "geometry": { "type": "Point", "coordinates": [ 120.3875476, 30.44072 ] } },
{ "type": "Feature", "properties": { "station_name_original": "Langfang", "osmid": 7733885007, "english_name": "Langfang Railway Station", "city": "Langfang", "province": "Hebei", "zh_name": "廊坊", "name": "廊坊", "name:en": "Langfang", "splitted": null, "degree": 5, "pop": 4178879.0, "capacity": 5, "rain": 0.0 }, "geometry": { "type": "Point", "coordinates": [ 116.7029545, 39.5083948 ] } },
{ "type": "Feature", "properties": { "station_name_original": "Yongchuandong", "osmid": 3500459007, "english_name": "Yongchuan East Railway Station", "city": "Yongchuan", "province": "Chongqing", "zh_name": "永川东", "name": "永川东", "name:en": "Yongchuan East", "splitted": null, "degree": 10, "pop": 1924488.2, "capacity": 5, "rain": 0.0 }, "geometry": { "type": "Point", "coordinates": [ 105.9460461, 29.3743485 ] } },
{ "type": "Feature", "properties": { "station_name_original": "Shaodong", "osmid": 5559277115, "english_name": "Shaodong Railway Station", "city": "Shaodong", "province": "Hunan", "zh_name": "邵东", "name": "邵东", "name:en": "Shaodong", "splitted": null, "degree": 6, "pop": 872377.06, "capacity": 6, "rain": 0.0 }, "geometry": { "type": "Point", "coordinates": [ 111.742351, 27.2776417 ] } },
{ "type": "Feature", "properties": { "station_name_original": "Quanzhou", "osmid": 1879551038, "english_name": "Quanzhou Railway Station", "city": "Quanzhou", "province": "Fujian", "zh_name": "泉州", "name": "泉州", "name:en": "Quanzhou", "splitted": null, "degree": 11, "pop": 3420764.8, "capacity": 7, "rain": 0.0 }, "geometry": { "type": "Point", "coordinates": [ 118.5632413, 24.9759459 ] } },
{ "type": "Feature", "properties": { "station_name_original": "Xiaoxianbei", "osmid": 7232690208, "english_name": "Xiaoxian North Railway Station", "city": "Xiaoxian", "province": "Anhui", "zh_name": "萧县北", "name": "萧县北", "name:en": "Xiaoxianbei", "splitted": null, "degree": 8, "pop": 1088212.4, "capacity": 5, "rain": 0.0 }, "geometry": { "type": "Point", "coordinates": [ 116.9362396, 34.2378563 ] } },
{ "type": "Feature", "properties": { "station_name_original": "Tonglingbei", "osmid": 6239494589, "english_name": "Tongling North Railway Station", "city": "Tongling", "province": "Anhui", "zh_name": "铜陵北", "name": "铜陵北", "name:en": "Tonglingbei", "splitted": null, "degree": 10, "pop": 204463.0, "capacity": 6, "rain": 0.0 }, "geometry": { "type": "Point", "coordinates": [ 118.0160809, 31.0157065 ] } },
{ "type": "Feature", "properties": { "station_name_original": "Zunyi", "osmid": 3695331090, "english_name": "Zunyi Railway Station", "city": "Zunyi", "province": "Guizhou", "zh_name": "遵义", "name": "遵义", "name:en": "Zunyi", "splitted": null, "degree": 10, "pop": 2177121.0, "capacity": 5, "rain": 0.0 }, "geometry": { "type": "Point", "coordinates": [ 106.9443526, 27.6677199 ] } },
{ "type": "Feature", "properties": { "station_name_original": "Zhongqingbei", "osmid": 654769359, "english_name": "Chongqing North Railway Station", "city": "Chongqing", "province": "Chongqing", "zh_name": "重庆北", "name": "重庆北", "name:en": "Chongqingbei", "splitted": null, "degree": 14, "pop": 4235018.5, "capacity": 4, "rain": 0.0 }, "geometry": { "type": "Point", "coordinates": [ 106.5473156, 29.612241 ] } },
{ "type": "Feature", "properties": { "station_name_original": "Yongzhou", "osmid": 4359529805, "english_name": "Yongzhou Railway Station", "city": "Yongzhou", "province": "Hunan", "zh_name": "永州", "name": "永州", "name:en": "Yongzhou", "splitted": null, "degree": 5, "pop": 1709845.8, "capacity": 5, "rain": 0.0 }, "geometry": { "type": "Point", "coordinates": [ 111.5655253, 26.4576625 ] } },
{ "type": "Feature", "properties": { "station_name_original": "Chibibei", "osmid": 581776819, "english_name": "Chibi North Railway Station", "city": "Chibi", "province": "Hubei", "zh_name": "赤壁北", "name": "赤壁北", "name:en": "Chibibei", "splitted": null, "degree": 5, "pop": 2246401.2, "capacity": 5, "rain": 0.0 }, "geometry": { "type": "Point", "coordinates": [ 113.8946477, 29.739687 ] } },
{ "type": "Feature", "properties": { "station_name_original": "Yongchengbei", "osmid": 3311816585, "english_name": "Yongcheng North Railway Station", "city": "Yongcheng", "province": "Henan", "zh_name": "永城北", "name": "永城北", "name:en": null, "splitted": null, "degree": 6, "pop": 1540154.6, "capacity": 5, "rain": 0.0 }, "geometry": { "type": "Point", "coordinates": [ 116.515113, 34.2178054 ] } },
{ "type": "Feature", "properties": { "station_name_original": "Laiyang", "osmid": 582812682, "english_name": "Laiyang Railway Station", "city": "Laiyang", "province": "Shandong", "zh_name": "莱阳", "name": "莱阳", "name:en": "Láiyáng", "splitted": null, "degree": 12, "pop": 2238499.5, "capacity": 6, "rain": 0.0 }, "geometry": { "type": "Point", "coordinates": [ 120.7043187, 36.9275211 ] } },
{ "type": "Feature", "properties": { "station_name_original": "Mianyang", "osmid": 1742504939, "english_name": "Mianyang Railway Station", "city": "Mianyang", "province": "Sichuan", "zh_name": "绵阳", "name": "绵阳", "name:en": "Mianyang", "splitted": null, "degree": 8, "pop": 3012424.5, "capacity": 5, "rain": 0.0 }, "geometry": { "type": "Point", "coordinates": [ 104.714631, 31.4621298 ] } },
{ "type": "Feature", "properties": { "station_name_original": "Zhengzhou", "osmid": 2751210016, "english_name": "Zhengzhou Railway Station", "city": "Zhengzhou", "province": "Henan", "zh_name": "郑州", "name": "郑州火车站", "name:en": "Zhengzhou Railway Station", "splitted": null, "degree": 12, "pop": 5553577.0, "capacity": 7, "rain": 0.0 }, "geometry": { "type": "Point", "coordinates": [ 113.6500665, 34.7473938 ] } },
{ "type": "Feature", "properties": { "station_name_original": "Chizhou", "osmid": 9242148039, "english_name": "Chizhou Railway Station", "city": "Chizhou", "province": "Anhui", "zh_name": "池州", "name": "池州", "name:en": "Chizhou", "splitted": null, "degree": 2, "pop": 1039867.5, "capacity": 4, "rain": 0.0 }, "geometry": { "type": "Point", "coordinates": [ 117.5170183, 30.6218762 ] } },
{ "type": "Feature", "properties": { "station_name_original": "Tongling", "osmid": 9521958023, "english_name": "Tongling Railway Station", "city": "Tongling", "province": "Anhui", "zh_name": "铜陵", "name": "铜陵", "name:en": "Tongling", "splitted": null, "degree": 7, "pop": 1053278.2, "capacity": 5, "rain": 0.0 }, "geometry": { "type": "Point", "coordinates": [ 117.856451400000012, 30.921197 ] } },
{ "type": "Feature", "properties": { "station_name_original": "Lilingdong", "osmid": 3021655200, "english_name": "Liling East Railway Station", "city": "Liling", "province": "Hunan", "zh_name": "醴陵东", "name": "醴陵东", "name:en": "Liling North", "splitted": null, "degree": 4, "pop": 1869720.8, "capacity": 5, "rain": 0.0 }, "geometry": { "type": "Point", "coordinates": [ 113.572597300000012, 27.7185035 ] } },
{ "type": "Feature", "properties": { "station_name_original": "Yushannan", "osmid": 4610047848, "english_name": "Yushan South Railway Station", "city": "Yushan", "province": "Jiangxi", "zh_name": "玉山南", "name": "玉山南", "name:en": "Yushan South", "splitted": null, "degree": 8, "pop": 789405.69, "capacity": 6, "rain": 0.0 }, "geometry": { "type": "Point", "coordinates": [ 118.2881073, 28.6500774 ] } },
{ "type": "Feature", "properties": { "station_name_original": "Shaoshannan", "osmid": 2953768282, "english_name": "Shaoshan South Railway Station", "city": "Shaoshan", "province": "Hunan", "zh_name": "韶山南", "name": "韶山南", "name:en": "Shaoshannan", "splitted": null, "degree": 5, "pop": 3975531.8, "capacity": 6, "rain": 0.0 }, "geometry": { "type": "Point", "coordinates": [ 112.542372, 27.8917034 ] } },
{ "type": "Feature", "properties": { "station_name_original": "Fuxin", "osmid": 4507866480, "english_name": "Fuxin Railway Station", "city": "Fuxin", "province": "Liaoning", "zh_name": "阜新", "name": "阜新", "name:en": "Fuxin", "splitted": null, "degree": 6, "pop": 1377380.6, "capacity": 6, "rain": 0.0 }, "geometry": { "type": "Point", "coordinates": [ 121.6542048, 42.0558876 ] } },
{ "type": "Feature", "properties": { "station_name_original": "Songjiangnan", "osmid": 7160140850, "english_name": "Songjiang South Railway Station", "city": "Shanghai", "province": "Shanghai", "zh_name": null, "name": "上海松江", "name:en": "Shanghai Songjiang", "splitted": null, "degree": 5, "pop": 2960577.5, "capacity": 5, "rain": 0.0 }, "geometry": { "type": "Point", "coordinates": [ 121.225901900000011, 30.9851033 ] } },
{ "type": "Feature", "properties": { "station_name_original": "Zhuozhoudong", "osmid": 2753104419, "english_name": "Zhuozhou East Railway Station", "city": "Zhuozhou", "province": "Hebei", "zh_name": "涿州东", "name": "涿州东", "name:en": "Zhuozhou East", "splitted": null, "degree": 5, "pop": 1962008.9, "capacity": 4, "rain": 0.0 }, "geometry": { "type": "Point", "coordinates": [ 116.047389700000011, 39.4586404 ] } },
{ "type": "Feature", "properties": { "station_name_original": "Anqing", "osmid": 7882515905, "english_name": "Anqing Railway Station", "city": "Anqing", "province": "Anhui", "zh_name": "安庆", "name": "安庆", "name:en": "Anqing", "splitted": null, "degree": 1, "pop": 3616952.2, "capacity": 3, "rain": 0.0 }, "geometry": { "type": "Point", "coordinates": [ 117.060051500000014, 30.5515037 ] } },
{ "type": "Feature", "properties": { "station_name_original": "Dingzhoudong", "osmid": 8401357513, "english_name": "Dingzhou East Railway Station", "city": "Dingzhou", "province": "Hebei", "zh_name": null, "name": "定州东", "name:en": null, "splitted": null, "degree": 6, "pop": 3389879.0, "capacity": 5, "rain": 0.0 }, "geometry": { "type": "Point", "coordinates": [ 115.0690547, 38.5077647 ] } },
{ "type": "Feature", "properties": { "station_name_original": "Jianouxi", "osmid": 9524540936, "english_name": "Jian'ou West Railway Station", "city": "Jian'ou", "province": "Fujian", "zh_name": "建瓯西", "name": "建瓯西", "name:en": null, "splitted": null, "degree": 8, "pop": 1064928.5, "capacity": 5, "rain": 0.0 }, "geometry": { "type": "Point", "coordinates": [ 118.2746977, 27.0514556 ] } },
{ "type": "Feature", "properties": { "station_name_original": "Zhaoyang", "osmid": 4507851963, "english_name": "Zhaoyang Railway Station", "city": "Zhaotong", "province": "Yunnan", "zh_name": null, "name": "辽宁朝阳", "name:en": "Liaoning Chaoyang", "splitted": null, "degree": 7, "pop": 1224613.4, "capacity": 4, "rain": 0.0 }, "geometry": { "type": "Point", "coordinates": [ 120.403845, 41.5979961 ] } },
{ "type": "Feature", "properties": { "station_name_original": "Gaobeidiandong", "osmid": 2753105922, "english_name": "Gaobeidian East Railway Station", "city": "Gaobeidian", "province": "Hebei", "zh_name": "高碑店东", "name": "高碑店东", "name:en": "Gaobeidian East", "splitted": null, "degree": 6, "pop": 1288341.2, "capacity": 6, "rain": 0.0 }, "geometry": { "type": "Point", "coordinates": [ 115.940671900000012, 39.2878645 ] } },
{ "type": "Feature", "properties": { "station_name_original": "Minquanbei", "osmid": 3311797080, "english_name": "Minquan North Railway Station", "city": "Minquan", "province": "Henan", "zh_name": "民权北", "name": "民权北", "name:en": "Minquanbei", "splitted": null, "degree": 7, "pop": 6327060.5, "capacity": 5, "rain": 0.0 }, "geometry": { "type": "Point", "coordinates": [ 115.1745142, 34.6611904 ] } },
{ "type": "Feature", "properties": { "station_name_original": "Lanzhouxi", "osmid": 3481086575, "english_name": "Lanzhou West Railway Station", "city": "Lanzhou", "province": "Gansu", "zh_name": "兰州西", "name": "兰州西", "name:en": "Lanzhouxi", "splitted": null, "degree": 5, "pop": 10217740.0, "capacity": 5, "rain": 0.0 }, "geometry": { "type": "Point", "coordinates": [ 103.749284300000014, 36.0675844 ] } },
{ "type": "Feature", "properties": { "station_name_original": "Nanningdong", "osmid": 4018271167, "english_name": "Nanning East Railway Station", "city": "Nanning", "province": "Guangxi", "zh_name": "南宁东", "name": "火车东站", "name:en": "Nanning East Railway Station", "splitted": null, "degree": 6, "pop": 2249700.2, "capacity": 4, "rain": 0.0 }, "geometry": { "type": "Point", "coordinates": [ 108.409913300000014, 22.842236 ] } },
{ "type": "Feature", "properties": { "station_name_original": "Ninghai", "osmid": 7714110159, "english_name": "Ninghai Railway Station", "city": "Ninghai", "province": "Zhejiang", "zh_name": "宁海", "name": "宁海", "name:en": "Ninghai", "splitted": null, "degree": 6, "pop": 1052705.1, "capacity": 5, "rain": 0.0 }, "geometry": { "type": "Point", "coordinates": [ 121.41494130000001, 29.3393268 ] } },
{ "type": "Feature", "properties": { "station_name_original": "Baojinan", "osmid": 7276282773, "english_name": "Baoji South Railway Station", "city": "Baoji", "province": "Shaanxi", "zh_name": "宝鸡南", "name": "宝鸡南", "name:en": "Baoji South", "splitted": null, "degree": 6, "pop": 3332048.0, "capacity": 6, "rain": 0.0 }, "geometry": { "type": "Point", "coordinates": [ 107.227871400000012, 34.3356447 ] } },
{ "type": "Feature", "properties": { "station_name_original": "Shaoxingdong", "osmid": 5382282762, "english_name": "Shaoxing East Railway Station", "city": "Shaoxing", "province": "Zhejiang", "zh_name": "绍兴东", "name": "绍兴东", "name:en": "Shaoxingdong", "splitted": null, "degree": 4, "pop": 1805892.6, "capacity": 5, "rain": 0.0 }, "geometry": { "type": "Point", "coordinates": [ 120.8489935, 30.057183 ] } },
{ "type": "Feature", "properties": { "station_name_original": "Gaomibei", "osmid": 5285771422, "english_name": "Gaomi North Railway Station", "city": "Gaomi", "province": "Shandong", "zh_name": "高密北", "name": "高密北", "name:en": "Gomi North", "splitted": null, "degree": 8, "pop": 1746028.5, "capacity": 6, "rain": 0.0 }, "geometry": { "type": "Point", "coordinates": [ 119.7805016, 36.5150596 ] } },
{ "type": "Feature", "properties": { "station_name_original": "Xinhuanan", "osmid": 2953780254, "english_name": "Xinhua South Railway Station", "city": "Xinhua", "province": "Hunan", "zh_name": "新化南", "name": "新化南", "name:en": "Xinhua South", "splitted": null, "degree": 6, "pop": 2380799.5, "capacity": 6, "rain": 0.0 }, "geometry": { "type": "Point", "coordinates": [ 111.155047200000013, 27.658612 ] } },
{ "type": "Feature", "properties": { "station_name_original": "Wuwei", "osmid": 7243088379, "english_name": "Wuwei Railway Station", "city": "Wuwei", "province": "Anhui", "zh_name": "无为", "name": "无为", "name:en": "Wuwei", "splitted": null, "degree": 6, "pop": 709464.5, "capacity": 6, "rain": 0.0 }, "geometry": { "type": "Point", "coordinates": [ 117.9639065, 31.3063668 ] } },
{ "type": "Feature", "properties": { "station_name_original": "Yuhang", "osmid": 9866117271, "english_name": "Yuhang Railway Station", "city": "Hangzhou", "province": "Zhejiang", "zh_name": null, "name": "火车西站", "name:en": "West Railway Station", "splitted": null, "degree": 6, "pop": 1981780.2, "capacity": 5, "rain": 0.0 }, "geometry": { "type": "Point", "coordinates": [ 119.9818938, 30.3005025 ] } },
{ "type": "Feature", "properties": { "station_name_original": "Minchinan", "osmid": 742843780, "english_name": "Minqing South Railway Station", "city": "Minqing", "province": "Fujian", "zh_name": null, "name": "渑池南", "name:en": "Mianchi South", "splitted": null, "degree": 8, "pop": 1801955.4, "capacity": 6, "rain": 0.0 }, "geometry": { "type": "Point", "coordinates": [ 111.7682705, 34.686304 ] } },
{ "type": "Feature", "properties": { "station_name_original": "Fuyang", "osmid": 5907956116, "english_name": "Fuyang Railway Station", "city": "Fuyang", "province": "Anhui", "zh_name": "阜阳", "name": "富阳", "name:en": "Fuyang", "splitted": null, "degree": 4, "pop": 844554.44, "capacity": 4, "rain": 0.0 }, "geometry": { "type": "Point", "coordinates": [ 119.9879972, 30.0032822 ] } },
{ "type": "Feature", "properties": { "station_name_original": "Baiyangdian", "osmid": 9269060395, "english_name": "Baiyangdian Railway Station", "city": "Anxin", "province": "Hebei", "zh_name": "白洋淀", "name": "白洋淀", "name:en": null, "splitted": null, "degree": 8, "pop": 902603.5, "capacity": 5, "rain": 0.0 }, "geometry": { "type": "Point", "coordinates": [ 115.8685484, 39.0686429 ] } },
{ "type": "Feature", "properties": { "station_name_original": "Yangquanbei", "osmid": 2505163524, "english_name": "Yangquan North Railway Station", "city": "Yangquan", "province": "Shanxi", "zh_name": "阳泉北", "name": "阳泉北", "name:en": "Yangquanbei", "splitted": null, "degree": 2, "pop": 1976966.9, "capacity": 5, "rain": 0.0 }, "geometry": { "type": "Point", "coordinates": [ 113.431200100000012, 38.1143877 ] } },
{ "type": "Feature", "properties": { "station_name_original": "Deyang", "osmid": 2099675139, "english_name": "Deyang Railway Station", "city": "Deyang", "province": "Sichuan", "zh_name": "德阳", "name": "德阳", "name:en": "Deyang", "splitted": null, "degree": 6, "pop": 1589231.6, "capacity": 4, "rain": 0.0 }, "geometry": { "type": "Point", "coordinates": [ 104.386411700000011, 31.1683508 ] } },
{ "type": "Feature", "properties": { "station_name_original": "Xiaoganbei", "osmid": 9263921398, "english_name": "Xiaogan North Railway Station", "city": "Xiaogan", "province": "Hubei", "zh_name": "孝感北", "name": "孝感北", "name:en": "Xiaogan North", "splitted": null, "degree": 5, "pop": 1235905.6, "capacity": 5, "rain": 0.0 }, "geometry": { "type": "Point", "coordinates": [ 114.2159861, 31.5881869 ] } },
{ "type": "Feature", "properties": { "station_name_original": "Lingbaoxi", "osmid": 7238008797, "english_name": "Lingbao West Railway Station", "city": "Lingbao", "province": "Henan", "zh_name": "灵宝西", "name": "灵宝西", "name:en": "Lingbaoxi", "splitted": null, "degree": 6, "pop": 1758033.6, "capacity": 6, "rain": 0.0 }, "geometry": { "type": "Point", "coordinates": [ 110.68365630000001, 34.5779763 ] } },
{ "type": "Feature", "properties": { "station_name_original": "Huludaobei", "osmid": 1582507182, "english_name": "Huludao North Railway Station", "city": "Huludao", "province": "Liaoning", "zh_name": "葫芦岛北", "name": "葫芦岛北", "name:en": "Huludaobei", "splitted": null, "degree": 9, "pop": 1217789.8, "capacity": 5, "rain": 0.0 }, "geometry": { "type": "Point", "coordinates": [ 120.758204, 40.741694 ] } },
{ "type": "Feature", "properties": { "station_name_original": "Qingzhoushibei", "osmid": 5322560852, "english_name": "Qingzhou City North Railway Station", "city": "Qingzhou", "province": "Shandong", "zh_name": "青州市北", "name": "青州市北", "name:en": "Qingzhoushibei", "splitted": null, "degree": 7, "pop": 1338039.4, "capacity": 5, "rain": 0.0 }, "geometry": { "type": "Point", "coordinates": [ 118.572262900000013, 36.8312188 ] } },
{ "type": "Feature", "properties": { "station_name_original": "Jilin", "osmid": 7923463054, "english_name": "Jilin Railway Station", "city": "Jilin", "province": "Jilin", "zh_name": "吉林", "name": "吉林", "name:en": "Jilin", "splitted": null, "degree": 5, "pop": 3119186.2, "capacity": 4, "rain": 0.0 }, "geometry": { "type": "Point", "coordinates": [ 126.571451900000014, 43.8563018 ] } },
{ "type": "Feature", "properties": { "station_name_original": "Jinshanbei", "osmid": 2597030792, "english_name": "Jinshan North Railway Station", "city": "Shanghai", "province": "Shanghai", "zh_name": "金山北", "name": "金山北", "name:en": "Jinshan North", "splitted": null, "degree": 6, "pop": 729558.0, "capacity": 4, "rain": 0.0 }, "geometry": { "type": "Point", "coordinates": [ 121.0848732, 30.8963212 ] } },
{ "type": "Feature", "properties": { "station_name_original": "Pingyang", "osmid": 7714110147, "english_name": "Pingyang Railway Station", "city": "Pingyang", "province": "Zhejiang", "zh_name": "平阳", "name": "平阳", "name:en": "Pingyang", "splitted": null, "degree": 3, "pop": 1174698.8, "capacity": 4, "rain": 0.0 }, "geometry": { "type": "Point", "coordinates": [ 120.5408442, 27.629223 ] } },
{ "type": "Feature", "properties": { "station_name_original": "Haichengxi", "osmid": 2747847515, "english_name": "Haicheng West Railway Station", "city": "Haicheng", "province": "Liaoning", "zh_name": "海城西", "name": "海城西", "name:en": "Haichengxi", "splitted": null, "degree": 12, "pop": 1007922.2, "capacity": 4, "rain": 0.0 }, "geometry": { "type": "Point", "coordinates": [ 122.6544762, 40.9122253 ] } },
{ "type": "Feature", "properties": { "station_name_original": "Guangzhoubei", "osmid": 5250585004, "english_name": "Guangzhou North Railway Station", "city": "Guangzhou", "province": "Guangdong", "zh_name": "广州北", "name": "广州北站", "name:en": "Guangzhou North Railway Station", "splitted": null, "degree": 4, "pop": 5983932.5, "capacity": 4, "rain": 0.0 }, "geometry": { "type": "Point", "coordinates": [ 113.1962182, 23.3788904 ] } },
{ "type": "Feature", "properties": { "station_name_original": "Tonglu", "osmid": 5907959824, "english_name": "Tonglu Railway Station", "city": "Tonglu", "province": "Zhejiang", "zh_name": "桐庐", "name": "桐庐", "name:en": "Tonglu", "splitted": null, "degree": 4, "pop": 584577.19, "capacity": 5, "rain": 0.0 }, "geometry": { "type": "Point", "coordinates": [ 119.7272875, 29.7916643 ] } },
{ "type": "Feature", "properties": { "station_name_original": "Tianshuinan", "osmid": 3682237011, "english_name": "Tianshui South Railway Station", "city": "Tianshui", "province": "Gansu", "zh_name": null, "name": "天水南", "name:en": "Tianshui South", "splitted": null, "degree": 6, "pop": 2838650.5, "capacity": 5, "rain": 0.0 }, "geometry": { "type": "Point", "coordinates": [ 105.8523245, 34.5510165 ] } },
{ "type": "Feature", "properties": { "station_name_original": "Gaoan", "osmid": 2828212883, "english_name": "Gao'an Railway Station", "city": "Gao'an", "province": "Jiangxi", "zh_name": "高安", "name": "高安", "name:en": "Gao'an", "splitted": null, "degree": 4, "pop": 1272358.1, "capacity": 5, "rain": 0.0 }, "geometry": { "type": "Point", "coordinates": [ 115.3798045, 28.4741539 ] } },
{ "type": "Feature", "properties": { "station_name_original": "Qidong", "osmid": 5141988543, "english_name": "Qidong Railway Station", "city": "Qidong", "province": "Jiangsu", "zh_name": null, "name": "祁东", "name:en": "Qidong", "splitted": null, "degree": 4, "pop": 968275.75, "capacity": 4, "rain": 0.0 }, "geometry": { "type": "Point", "coordinates": [ 112.0605399, 26.762704 ] } },
{ "type": "Feature", "properties": { "station_name_original": "Miluodong", "osmid": 8396912755, "english_name": "Miluo East Railway Station", "city": "Miluo", "province": "Hunan", "zh_name": "汨罗东", "name": "汨罗东", "name:en": "Miluo East", "splitted": null, "degree": 5, "pop": 3525086.0, "capacity": 4, "rain": 0.0 }, "geometry": { "type": "Point", "coordinates": [ 113.137760500000013, 28.7485618 ] } },
{ "type": "Feature", "properties": { "station_name_original": "Leqing", "osmid": 7714110151, "english_name": "Leqing Railway Station", "city": "Leqing", "province": "Zhejiang", "zh_name": "乐清", "name": "乐清", "name:en": "Yueqing", "splitted": null, "degree": 5, "pop": 1366889.2, "capacity": 5, "rain": 0.0 }, "geometry": { "type": "Point", "coordinates": [ 120.8555424, 28.0877033 ] } },
{ "type": "Feature", "properties": { "station_name_original": "Dangshannan", "osmid": 7232690207, "english_name": "Dangshan South Railway Station", "city": "Dangshan", "province": "Anhui", "zh_name": "砀山南", "name": "砀山南", "name:en": null, "splitted": null, "degree": 8, "pop": 4019738.2, "capacity": 4, "rain": 0.0 }, "geometry": { "type": "Point", "coordinates": [ 116.2978738, 34.3873627 ] } },
{ "type": "Feature", "properties": { "station_name_original": "Shaoyangbei", "osmid": 2953774880, "english_name": "Shaoyang North Railway Station", "city": "Shaoyang", "province": "Hunan", "zh_name": "邵阳北", "name": "邵阳北", "name:en": "Shaoyang North", "splitted": null, "degree": 7, "pop": 1163714.1, "capacity": 6, "rain": 0.0 }, "geometry": { "type": "Point", "coordinates": [ 111.4989759, 27.5775554 ] } },
{ "type": "Feature", "properties": { "station_name_original": "Wuyishanbei", "osmid": 7726025998, "english_name": "Wuyishan North Railway Station", "city": "Wuyishan", "province": "Fujian", "zh_name": "武夷山北", "name": "武夷山北", "name:en": "Wuyishanbei", "splitted": null, "degree": 10, "pop": 350589.66, "capacity": 6, "rain": 0.0 }, "geometry": { "type": "Point", "coordinates": [ 118.0403584, 27.7810329 ] } },
{ "type": "Feature", "properties": { "station_name_original": "Gaomi", "osmid": 2333425137, "english_name": "Gaomi Railway Station", "city": "Gaomi", "province": "Shandong", "zh_name": "高密", "name": "高密", "name:en": "Gaomi", "splitted": null, "degree": 8, "pop": 1213560.8, "capacity": 4, "rain": 0.0 }, "geometry": { "type": "Point", "coordinates": [ 119.7631602, 36.392559 ] } },
{ "type": "Feature", "properties": { "station_name_original": "Liuzhou", "osmid": 7691165939, "english_name": "Liuzhou Railway Station", "city": "Liuzhou", "province": "Guangxi", "zh_name": "柳州", "name": "柳州", "name:en": "Liuzhou", "splitted": null, "degree": 6, "pop": 4017816.0, "capacity": 4, "rain": 0.0 }, "geometry": { "type": "Point", "coordinates": [ 109.3833252, 24.3105845 ] } },
{ "type": "Feature", "properties": { "station_name_original": "Dehuixi", "osmid": 3878763459, "english_name": "Dehui West Railway Station", "city": "Dehui", "province": "Jilin", "zh_name": "德惠西", "name": "德惠西", "name:en": "Dehuixi", "splitted": null, "degree": 5, "pop": 2017873.8, "capacity": 5, "rain": 0.0 }, "geometry": { "type": "Point", "coordinates": [ 125.6703155, 44.5436343 ] } },
{ "type": "Feature", "properties": { "station_name_original": "Yanglingnan", "osmid": 2691462623, "english_name": "Yangling South Railway Station", "city": "Yangling", "province": "Shaanxi", "zh_name": "杨凌南", "name": "杨陵南", "name:en": "Yanglingnan", "splitted": null, "degree": 4, "pop": 2849852.5, "capacity": 5, "rain": 0.0 }, "geometry": { "type": "Point", "coordinates": [ 108.048322, 34.2556034 ] } },
{ "type": "Feature", "properties": { "station_name_original": "Yantainan", "osmid": 3315767559, "english_name": "Yantai South Railway Station", "city": "Yantai", "province": "Shandong", "zh_name": "烟台南", "name": "烟台南", "name:en": "Yantainan", "splitted": null, "degree": 8, "pop": 627286.31, "capacity": 5, "rain": 0.0 }, "geometry": { "type": "Point", "coordinates": [ 121.3871552, 37.4312938 ] } },
{ "type": "Feature", "properties": { "station_name_original": "Weihai", "osmid": 1565198993, "english_name": "Weihai Railway Station", "city": "Weihai", "province": "Shandong", "zh_name": "威海", "name": "威海", "name:en": "Weihai", "splitted": null, "degree": 5, "pop": 616756.94, "capacity": 3, "rain": 0.0 }, "geometry": { "type": "Point", "coordinates": [ 122.1385889, 37.4259659 ] } },
{ "type": "Feature", "properties": { "station_name_original": "Chaohudong", "osmid": 9242148036, "english_name": "Chaohu East Railway Station", "city": "Chaohu", "province": "Anhui", "zh_name": "巢湖东", "name": "巢湖东", "name:en": null, "splitted": null, "degree": 6, "pop": 971430.12, "capacity": 5, "rain": 0.0 }, "geometry": { "type": "Point", "coordinates": [ 117.9204547, 31.620212 ] } },
{ "type": "Feature", "properties": { "station_name_original": "Suzhouyuanqu", "osmid": 9242148028, "english_name": "Suzhou Industrial Park Railway Station", "city": "Suzhou", "province": "Jiangsu", "zh_name": "苏州园区", "name": "苏州园区", "name:en": null, "splitted": null, "degree": 7, "pop": 1077416.8, "capacity": 5, "rain": 0.0 }, "geometry": { "type": "Point", "coordinates": [ 120.7066034, 31.3426521 ] } },
{ "type": "Feature", "properties": { "station_name_original": "Leiyangxi", "osmid": 8393714002, "english_name": "Leiyang West Railway Station", "city": "Leiyang", "province": "Hunan", "zh_name": "耒阳西", "name": "耒阳西", "name:en": "Leiyangxi", "splitted": null, "degree": 8, "pop": 3093209.5, "capacity": 4, "rain": 0.0 }, "geometry": { "type": "Point", "coordinates": [ 112.7830495, 26.4175812 ] } },
{ "type": "Feature", "properties": { "station_name_original": "Dalian", "osmid": 10751695362, "english_name": "Dalian Railway Station", "city": "Dalian", "province": "Liaoning", "zh_name": "大连", "name": "大连站", "name:en": "Dalian Railway Station", "splitted": null, "degree": 8, "pop": 2223828.5, "capacity": 2, "rain": 0.0 }, "geometry": { "type": "Point", "coordinates": [ 121.6244166, 38.9225363 ] } },
{ "type": "Feature", "properties": { "station_name_original": "Qiyang", "osmid": 3975677440, "english_name": "Qiyang Railway Station", "city": "Qiyang", "province": "Hunan", "zh_name": "祁阳", "name": "祁阳", "name:en": "Qiyang", "splitted": null, "degree": 3, "pop": 950374.56, "capacity": 4, "rain": 0.0 }, "geometry": { "type": "Point", "coordinates": [ 111.826098, 26.6124696 ] } },
{ "type": "Feature", "properties": { "station_name_original": "Huizhounan", "osmid": 10787152718, "english_name": "Huizhou South Railway Station", "city": "Huizhou", "province": "Guangdong", "zh_name": "惠州南", "name": "惠州南", "name:en": "Huizhou South", "splitted": null, "degree": 9, "pop": 4676784.0, "capacity": 4, "rain": 0.0 }, "geometry": { "type": "Point", "coordinates": [ 114.4531622, 23.0004015 ] } },
{ "type": "Feature", "properties": { "station_name_original": "Linhai", "osmid": 7714110157, "english_name": "Linhai Railway Station", "city": "Linhai", "province": "Zhejiang", "zh_name": "临海", "name": "临海", "name:en": "Linhai", "splitted": null, "degree": 6, "pop": 1389743.0, "capacity": 4, "rain": 0.0 }, "geometry": { "type": "Point", "coordinates": [ 121.2424833, 28.8830234 ] } },
{ "type": "Feature", "properties": { "station_name_original": "Zouping", "osmid": 9255881285, "english_name": "Zouping Railway Station", "city": "Zouping", "province": "Shandong", "zh_name": "邹平", "name": "邹平", "name:en": "Zouping", "splitted": null, "degree": 6, "pop": 1539281.9, "capacity": 4, "rain": 0.0 }, "geometry": { "type": "Point", "coordinates": [ 117.736550400000013, 36.7953034 ] } },
{ "type": "Feature", "properties": { "station_name_original": "Changtuxi", "osmid": 3880520952, "english_name": "Changtu West Railway Station", "city": "Changtu", "province": "Liaoning", "zh_name": "昌图西", "name": "昌图西", "name:en": null, "splitted": null, "degree": 7, "pop": 980669.81, "capacity": 5, "rain": 0.0 }, "geometry": { "type": "Point", "coordinates": [ 124.0605836, 42.7755118 ] } },
{ "type": "Feature", "properties": { "station_name_original": "Cangnan", "osmid": 7714110146, "english_name": "Cangnan Railway Station", "city": "Cangnan", "province": "Zhejiang", "zh_name": "苍南", "name": "苍南", "name:en": null, "splitted": null, "degree": 4, "pop": 969583.12, "capacity": 2, "rain": 0.0 }, "geometry": { "type": "Point", "coordinates": [ 120.40836, 27.5313093 ] } },
{ "type": "Feature", "properties": { "station_name_original": "Zhijiang", "osmid": 2953799860, "english_name": "Zhijiang Railway Station", "city": "Zhijiang", "province": "Hubei", "zh_name": "芷江", "name": "芷江", "name:en": "Zhijiang", "splitted": null, "degree": 7, "pop": 806943.38, "capacity": 4, "rain": 0.0 }, "geometry": { "type": "Point", "coordinates": [ 109.655431900000011, 27.4586155 ] } },
{ "type": "Feature", "properties": { "station_name_original": "Kaiyuanxi", "osmid": 3881554929, "english_name": "Kaiyuan West Railway Station", "city": "Kaiyuan", "province": "Liaoning", "zh_name": "开原西", "name": "开原西", "name:en": "Kaiyuan West", "splitted": null, "degree": 7, "pop": 856694.25, "capacity": 4, "rain": 0.0 }, "geometry": { "type": "Point", "coordinates": [ 123.9127873, 42.547378 ] } },
{ "type": "Feature", "properties": { "station_name_original": "Rongchangbei", "osmid": 3500459043, "english_name": "Rongchang North Railway Station", "city": "Rongchang", "province": "Chongqing", "zh_name": "荣昌北", "name": "荣昌北", "name:en": "Rongchangbei", "splitted": null, "degree": 11, "pop": 1743830.1, "capacity": 3, "rain": 0.0 }, "geometry": { "type": "Point", "coordinates": [ 105.63278480000001, 29.4361741 ] } },
{ "type": "Feature", "properties": { "station_name_original": "Longyou", "osmid": 1651805298, "english_name": "Longyou Railway Station", "city": "Longyou", "province": "Zhejiang", "zh_name": "龙游", "name": "龙游", "name:en": "Longyou", "splitted": null, "degree": 6, "pop": 905466.56, "capacity": 5, "rain": 0.0 }, "geometry": { "type": "Point", "coordinates": [ 119.160109, 29.0058398 ] } },
{ "type": "Feature", "properties": { "station_name_original": "Zhangqiubei", "osmid": 9255881286, "english_name": "Zhangqiu North Railway Station", "city": "Zhangqiu", "province": "Shandong", "zh_name": "章丘北", "name": "章丘北", "name:en": "Zhangqiubei Railway Station", "splitted": null, "degree": 3, "pop": 1415804.1, "capacity": 5, "rain": 0.0 }, "geometry": { "type": "Point", "coordinates": [ 117.480555, 36.8019776 ] } },
{ "type": "Feature", "properties": { "station_name_original": "Fuzhoudong", "osmid": 2867845403, "english_name": "Fuzhou East Railway Station", "city": "Fuzhou", "province": "Fujian", "zh_name": "福州东", "name": "抚州东", "name:en": "Fuzhou East", "splitted": null, "degree": 6, "pop": 1192361.6, "capacity": 7, "rain": 0.0 }, "geometry": { "type": "Point", "coordinates": [ 116.6118832, 28.2639435 ] } },
{ "type": "Feature", "properties": { "station_name_original": "Rizhaoxi", "osmid": 11816673880, "english_name": "Rizhao West Railway Station", "city": "Rizhao", "province": "Shandong", "zh_name": "日照西", "name": "日照西", "name:en": "Rizhao West", "splitted": null, "degree": 9, "pop": 1424704.2, "capacity": 10, "rain": 0.0 }, "geometry": { "type": "Point", "coordinates": [ 119.413212800000011, 35.391057 ] } },
{ "type": "Feature", "properties": { "station_name_original": "Yiyang", "osmid": 655354700, "english_name": "Yiyang Railway Station", "city": "Yiyang", "province": "Hunan", "zh_name": null, "name": "弋阳", "name:en": "Yiyang East", "splitted": null, "degree": 4, "pop": 919775.69, "capacity": 5, "rain": 0.0 }, "geometry": { "type": "Point", "coordinates": [ 117.4397155, 28.4142451 ] } },
{ "type": "Feature", "properties": { "station_name_original": "Ziyangbei", "osmid": 7817200570, "english_name": "Ziyang North Railway Station", "city": "Ziyang", "province": "Sichuan", "zh_name": "资阳北", "name": "资阳北站", "name:en": "Ziyang North Railway Station", "splitted": null, "degree": 12, "pop": 2118191.0, "capacity": 4, "rain": 0.0 }, "geometry": { "type": "Point", "coordinates": [ 104.6785458, 30.1294604 ] } },
{ "type": "Feature", "properties": { "station_name_original": "Jinxiannan", "osmid": 2866481152, "english_name": "Jinxian South Railway Station", "city": "Jinxian", "province": "Jiangxi", "zh_name": "进贤南", "name": "进贤南", "name:en": "Jinxian South", "splitted": null, "degree": 6, "pop": 1295426.8, "capacity": 6, "rain": 0.0 }, "geometry": { "type": "Point", "coordinates": [ 116.2296457, 28.340735 ] } },
{ "type": "Feature", "properties": { "station_name_original": "Qingzhoushi", "osmid": 4071777100, "english_name": "Qingzhou City Railway Station", "city": "Qingzhou", "province": "Shandong", "zh_name": "青州市", "name": "青州市", "name:en": "Qingzhoushi", "splitted": null, "degree": 4, "pop": 1468693.0, "capacity": 4, "rain": 0.0 }, "geometry": { "type": "Point", "coordinates": [ 118.497898, 36.7716291 ] } },
{ "type": "Feature", "properties": { "station_name_original": "Zhengdingjichang", "osmid": 8401357512, "english_name": "Zhengding Airport Railway Station", "city": "Zhengding", "province": "Hebei", "zh_name": "正定机场", "name": "正定机场", "name:en": null, "splitted": null, "degree": 6, "pop": 1994148.6, "capacity": 4, "rain": 0.0 }, "geometry": { "type": "Point", "coordinates": [ 114.7033248, 38.2513059 ] } },
{ "type": "Feature", "properties": { "station_name_original": "Hengshanxi", "osmid": 8393752518, "english_name": "Hengshan West Railway Station", "city": "Hengshan", "province": "Hunan", "zh_name": "衡山西", "name": "衡山西", "name:en": "Hengshan West", "splitted": null, "degree": 8, "pop": 1259763.8, "capacity": 3, "rain": 0.0 }, "geometry": { "type": "Point", "coordinates": [ 112.7835816, 27.2513913 ] } },
{ "type": "Feature", "properties": { "station_name_original": "Hefei", "osmid": 8506490006, "english_name": "Hefei Railway Station", "city": "Hefei", "province": "Anhui", "zh_name": "合肥", "name": "合肥火车站", "name:en": "Hefei Railway Station", "splitted": null, "degree": 8, "pop": 2797908.0, "capacity": 5, "rain": 0.0 }, "geometry": { "type": "Point", "coordinates": [ 117.3099535, 31.8854738 ] } },
{ "type": "Feature", "properties": { "station_name_original": "Qingyuan", "osmid": 4994290716, "english_name": "Qingyuan Railway Station", "city": "Qingyuan", "province": "Guangdong", "zh_name": "清远", "name": "清远", "name:en": "Qingyuan", "splitted": null, "degree": 6, "pop": 1929827.9, "capacity": 4, "rain": 0.0 }, "geometry": { "type": "Point", "coordinates": [ 113.129397200000014, 23.6963167 ] } },
{ "type": "Feature", "properties": { "station_name_original": "Zizhongbei", "osmid": 3500461696, "english_name": "Zizhong North Railway Station", "city": "Zizhong", "province": "Sichuan", "zh_name": "资中北", "name": "资中北", "name:en": "Zizhongbei", "splitted": null, "degree": 9, "pop": 1543028.6, "capacity": 5, "rain": 0.0 }, "geometry": { "type": "Point", "coordinates": [ 104.870270600000012, 29.7997045 ] } },
{ "type": "Feature", "properties": { "station_name_original": "Shapingba", "osmid": 1855149602, "english_name": "Shapingba Railway Station", "city": "Chongqing", "province": "Chongqing", "zh_name": "沙坪坝", "name": "沙坪坝", "name:en": "Shapingba", "splitted": null, "degree": 7, "pop": 2247177.8, "capacity": 2, "rain": 0.0 }, "geometry": { "type": "Point", "coordinates": [ 106.45654230000001, 29.5592032 ] } },
{ "type": "Feature", "properties": { "station_name_original": "Gutianbei", "osmid": 9524540937, "english_name": "Gutian North Railway Station", "city": "Gutian", "province": "Fujian", "zh_name": "古田北", "name": "古田北", "name:en": null, "splitted": null, "degree": 5, "pop": 463794.25, "capacity": 5, "rain": 0.0 }, "geometry": { "type": "Point", "coordinates": [ 118.6604235, 26.4656187 ] } },
{ "type": "Feature", "properties": { "station_name_original": "Qingdaoxi", "osmid": 9549447313, "english_name": "Qingdao West Railway Station", "city": "Qingdao", "province": "Shandong", "zh_name": "青岛西", "name": "青岛西", "name:en": "Qingdaoxi", "splitted": null, "degree": 11, "pop": 992267.88, "capacity": 5, "rain": 0.0 }, "geometry": { "type": "Point", "coordinates": [ 119.950495300000014, 35.9024084 ] } },
{ "type": "Feature", "properties": { "station_name_original": "Xupunan", "osmid": 2953786996, "english_name": "Xupu South Railway Station", "city": "Xupu", "province": "Hunan", "zh_name": "叙浦南", "name": "溆浦南", "name:en": "Xupu South", "splitted": null, "degree": 6, "pop": 1749796.0, "capacity": 5, "rain": 0.0 }, "geometry": { "type": "Point", "coordinates": [ 110.5880872, 27.6085165 ] } },
{ "type": "Feature", "properties": { "station_name_original": "Ruian", "osmid": 7714110148, "english_name": "Rui'an Railway Station", "city": "Rui'an", "province": "Zhejiang", "zh_name": "瑞安", "name": "瑞安", "name:en": "Rui'an", "splitted": null, "degree": 3, "pop": 1749060.4, "capacity": 3, "rain": 0.0 }, "geometry": { "type": "Point", "coordinates": [ 120.577021800000011, 27.7699263 ] } },
{ "type": "Feature", "properties": { "station_name_original": "Bazhouxi", "osmid": 3931584035, "english_name": "Bazhou West Railway Station", "city": "Bazhou", "province": "Hebei", "zh_name": "霸州西", "name": "霸州西", "name:en": "Bazhouxi", "splitted": null, "degree": 5, "pop": 1378465.6, "capacity": 5, "rain": 0.0 }, "geometry": { "type": "Point", "coordinates": [ 116.3441688, 39.092365 ] } },
{ "type": "Feature", "properties": { "station_name_original": "Longhui", "osmid": 5559277118, "english_name": "Longhui Railway Station", "city": "Longhui", "province": "Hunan", "zh_name": "隆回", "name": "隆回", "name:en": "Longhui", "splitted": null, "degree": 5, "pop": 1052849.8, "capacity": 4, "rain": 0.0 }, "geometry": { "type": "Point", "coordinates": [ 111.0295057, 27.1497917 ] } },
{ "type": "Feature", "properties": { "station_name_original": "Guidingbei", "osmid": 2874016882, "english_name": "Guiding North Railway Station", "city": "Guiding", "province": "Guizhou", "zh_name": "贵定北", "name": "贵定北", "name:en": "Guidingbei", "splitted": null, "degree": 5, "pop": 713240.44, "capacity": 4, "rain": 0.0 }, "geometry": { "type": "Point", "coordinates": [ 107.228661100000011, 26.5959393 ] } },
{ "type": "Feature", "properties": { "station_name_original": "Quanzhounan", "osmid": 8154570904, "english_name": "Quanzhou South Railway Station", "city": "Quanzhou", "province": "Fujian", "zh_name": null, "name": "全州南", "name:en": null, "splitted": null, "degree": 4, "pop": 1446660.2, "capacity": 4, "rain": 0.0 }, "geometry": { "type": "Point", "coordinates": [ 111.0365114, 25.9560928 ] } },
{ "type": "Feature", "properties": { "station_name_original": "Xixianbei", "osmid": 10666136336, "english_name": "Xixian North Railway Station", "city": "Xixian", "province": "Henan", "zh_name": null, "name": "黟县东", "name:en": "Yixiandong", "splitted": null, "degree": 7, "pop": 288334.41, "capacity": 3, "rain": 0.0 }, "geometry": { "type": "Point", "coordinates": [ 118.0429002, 29.8873331 ] } },
{ "type": "Feature", "properties": { "station_name_original": "Longchangbei", "osmid": 7158189078, "english_name": "Longchang North Railway Station", "city": "Longchang", "province": "Sichuan", "zh_name": "隆昌北", "name": "隆昌北", "name:en": "Longchangbei", "splitted": null, "degree": 12, "pop": 1778238.9, "capacity": 3, "rain": 0.0 }, "geometry": { "type": "Point", "coordinates": [ 105.2874349, 29.4683757 ] } },
{ "type": "Feature", "properties": { "station_name_original": "Binhaixi", "osmid": 3657675428, "english_name": "Binhai West Railway Station", "city": "Binhai", "province": "Jiangsu", "zh_name": "滨海西", "name": "滨海西", "name:en": "Binhaixi", "splitted": null, "degree": 5, "pop": 1411977.0, "capacity": 5, "rain": 0.0 }, "geometry": { "type": "Point", "coordinates": [ 117.605684, 39.0800307 ] } },
{ "type": "Feature", "properties": { "station_name_original": "Beidaihe", "osmid": 2349729507, "english_name": "Beidaihe Railway Station", "city": "Qinhuangdao", "province": "Hebei", "zh_name": "北戴河", "name": "北戴河", "name:en": "Beidaihe", "splitted": null, "degree": 4, "pop": 1053070.6, "capacity": 3, "rain": 0.0 }, "geometry": { "type": "Point", "coordinates": [ 119.4137242, 39.8495816 ] } },
{ "type": "Feature", "properties": { "station_name_original": "Zhengzhouxi", "osmid": 742843791, "english_name": "Zhengzhou West Railway Station", "city": "Zhengzhou", "province": "Henan", "zh_name": "郑州西", "name": "郑州西", "name:en": "Zhengzhou West", "splitted": null, "degree": 6, "pop": 2189962.0, "capacity": 4, "rain": 0.0 }, "geometry": { "type": "Point", "coordinates": [ 113.4184563, 34.7448659 ] } },
{ "type": "Feature", "properties": { "station_name_original": "Sansui", "osmid": 2953809308, "english_name": "Sansui Railway Station", "city": "Sansui", "province": "Guizhou", "zh_name": "三穗", "name": "三穗", "name:en": "Sansui", "splitted": null, "degree": 7, "pop": 1171578.6, "capacity": 4, "rain": 0.0 }, "geometry": { "type": "Point", "coordinates": [ 108.6472985, 26.9683801 ] } },
{ "type": "Feature", "properties": { "station_name_original": "Panjin", "osmid": 9169258499, "english_name": "Panjin Railway Station", "city": "Panjin", "province": "Liaoning", "zh_name": "盘锦", "name": "盘锦", "name:en": null, "splitted": null, "degree": 8, "pop": 1219404.8, "capacity": 4, "rain": 0.0 }, "geometry": { "type": "Point", "coordinates": [ 122.0577782, 41.1959285 ] } },
{ "type": "Feature", "properties": { "station_name_original": "Shanwei", "osmid": 2719758936, "english_name": "Shanwei Railway Station", "city": "Shanwei", "province": "Guangdong", "zh_name": "汕尾", "name": "汕尾", "name:en": "Shanwei", "splitted": null, "degree": 9, "pop": 1158589.1, "capacity": 5, "rain": 0.0 }, "geometry": { "type": "Point", "coordinates": [ 115.4237222, 22.8132068 ] } },
{ "type": "Feature", "properties": { "station_name_original": "Dongkou", "osmid": 5559277119, "english_name": "Dongkou Railway Station", "city": "Dongkou", "province": "Hunan", "zh_name": null, "name": "洞口", "name:en": null, "splitted": null, "degree": 4, "pop": 1634916.0, "capacity": 5, "rain": 0.0 }, "geometry": { "type": "Point", "coordinates": [ 110.613023, 27.0986074 ] } },
{ "type": "Feature", "properties": { "station_name_original": "Guangmingcheng", "osmid": 1945711687, "english_name": "Guangming City Railway Station", "city": "Shenzhen", "province": "Guangdong", "zh_name": "光明城", "name": "光明城", "name:en": "Guangmingcheng", "splitted": null, "degree": 4, "pop": 9305491.0, "capacity": 5, "rain": 0.0 }, "geometry": { "type": "Point", "coordinates": [ 113.9496287, 22.7357148 ] } },
{ "type": "Feature", "properties": { "station_name_original": "Danyangbei", "osmid": 2830170172, "english_name": "Danyang North Railway Station", "city": "Danyang", "province": "Jiangsu", "zh_name": "丹阳北", "name": "丹阳北", "name:en": "Danyangbei", "splitted": null, "degree": 6, "pop": 2548427.5, "capacity": 4, "rain": 0.0 }, "geometry": { "type": "Point", "coordinates": [ 119.6662181, 32.0168009 ] } },
{ "type": "Feature", "properties": { "station_name_original": "Guiyangdong", "osmid": 3059393382, "english_name": "Guiyang East Railway Station", "city": "Guiyang", "province": "Guizhou", "zh_name": "贵阳东", "name": "贵阳东", "name:en": "Guiyangdong", "splitted": null, "degree": 14, "pop": 734247.12, "capacity": 5, "rain": 0.0 }, "geometry": { "type": "Point", "coordinates": [ 106.7407259, 26.6676326 ] } },
{ "type": "Feature", "properties": { "station_name_original": "Linzibei", "osmid": 6202567108, "english_name": "Linzi North Railway Station", "city": "Zibo", "province": "Shandong", "zh_name": "临淄北", "name": "临淄北", "name:en": "Linzibei", "splitted": null, "degree": 6, "pop": 2480181.5, "capacity": 3, "rain": 0.0 }, "geometry": { "type": "Point", "coordinates": [ 118.3351245, 36.9056078 ] } },
{ "type": "Feature", "properties": { "station_name_original": "Jimobei", "osmid": 3914198648, "english_name": "Jimo North Railway Station", "city": "Qingdao", "province": "Shandong", "zh_name": "即墨北", "name": "即墨北", "name:en": "Jimobei", "splitted": null, "degree": 7, "pop": 1708186.9, "capacity": 3, "rain": 0.0 }, "geometry": { "type": "Point", "coordinates": [ 120.388953300000011, 36.4039625 ] } },
{ "type": "Feature", "properties": { "station_name_original": "Wafangdianxi", "osmid": 9179735859, "english_name": "Wafangdian West Railway Station", "city": "Wafangdian", "province": "Liaoning", "zh_name": "瓦房店西", "name": "瓦房店西", "name:en": null, "splitted": null, "degree": 8, "pop": 866000.94, "capacity": 3, "rain": 0.0 }, "geometry": { "type": "Point", "coordinates": [ 121.8330306, 39.6557663 ] } },
{ "type": "Feature", "properties": { "station_name_original": "Luanhe", "osmid": 9276824793, "english_name": "Luanhe Railway Station", "city": "Luanping", "province": "Hebei", "zh_name": null, "name": "滦河", "name:en": null, "splitted": null, "degree": 3, "pop": 3429307.5, "capacity": 4, "rain": 0.0 }, "geometry": { "type": "Point", "coordinates": [ 118.666450700000013, 39.8528873 ] } },
{ "type": "Feature", "properties": { "station_name_original": "Hengshuibei", "osmid": 9512632284, "english_name": "Hengshui North Railway Station", "city": "Hengshui", "province": "Hebei", "zh_name": "衡水北", "name": "衡水北", "name:en": null, "splitted": null, "degree": 6, "pop": 3717248.5, "capacity": 3, "rain": 0.0 }, "geometry": { "type": "Point", "coordinates": [ 115.669249900000011, 37.7719911 ] } },
{ "type": "Feature", "properties": { "station_name_original": "Shengfang", "osmid": 3949357977, "english_name": "Shengfang Railway Station", "city": "Bazhou", "province": "Hebei", "zh_name": "胜芳", "name": "胜芳", "name:en": "Shengfang", "splitted": null, "degree": 5, "pop": 1116383.4, "capacity": 6, "rain": 0.0 }, "geometry": { "type": "Point", "coordinates": [ 116.7534957, 39.1376536 ] } },
{ "type": "Feature", "properties": { "station_name_original": "Dingyuan", "osmid": 7104703253, "english_name": "Dingyuan Railway Station", "city": "Dingyuan", "province": "Anhui", "zh_name": "定远", "name": "定远", "name:en": "Dingyuan", "splitted": null, "degree": 5, "pop": 1302337.5, "capacity": 4, "rain": 0.0 }, "geometry": { "type": "Point", "coordinates": [ 117.8369129, 32.5774633 ] } },
{ "type": "Feature", "properties": { "station_name_original": "Gongyinan", "osmid": 742604118, "english_name": "Gongyi South Railway Station", "city": "Gongyi", "province": "Henan", "zh_name": "巩义南", "name": "巩义南", "name:en": "Gongyi South", "splitted": null, "degree": 6, "pop": 2741488.0, "capacity": 4, "rain": 0.0 }, "geometry": { "type": "Point", "coordinates": [ 112.9105621, 34.6716859 ] } },
{ "type": "Feature", "properties": { "station_name_original": "Haerbin", "osmid": 13062977471, "english_name": "Harbin Railway Station", "city": "Harbin", "province": "Heilongjiang", "zh_name": "哈尔滨", "name": "哈尔滨站", "name:en": "Harbin Railway Station", "splitted": null, "degree": 13, "pop": 2925635.5, "capacity": 4, "rain": 0.0 }, "geometry": { "type": "Point", "coordinates": [ 126.627996400000015, 45.7605794 ] } },
{ "type": "Feature", "properties": { "station_name_original": "Zhangzhou", "osmid": 5100559665, "english_name": "Zhangzhou Railway Station", "city": "Zhangzhou", "province": "Fujian", "zh_name": "漳州", "name": "漳州", "name:en": "Zhangzhou Railway Station", "splitted": null, "degree": 8, "pop": 1480342.2, "capacity": 4, "rain": 0.0 }, "geometry": { "type": "Point", "coordinates": [ 117.7113175, 24.4598069 ] } },
{ "type": "Feature", "properties": { "station_name_original": "Gaoyixi", "osmid": 2753124016, "english_name": "Gaoyi West Railway Station", "city": "Gaoyi", "province": "Hebei", "zh_name": "高邑西", "name": "高邑西", "name:en": "Gaoyi West", "splitted": null, "degree": 4, "pop": 1512813.0, "capacity": 4, "rain": 0.0 }, "geometry": { "type": "Point", "coordinates": [ 114.524187, 37.6290632 ] } },
{ "type": "Feature", "properties": { "station_name_original": "Sanmenxian", "osmid": 7714110158, "english_name": "Sanmenxia Railway Station", "city": "Sanmenxia", "province": "Henan", "zh_name": null, "name": "三门县", "name:en": "Sanmenxian", "splitted": null, "degree": 5, "pop": 539990.12, "capacity": 3, "rain": 0.0 }, "geometry": { "type": "Point", "coordinates": [ 121.358778500000014, 29.057886 ] } },
{ "type": "Feature", "properties": { "station_name_original": "Jinzhai", "osmid": 4664182640, "english_name": "Jinzhai Railway Station", "city": "Jinzhai", "province": "Anhui", "zh_name": "金寨", "name": "金寨", "name:en": "Jinzhai", "splitted": null, "degree": 4, "pop": 2333270.8, "capacity": 4, "rain": 0.0 }, "geometry": { "type": "Point", "coordinates": [ 115.9702216, 31.6280374 ] } },
{ "type": "Feature", "properties": { "station_name_original": "Fuzhounan", "osmid": 7076314532, "english_name": "Fuzhou South Railway Station", "city": "Fuzhou", "province": "Fujian", "zh_name": "抚州南", "name": "福州火车南站", "name:en": "Fuzhou South Railway Station", "splitted": null, "degree": 6, "pop": 1711280.4, "capacity": 4, "rain": 0.0 }, "geometry": { "type": "Point", "coordinates": [ 119.3856516, 25.9887429 ] } },
{ "type": "Feature", "properties": { "station_name_original": "Jiujiang", "osmid": 2988920235, "english_name": "Jiujiang Railway Station", "city": "Jiujiang", "province": "Jiangxi", "zh_name": "九江", "name": "九江", "name:en": "Jiujiang", "splitted": null, "degree": 8, "pop": 1800707.2, "capacity": 4, "rain": 0.0 }, "geometry": { "type": "Point", "coordinates": [ 116.001671, 29.7066051 ] } },
{ "type": "Feature", "properties": { "station_name_original": "Fuyubei", "osmid": 6099991220, "english_name": "Fuyu North Railway Station", "city": "Fuyu", "province": "Jilin", "zh_name": "富裕北", "name": "扶余北", "name:en": "Fuyubei", "splitted": null, "degree": 5, "pop": 1137035.1, "capacity": 5, "rain": 0.0 }, "geometry": { "type": "Point", "coordinates": [ 125.997389500000011, 45.0061443 ] } },
{ "type": "Feature", "properties": { "station_name_original": "Longyan", "osmid": 638704454, "english_name": "Longyan Railway Station", "city": "Longyan", "province": "Fujian", "zh_name": "龙岩", "name": "龙岩", "name:en": "Longyan", "splitted": null, "degree": 16, "pop": 1029446.4, "capacity": 4, "rain": 0.0 }, "geometry": { "type": "Point", "coordinates": [ 117.0005603, 25.1000121 ] } },
{ "type": "Feature", "properties": { "station_name_original": "Jingxian", "osmid": 9524548104, "english_name": "Jingxian Railway Station", "city": "Jingxian", "province": "Anhui", "zh_name": null, "name": "泾县", "name:en": null, "splitted": null, "degree": 8, "pop": 735619.94, "capacity": 4, "rain": 0.0 }, "geometry": { "type": "Point", "coordinates": [ 118.3834924, 30.6607147 ] } },
{ "type": "Feature", "properties": { "station_name_original": "Wuxixinqu", "osmid": 9242148027, "english_name": "Wuxi New District Railway Station", "city": "Wuxi", "province": "Jiangsu", "zh_name": "无锡新区", "name": "无锡新区", "name:en": "Wuxi New Distric", "splitted": null, "degree": 7, "pop": 856789.31, "capacity": 3, "rain": 0.0 }, "geometry": { "type": "Point", "coordinates": [ 120.3875023, 31.4995998 ] } },
{ "type": "Feature", "properties": { "station_name_original": "Huangshibei", "osmid": 12732524418, "english_name": "Huangshi North Railway Station", "city": "Huangshi", "province": "Hubei", "zh_name": "黄石北", "name": "黄石北", "name:en": "Huangshibei", "splitted": null, "degree": 8, "pop": 1422689.8, "capacity": 4, "rain": 0.0 }, "geometry": { "type": "Point", "coordinates": [ 115.0028274, 30.2142887 ] } },
{ "type": "Feature", "properties": { "station_name_original": "Xinhuangxi", "osmid": 2953805433, "english_name": "Xinhuang West Railway Station", "city": "Xinhuang", "province": "Hunan", "zh_name": "新晃西", "name": "新晃西", "name:en": "Xinhuangxi", "splitted": null, "degree": 5, "pop": 262828.06, "capacity": 5, "rain": 0.0 }, "geometry": { "type": "Point", "coordinates": [ 109.121478700000011, 27.3834286 ] } },
{ "type": "Feature", "properties": { "station_name_original": "Nanling", "osmid": 9521935585, "english_name": "Nanling Railway Station", "city": "Nanling", "province": "Anhui", "zh_name": null, "name": "南陵", "name:en": "Nanling", "splitted": null, "degree": 7, "pop": 492768.84, "capacity": 3, "rain": 0.0 }, "geometry": { "type": "Point", "coordinates": [ 118.292740200000011, 30.8381731 ] } },
{ "type": "Feature", "properties": { "station_name_original": "Shenzhenpingshan", "osmid": 6708620732, "english_name": "Shenzhen Pingshan Railway Station", "city": "Shenzhen", "province": "Guangdong", "zh_name": "深圳坪山", "name": "深圳坪山", "name:en": "Shenzhen Pingshan", "splitted": null, "degree": 6, "pop": 4625119.5, "capacity": 5, "rain": 0.0 }, "geometry": { "type": "Point", "coordinates": [ 114.3239918, 22.7109618 ] } },
{ "type": "Feature", "properties": { "station_name_original": "Shamen", "osmid": 8870472891, "english_name": "Xiamen Railway Station", "city": "Xiamen", "province": "Fujian", "zh_name": "厦门", "name": "厦门火车站", "name:en": "Xiamen Railway Station", "splitted": null, "degree": 6, "pop": 2714362.0, "capacity": 4, "rain": 0.0 }, "geometry": { "type": "Point", "coordinates": [ 118.109362100000013, 24.4721333 ] } },
{ "type": "Feature", "properties": { "station_name_original": "Shuijiahu", "osmid": 8012738240, "english_name": "Shuijiahu Railway Station", "city": "Yunmeng", "province": "Hubei", "zh_name": "水家湖", "name": "水家湖", "name:en": "Shuijiahu", "splitted": null, "degree": 6, "pop": 406282.5, "capacity": 4, "rain": 0.0 }, "geometry": { "type": "Point", "coordinates": [ 117.164087900000013, 32.4853615 ] } },
{ "type": "Feature", "properties": { "station_name_original": "Fuyuanbei", "osmid": 3328330803, "english_name": "Fuyuan North Railway Station", "city": "Fuyuan", "province": "Heilongjiang", "zh_name": "富源北", "name": "富源北", "name:en": "Fuyuanbei", "splitted": null, "degree": 5, "pop": 2368922.5, "capacity": 4, "rain": 0.0 }, "geometry": { "type": "Point", "coordinates": [ 104.2685524, 25.716702 ] } },
{ "type": "Feature", "properties": { "station_name_original": "Gaizhouxi", "osmid": 2427157471, "english_name": "Gaizhou West Railway Station", "city": "Gaizhou", "province": "Liaoning", "zh_name": "盖州西", "name": "盖州西", "name:en": "Gaizhou West", "splitted": null, "degree": 11, "pop": 400421.88, "capacity": 3, "rain": 0.0 }, "geometry": { "type": "Point", "coordinates": [ 122.269040300000015, 40.4028941 ] } },
{ "type": "Feature", "properties": { "station_name_original": "Gongzhulingnan", "osmid": 4111704869, "english_name": "Gongzhuling South Railway Station", "city": "Gongzhuling", "province": "Jilin", "zh_name": "公主岭南", "name": "公主岭南", "name:en": "Gongzhuling South", "splitted": null, "degree": 6, "pop": 2783996.2, "capacity": 4, "rain": 0.0 }, "geometry": { "type": "Point", "coordinates": [ 124.809726, 43.470884 ] } },
{ "type": "Feature", "properties": { "station_name_original": "Dongandong", "osmid": 5144292957, "english_name": "Dong'an East Railway Station", "city": "Dong'an", "province": "Hunan", "zh_name": "东安东", "name": "东安东", "name:en": "Dong'andong", "splitted": null, "degree": 3, "pop": 804341.75, "capacity": 3, "rain": 0.0 }, "geometry": { "type": "Point", "coordinates": [ 111.3319194, 26.3810668 ] } },
{ "type": "Feature", "properties": { "station_name_original": "Jiaozhoubei", "osmid": 8253269139, "english_name": "Jiaozhou North Railway Station", "city": "Jiaozhou", "province": "Shandong", "zh_name": "胶州北", "name": "胶州北站", "name:en": "Jiaozhou North Railway Station", "splitted": null, "degree": 9, "pop": 1077956.9, "capacity": 4, "rain": 0.0 }, "geometry": { "type": "Point", "coordinates": [ 120.0498603, 36.3947845 ] } },
{ "type": "Feature", "properties": { "station_name_original": "Panjinbei", "osmid": 11630746913, "english_name": "Panjin North Railway Station", "city": "Panjin", "province": "Liaoning", "zh_name": "盘锦北", "name": "盘锦北", "name:en": "Panjinbei", "splitted": null, "degree": 10, "pop": 674428.12, "capacity": 5, "rain": 0.0 }, "geometry": { "type": "Point", "coordinates": [ 121.802583500000011, 41.3332488 ] } },
{ "type": "Feature", "properties": { "station_name_original": "Beipiao", "osmid": 4507849536, "english_name": "Beipiao Railway Station", "city": "Beipiao", "province": "Liaoning", "zh_name": "北票", "name": "北票", "name:en": null, "splitted": null, "degree": 2, "pop": 942477.12, "capacity": 5, "rain": 0.0 }, "geometry": { "type": "Point", "coordinates": [ 120.7836055, 41.7664385 ] } },
{ "type": "Feature", "properties": { "station_name_original": "Huishan", "osmid": 1983465568, "english_name": "Huishan Railway Station", "city": "Wuxi", "province": "Jiangsu", "zh_name": "惠山", "name": "惠山", "name:en": "Huishan", "splitted": null, "degree": 7, "pop": 2221451.5, "capacity": 3, "rain": 0.0 }, "geometry": { "type": "Point", "coordinates": [ 120.1963681, 31.6716041 ] } },
{ "type": "Feature", "properties": { "station_name_original": "Yichangdong", "osmid": 539460541, "english_name": "Yichang East Railway Station", "city": "Yichang", "province": "Hubei", "zh_name": "宜昌东", "name": "宜昌东", "name:en": "Yichangdong", "splitted": null, "degree": 5, "pop": 2879125.8, "capacity": 2, "rain": 0.0 }, "geometry": { "type": "Point", "coordinates": [ 111.364882400000013, 30.6604102 ] } },
{ "type": "Feature", "properties": { "station_name_original": "Jingde", "osmid": 13048463742, "english_name": "Jingde Railway Station", "city": "Jingde", "province": "Anhui", "zh_name": "旌德", "name": "旌德", "name:en": "Jingde", "splitted": null, "degree": 6, "pop": 537244.06, "capacity": 5, "rain": 0.0 }, "geometry": { "type": "Point", "coordinates": [ 118.5240859, 30.2946754 ] } },
{ "type": "Feature", "properties": { "station_name_original": "Yingdexi", "osmid": 2764430330, "english_name": "Yingde West Railway Station", "city": "Yingde", "province": "Guangdong", "zh_name": "英德西", "name": "英德西", "name:en": "Yingde West", "splitted": null, "degree": 6, "pop": 1545447.2, "capacity": 4, "rain": 0.0 }, "geometry": { "type": "Point", "coordinates": [ 113.344891100000012, 24.1625143 ] } },
{ "type": "Feature", "properties": { "station_name_original": "Hangzhou", "osmid": 7299090915, "english_name": "Hangzhou Railway Station", "city": "Hangzhou", "province": "Zhejiang", "zh_name": "杭州", "name": "杭州", "name:en": "Hangzhou", "splitted": null, "degree": 5, "pop": 2960755.5, "capacity": 2, "rain": 0.0 }, "geometry": { "type": "Point", "coordinates": [ 120.1783532, 30.2459675 ] } },
{ "type": "Feature", "properties": { "station_name_original": "Ezhou", "osmid": 12732524417, "english_name": "Ezhou Railway Station", "city": "Ezhou", "province": "Hubei", "zh_name": "鄂州", "name": "鄂州", "name:en": "Ezhou", "splitted": null, "degree": 4, "pop": 907441.88, "capacity": 3, "rain": 0.0 }, "geometry": { "type": "Point", "coordinates": [ 114.8613327, 30.3642379 ] } },
{ "type": "Feature", "properties": { "station_name_original": "Baigou", "osmid": 3947949904, "english_name": "Baigou Railway Station", "city": "Baoding", "province": "Hebei", "zh_name": "白沟", "name": "白沟", "name:en": "Baigou", "splitted": null, "degree": 5, "pop": 1577145.8, "capacity": 4, "rain": 0.0 }, "geometry": { "type": "Point", "coordinates": [ 116.0866639, 39.0859629 ] } },
{ "type": "Feature", "properties": { "station_name_original": "Minqingbei", "osmid": 9524540938, "english_name": "Minqing North Railway Station", "city": "Minqing", "province": "Fujian", "zh_name": "闽清北", "name": "闽清北", "name:en": null, "splitted": null, "degree": 5, "pop": 355179.03, "capacity": 4, "rain": 0.0 }, "geometry": { "type": "Point", "coordinates": [ 118.872458200000011, 26.290542 ] } },
{ "type": "Feature", "properties": { "station_name_original": "Dayebei", "osmid": 3097125157, "english_name": "Daye North Railway Station", "city": "Daye", "province": "Hubei", "zh_name": "大冶北", "name": "大冶北", "name:en": "Dayebei", "splitted": null, "degree": 7, "pop": 772068.19, "capacity": 4, "rain": 0.0 }, "geometry": { "type": "Point", "coordinates": [ 114.9953912, 30.1248683 ] } },
{ "type": "Feature", "properties": { "station_name_original": "Machengbei", "osmid": 7199441363, "english_name": "Macheng North Railway Station", "city": "Macheng", "province": "Hubei", "zh_name": "麻城北", "name": "麻城北", "name:en": null, "splitted": null, "degree": 6, "pop": 1715106.0, "capacity": 4, "rain": 0.0 }, "geometry": { "type": "Point", "coordinates": [ 114.9792945, 31.1892671 ] } },
{ "type": "Feature", "properties": { "station_name_original": "Yangxin", "osmid": 1769587486, "english_name": "Yangxin Railway Station", "city": "Yangxin", "province": "Hubei", "zh_name": "阳新", "name": "阳新", "name:en": "Yangxin", "splitted": null, "degree": 10, "pop": 757442.12, "capacity": 4, "rain": 0.0 }, "geometry": { "type": "Point", "coordinates": [ 115.1746628, 29.8621677 ] } },
{ "type": "Feature", "properties": { "station_name_original": "Yandangshan", "osmid": 7714110153, "english_name": "Yandangshan Railway Station", "city": "Leqing", "province": "Zhejiang", "zh_name": "雁荡山", "name": "雁荡山", "name:en": "Yandangshan", "splitted": null, "degree": 7, "pop": 774489.38, "capacity": 3, "rain": 0.0 }, "geometry": { "type": "Point", "coordinates": [ 121.1478227, 28.3444955 ] } },
{ "type": "Feature", "properties": { "station_name_original": "Puning", "osmid": 10555760577, "english_name": "Puning Railway Station", "city": "Puning", "province": "Guangdong", "zh_name": "普宁", "name": "普宁", "name:en": "Puning", "splitted": null, "degree": 8, "pop": 3127059.0, "capacity": 3, "rain": 0.0 }, "geometry": { "type": "Point", "coordinates": [ 116.194641, 23.2694032 ] } },
{ "type": "Feature", "properties": { "station_name_original": "Chaoyang", "osmid": 2832361211, "english_name": "Chaoyang Railway Station", "city": "Chaoyang", "province": "Liaoning", "zh_name": "朝阳", "name": "潮阳", "name:en": "Chaoyang", "splitted": null, "degree": 6, "pop": 2434838.2, "capacity": 3, "rain": 0.0 }, "geometry": { "type": "Point", "coordinates": [ 116.4173818, 23.3833607 ] } },
{ "type": "Feature", "properties": { "station_name_original": "Benxi", "osmid": 3525580953, "english_name": "Benxi Railway Station", "city": "Benxi", "province": "Liaoning", "zh_name": "本溪", "name": "本溪", "name:en": "Benxi", "splitted": null, "degree": 8, "pop": 1045761.7, "capacity": 3, "rain": 0.0 }, "geometry": { "type": "Point", "coordinates": [ 123.7520418, 41.2933368 ] } },
{ "type": "Feature", "properties": { "station_name_original": "Laibinbei", "osmid": 3677192583, "english_name": "Laibin North Railway Station", "city": "Laibin", "province": "Guangxi", "zh_name": "来宾北", "name": "来宾北", "name:en": "Laibinbei", "splitted": null, "degree": 3, "pop": 1743132.8, "capacity": 4, "rain": 0.0 }, "geometry": { "type": "Point", "coordinates": [ 109.240982300000013, 23.7545601 ] } },
{ "type": "Feature", "properties": { "station_name_original": "Dandong", "osmid": 582810252, "english_name": "Dandong Railway Station", "city": "Dandong", "province": "Liaoning", "zh_name": "丹东", "name": "丹东", "name:en": "Dandong", "splitted": null, "degree": 4, "pop": 780735.81, "capacity": 2, "rain": 0.0 }, "geometry": { "type": "Point", "coordinates": [ 124.3817595, 40.1228859 ] } },
{ "type": "Feature", "properties": { "station_name_original": "Lushan", "osmid": 1769587482, "english_name": "Lushan Railway Station", "city": "Lushan", "province": "Jiangxi", "zh_name": null, "name": "庐山", "name:en": "Lushan", "splitted": null, "degree": 10, "pop": 423016.0, "capacity": 3, "rain": 0.0 }, "geometry": { "type": "Point", "coordinates": [ 115.874339, 29.5996356 ] } },
{ "type": "Feature", "properties": { "station_name_original": "Jianyangnan", "osmid": 3500462638, "english_name": "Jianyang South Railway Station", "city": "Jianyang", "province": "Sichuan", "zh_name": "简阳南", "name": "简阳南", "name:en": "Jianyang South", "splitted": null, "degree": 6, "pop": 1732769.8, "capacity": 4, "rain": 0.0 }, "geometry": { "type": "Point", "coordinates": [ 104.515732, 30.3563573 ] } },
{ "type": "Feature", "properties": { "station_name_original": "Dazunan", "osmid": 9334658570, "english_name": "Dazu South Railway Station", "city": "Dazu", "province": "Chongqing", "zh_name": "大足南", "name": "大足南", "name:en": null, "splitted": null, "degree": 10, "pop": 948422.44, "capacity": 3, "rain": 0.0 }, "geometry": { "type": "Point", "coordinates": [ 105.7420242, 29.4235956 ] } },
{ "type": "Feature", "properties": { "station_name_original": "Huyi", "osmid": 9527263756, "english_name": "Huyi Railway Station", "city": "Xi'an", "province": "Shaanxi", "zh_name": "鄠邑", "name": "鄠邑", "name:en": "Huyi", "splitted": null, "degree": 5, "pop": 1963726.5, "capacity": 4, "rain": 0.0 }, "geometry": { "type": "Point", "coordinates": [ 108.675723, 34.080975 ] } },
{ "type": "Feature", "properties": { "station_name_original": "Yuchengdong", "osmid": 4039416861, "english_name": "Yucheng East Railway Station", "city": "Yucheng", "province": "Shandong", "zh_name": "禹城东", "name": "禹城东", "name:en": null, "splitted": null, "degree": 5, "pop": 2393545.0, "capacity": 3, "rain": 0.0 }, "geometry": { "type": "Point", "coordinates": [ 116.685640600000013, 37.0628285 ] } },
{ "type": "Feature", "properties": { "station_name_original": "Dangtudong", "osmid": 2987518504, "english_name": "Dangtu East Railway Station", "city": "Dangtu", "province": "Anhui", "zh_name": "当涂东", "name": "当涂东", "name:en": "Dangtu East", "splitted": null, "degree": 2, "pop": 635194.75, "capacity": 3, "rain": 0.0 }, "geometry": { "type": "Point", "coordinates": [ 118.5212094, 31.5635168 ] } },
{ "type": "Feature", "properties": { "station_name_original": "Pingyuandong", "osmid": 4039416860, "english_name": "Pingyuan East Railway Station", "city": "Pingyuan", "province": "Shandong", "zh_name": "平原东", "name": "平原东", "name:en": "Pingyuan East", "splitted": null, "degree": 5, "pop": 1764981.5, "capacity": 3, "rain": 0.0 }, "geometry": { "type": "Point", "coordinates": [ 116.5763201, 37.2173416 ] } },
{ "type": "Feature", "properties": { "station_name_original": "Shanghaixi", "osmid": 6898405622, "english_name": "Shanghai West Railway Station", "city": "Shanghai", "province": "Shanghai", "zh_name": "上海西", "name": "上海西站", "name:en": "Shanghai West Railway Station", "splitted": null, "degree": 5, "pop": 3096563.2, "capacity": 4, "rain": 0.0 }, "geometry": { "type": "Point", "coordinates": [ 121.3966477, 31.2651353 ] } },
{ "type": "Feature", "properties": { "station_name_original": "Minggangdong", "osmid": 8396976232, "english_name": "Minggang East Railway Station", "city": "Minggang", "province": "Henan", "zh_name": "明港东", "name": "明港东", "name:en": null, "splitted": null, "degree": 3, "pop": 1344809.5, "capacity": 3, "rain": 0.0 }, "geometry": { "type": "Point", "coordinates": [ 114.058878400000012, 32.4889453 ] } },
{ "type": "Feature", "properties": { "station_name_original": "Niuheliang", "osmid": 4507807331, "english_name": "Niuheliang Railway Station", "city": "Chaoyang", "province": "Liaoning", "zh_name": "牛河梁", "name": "牛河梁", "name:en": "Niuheliang", "splitted": null, "degree": 6, "pop": 2713501.0, "capacity": 4, "rain": 0.0 }, "geometry": { "type": "Point", "coordinates": [ 119.392794400000014, 41.1940677 ] } },
{ "type": "Feature", "properties": { "station_name_original": "Qinan", "osmid": 3682215468, "english_name": "Qin'an Railway Station", "city": "Qin'an", "province": "Gansu", "zh_name": "秦安", "name": "秦安", "name:en": "Qin'an", "splitted": null, "degree": 4, "pop": 2325993.0, "capacity": 4, "rain": 0.0 }, "geometry": { "type": "Point", "coordinates": [ 105.6551787, 34.8471947 ] } },
{ "type": "Feature", "properties": { "station_name_original": "Xinganbei", "osmid": 7830203476, "english_name": "Xingan North Railway Station", "city": "Xingan", "province": "Jiangxi", "zh_name": null, "name": "兴安北", "name:en": "Xing'an North", "splitted": null, "degree": 3, "pop": 632349.12, "capacity": 4, "rain": 0.0 }, "geometry": { "type": "Point", "coordinates": [ 110.66301940000001, 25.6765831 ] } },
{ "type": "Feature", "properties": { "station_name_original": "Jiangyou", "osmid": 1742504938, "english_name": "Jiangyou Railway Station", "city": "Jiangyou", "province": "Sichuan", "zh_name": "江油", "name": "江油", "name:en": "Jiangyou", "splitted": null, "degree": 5, "pop": 936283.88, "capacity": 4, "rain": 0.0 }, "geometry": { "type": "Point", "coordinates": [ 104.767541, 31.783437 ] } },
{ "type": "Feature", "properties": { "station_name_original": "Bishan", "osmid": 3500459008, "english_name": "Bishan Railway Station", "city": "Bishan", "province": "Chongqing", "zh_name": null, "name": "璧山", "name:en": "Bishan", "splitted": null, "degree": 9, "pop": 1385004.8, "capacity": 3, "rain": 0.0 }, "geometry": { "type": "Point", "coordinates": [ 106.2207032, 29.5066589 ] } },
{ "type": "Feature", "properties": { "station_name_original": "Fenghua", "osmid": 7714110160, "english_name": "Fenghua Railway Station", "city": "Fenghua", "province": "Zhejiang", "zh_name": "奉化", "name": "奉化", "name:en": "Fenghua", "splitted": null, "degree": 5, "pop": 1105504.1, "capacity": 3, "rain": 0.0 }, "geometry": { "type": "Point", "coordinates": [ 121.460225, 29.6304914 ] } },
{ "type": "Feature", "properties": { "station_name_original": "Qingsheng", "osmid": 6487873950, "english_name": "Qingsheng Railway Station", "city": "Foshan", "province": "Guangdong", "zh_name": "庆盛", "name": "庆盛", "name:en": "Qingsheng", "splitted": null, "degree": 4, "pop": 2979455.8, "capacity": 4, "rain": 0.0 }, "geometry": { "type": "Point", "coordinates": [ 113.485110400000011, 22.8697962 ] } },
{ "type": "Feature", "properties": { "station_name_original": "Jingdezhenbei", "osmid": 2988925898, "english_name": "Jingdezhen North Railway Station", "city": "Jingdezhen", "province": "Jiangxi", "zh_name": "景德镇北", "name": "景德镇北", "name:en": null, "splitted": null, "degree": 3, "pop": 1260556.4, "capacity": 4, "rain": 0.0 }, "geometry": { "type": "Point", "coordinates": [ 117.2376217, 29.3416354 ] } },
{ "type": "Feature", "properties": { "station_name_original": "Yantai", "osmid": 582812869, "english_name": "Yantai Railway Station", "city": "Yantai", "province": "Shandong", "zh_name": "烟台", "name": "烟台", "name:en": "Yantai", "splitted": null, "degree": 3, "pop": 1921700.8, "capacity": 2, "rain": 0.0 }, "geometry": { "type": "Point", "coordinates": [ 121.3774774, 37.5475659 ] } },
{ "type": "Feature", "properties": { "station_name_original": "Xiangyangdong", "osmid": 7713231790, "english_name": "Xiangyang East Railway Station", "city": "Xiangyang", "province": "Hubei", "zh_name": "襄阳东", "name": "襄阳东", "name:en": "Xiangyangdong", "splitted": null, "degree": 8, "pop": 3880124.5, "capacity": 3, "rain": 0.0 }, "geometry": { "type": "Point", "coordinates": [ 112.290445600000012, 32.0163888 ] } },
{ "type": "Feature", "properties": { "station_name_original": "Xianyangqindu", "osmid": 1532510499, "english_name": "Xianyang Qindu Railway Station", "city": "Xianyang", "province": "Shaanxi", "zh_name": null, "name": "咸阳", "name:en": "Xianyang", "splitted": null, "degree": 3, "pop": 2515962.0, "capacity": 3, "rain": 0.0 }, "geometry": { "type": "Point", "coordinates": [ 108.730115500000011, 34.3456993 ] } },
{ "type": "Feature", "properties": { "station_name_original": "Tianjin", "osmid": 11060813848, "english_name": "Tianjin Railway Station", "city": "Tianjin", "province": "Tianjin", "zh_name": "天津", "name": "天津站", "name:en": "Tianjin Station", "splitted": null, "degree": 8, "pop": 3890262.2, "capacity": 6, "rain": 0.0 }, "geometry": { "type": "Point", "coordinates": [ 117.2036099, 39.1371497 ] } },
{ "type": "Feature", "properties": { "station_name_original": "Sanmingbei", "osmid": 2501318815, "english_name": "Sanming North Railway Station", "city": "Sanming", "province": "Fujian", "zh_name": "三明北", "name": "三明北", "name:en": "Sanmingbei", "splitted": null, "degree": 8, "pop": 241365.88, "capacity": 3, "rain": 0.0 }, "geometry": { "type": "Point", "coordinates": [ 117.8018037, 26.3788958 ] } },
{ "type": "Feature", "properties": { "station_name_original": "Fuqing", "osmid": 1878843430, "english_name": "Fuqing Railway Station", "city": "Fuqing", "province": "Fujian", "zh_name": "福清", "name": "福清", "name:en": "Fuqing", "splitted": null, "degree": 4, "pop": 1772634.9, "capacity": 3, "rain": 0.0 }, "geometry": { "type": "Point", "coordinates": [ 119.3794399, 25.678311 ] } },
{ "type": "Feature", "properties": { "station_name_original": "Puwan", "osmid": 2832751253, "english_name": "Puwan Railway Station", "city": "Dalian", "province": "Liaoning", "zh_name": null, "name": "金普", "name:en": null, "splitted": null, "degree": 6, "pop": 964618.94, "capacity": 3, "rain": 0.0 }, "geometry": { "type": "Point", "coordinates": [ 121.8080027, 39.3288894 ] } },
{ "type": "Feature", "properties": { "station_name_original": "Mouping", "osmid": 3315768037, "english_name": "Mouping Railway Station", "city": "Yantai", "province": "Shandong", "zh_name": "牟平", "name": "牟平", "name:en": "Muping", "splitted": null, "degree": 3, "pop": 655454.19, "capacity": 4, "rain": 0.0 }, "geometry": { "type": "Point", "coordinates": [ 121.6461119, 37.4233064 ] } },
{ "type": "Feature", "properties": { "station_name_original": "Nanchang", "osmid": 2375669728, "english_name": "Nanchang Railway Station", "city": "Nanchang", "province": "Jiangxi", "zh_name": "南昌", "name": "南昌火车站", "name:en": "Nanchang Railway Station", "splitted": null, "degree": 10, "pop": 3942223.5, "capacity": 2, "rain": 0.0 }, "geometry": { "type": "Point", "coordinates": [ 115.9165603, 28.666623 ] } },
{ "type": "Feature", "properties": { "station_name_original": "Dongjiakou", "osmid": 6182217379, "english_name": "Dongjiakou Railway Station", "city": "Weifang", "province": "Shandong", "zh_name": "东家口", "name": "董家口火车站", "name:en": "Dongjiakou Railway Station", "splitted": null, "degree": 2, "pop": 1032054.1, "capacity": 3, "rain": 0.0 }, "geometry": { "type": "Point", "coordinates": [ 119.7105279, 35.6755411 ] } },
{ "type": "Feature", "properties": { "station_name_original": "Puanxian", "osmid": 3328330804, "english_name": "Puan Railway Station", "city": "Puan", "province": "Guizhou", "zh_name": null, "name": "普安县", "name:en": "Pu'an", "splitted": null, "degree": 5, "pop": 4034559.0, "capacity": 2, "rain": 0.0 }, "geometry": { "type": "Point", "coordinates": [ 104.8674326, 25.8058011 ] } },
{ "type": "Feature", "properties": { "station_name_original": "Shuangchengbei", "osmid": 1488712226, "english_name": "Shuangcheng North Railway Station", "city": "Shuangcheng", "province": "Heilongjiang", "zh_name": "双城北", "name": "双城北", "name:en": "Shuangchengbei", "splitted": null, "degree": 4, "pop": 695000.94, "capacity": 3, "rain": 0.0 }, "geometry": { "type": "Point", "coordinates": [ 126.2645857, 45.4238746 ] } },
{ "type": "Feature", "properties": { "station_name_original": "Fuyangxi", "osmid": 4592130192, "english_name": "Fuyang West Railway Station", "city": "Fuyang", "province": "Zhejiang", "zh_name": "富阳西", "name": "阜阳西", "name:en": "Fuyangxi", "splitted": null, "degree": 15, "pop": 3419591.0, "capacity": 8, "rain": 0.0 }, "geometry": { "type": "Point", "coordinates": [ 115.7476278, 32.8849409 ] } },
{ "type": "Feature", "properties": { "station_name_original": "Qishan", "osmid": 2820611675, "english_name": "Qishan Railway Station", "city": "Qishan", "province": "Shaanxi", "zh_name": "岐山", "name": "岐山", "name:en": "Qishan", "splitted": null, "degree": 3, "pop": 1614914.1, "capacity": 3, "rain": 0.0 }, "geometry": { "type": "Point", "coordinates": [ 107.6083301, 34.2756763 ] } },
{ "type": "Feature", "properties": { "station_name_original": "Zhaoqingdong", "osmid": 9195330007, "english_name": "Zhaoqing East Railway Station", "city": "Zhaoqing", "province": "Guangdong", "zh_name": "肇庆东", "name": "肇庆东", "name:en": "Zhaoqingdong", "splitted": null, "degree": 6, "pop": 1842132.6, "capacity": 2, "rain": 0.0 }, "geometry": { "type": "Point", "coordinates": [ 112.6581162, 23.2173959 ] } },
{ "type": "Feature", "properties": { "station_name_original": "Fanchangxi", "osmid": 9242148044, "english_name": "Fanchang West Railway Station", "city": "Fanchang", "province": "Anhui", "zh_name": "繁昌西", "name": "繁昌西", "name:en": null, "splitted": null, "degree": 2, "pop": 297885.03, "capacity": 3, "rain": 0.0 }, "geometry": { "type": "Point", "coordinates": [ 118.1530398, 31.0733641 ] } },
{ "type": "Feature", "properties": { "station_name_original": "Suizhongbei", "osmid": 1582507290, "english_name": "Suizhong North Railway Station", "city": "Suizhong", "province": "Liaoning", "zh_name": "绥中北", "name": "绥中北", "name:en": "Suizhongbei", "splitted": null, "degree": 4, "pop": 522912.19, "capacity": 2, "rain": 0.0 }, "geometry": { "type": "Point", "coordinates": [ 120.318709, 40.34713 ] } },
{ "type": "Feature", "properties": { "station_name_original": "Lufeng", "osmid": 1732278092, "english_name": "Lufeng Railway Station", "city": "Lufeng", "province": "Guangdong", "zh_name": null, "name": "陆丰", "name:en": "Lufeng", "splitted": null, "degree": 6, "pop": 1223347.4, "capacity": 3, "rain": 0.0 }, "geometry": { "type": "Point", "coordinates": [ 115.7284621, 22.9507378 ] } },
{ "type": "Feature", "properties": { "station_name_original": "Xinminbei", "osmid": 4507873121, "english_name": "Xinmin North Railway Station", "city": "Xinmin", "province": "Liaoning", "zh_name": "新民北", "name": "新民北", "name:en": "Xinminbei", "splitted": null, "degree": 5, "pop": 496277.44, "capacity": 2, "rain": 0.0 }, "geometry": { "type": "Point", "coordinates": [ 122.8002861, 42.022305 ] } },
{ "type": "Feature", "properties": { "station_name_original": "Qijiangdong", "osmid": 3695373142, "english_name": "Qijiang East Railway Station", "city": "Qijiang", "province": "Chongqing", "zh_name": "綦江东", "name": "綦江东", "name:en": "Qijiang West", "splitted": null, "degree": 6, "pop": 1243327.8, "capacity": 3, "rain": 0.0 }, "geometry": { "type": "Point", "coordinates": [ 106.658741400000011, 29.0262609 ] } },
{ "type": "Feature", "properties": { "station_name_original": "Wawushan", "osmid": 2760645643, "english_name": "Wawushan Railway Station", "city": "Hongya", "province": "Sichuan", "zh_name": "瓦屋山", "name": "瓦屋山", "name:en": "Wawushan Railway Station", "splitted": null, "degree": 5, "pop": 541011.5, "capacity": 2, "rain": 0.0 }, "geometry": { "type": "Point", "coordinates": [ 119.269235, 31.5609914 ] } },
{ "type": "Feature", "properties": { "station_name_original": "Yongannan", "osmid": 4665343372, "english_name": "Yong'an South Railway Station", "city": "Yong'an", "province": "Fujian", "zh_name": "永安南", "name": "永安南", "name:en": "Yong'annan", "splitted": null, "degree": 5, "pop": 409035.97, "capacity": 2, "rain": 0.0 }, "geometry": { "type": "Point", "coordinates": [ 117.3851905, 25.9414492 ] } },
{ "type": "Feature", "properties": { "station_name_original": "Jiangning", "osmid": 2830239653, "english_name": "Jiangning Railway Station", "city": "Nanjing", "province": "Jiangsu", "zh_name": "江宁", "name": "江宁", "name:en": "Jiangning", "splitted": null, "degree": 5, "pop": 675181.94, "capacity": 2, "rain": 0.0 }, "geometry": { "type": "Point", "coordinates": [ 118.8939146, 31.9386994 ] } },
{ "type": "Feature", "properties": { "station_name_original": "Lianyungang", "osmid": 4050213966, "english_name": "Lianyungang Railway Station", "city": "Lianyungang", "province": "Jiangsu", "zh_name": "连云港", "name": "连云港", "name:en": "Lianyungang", "splitted": null, "degree": 6, "pop": 2330099.8, "capacity": 4, "rain": 0.0 }, "geometry": { "type": "Point", "coordinates": [ 119.1577915, 34.6100545 ] } },
{ "type": "Feature", "properties": { "station_name_original": "Anjiangdong", "osmid": 7263485693, "english_name": "Anjiang East Railway Station", "city": "Huaihua", "province": "Hunan", "zh_name": "安江东", "name": "安江东", "name:en": null, "splitted": null, "degree": 3, "pop": 300982.75, "capacity": 2, "rain": 0.0 }, "geometry": { "type": "Point", "coordinates": [ 110.157444500000011, 27.3438287 ] } },
{ "type": "Feature", "properties": { "station_name_original": "Yanpingxi", "osmid": 6103626029, "english_name": "Yanping West Railway Station", "city": "Nanping", "province": "Fujian", "zh_name": "延平西", "name": "延平西", "name:en": "Yanpingxi", "splitted": null, "degree": 5, "pop": 281951.28, "capacity": 4, "rain": 0.0 }, "geometry": { "type": "Point", "coordinates": [ 118.1079842, 26.5707218 ] } },
{ "type": "Feature", "properties": { "station_name_original": "Poyang", "osmid": 11237974727, "english_name": "Poyang Railway Station", "city": "Poyang", "province": "Jiangxi", "zh_name": "鄱阳", "name": "鄱阳", "name:en": null, "splitted": null, "degree": 3, "pop": 2122216.0, "capacity": 4, "rain": 0.0 }, "geometry": { "type": "Point", "coordinates": [ 116.7943091, 28.9819727 ] } },
{ "type": "Feature", "properties": { "station_name_original": "Huaibei", "osmid": 8086787453, "english_name": "Huaibei Railway Station", "city": "Huaibei", "province": "Anhui", "zh_name": "淮北", "name": "淮北", "name:en": null, "splitted": null, "degree": 3, "pop": 2263042.0, "capacity": 2, "rain": 0.0 }, "geometry": { "type": "Point", "coordinates": [ 116.7971485, 33.9690204 ] } },
{ "type": "Feature", "properties": { "station_name_original": "Lanshanxi", "osmid": 9549447314, "english_name": "Lanshan West Railway Station", "city": "Lanshan", "province": "Hunan", "zh_name": null, "name": "岚山西", "name:en": null, "splitted": null, "degree": 3, "pop": 511569.69, "capacity": 2, "rain": 0.0 }, "geometry": { "type": "Point", "coordinates": [ 119.2708931, 35.1875003 ] } },
{ "type": "Feature", "properties": { "station_name_original": "Tianmennan", "osmid": 3053765017, "english_name": "Tianmen South Railway Station", "city": "Tianmen", "province": "Hubei", "zh_name": "天门南", "name": "天门南", "name:en": null, "splitted": null, "degree": 5, "pop": 1430407.8, "capacity": 3, "rain": 0.0 }, "geometry": { "type": "Point", "coordinates": [ 113.4503458, 30.4303814 ] } },
{ "type": "Feature", "properties": { "station_name_original": "Qishuyan", "osmid": 8453216524, "english_name": "Qishuyan Railway Station", "city": "Changzhou", "province": "Jiangsu", "zh_name": "戚墅堰", "name": "戚墅堰", "name:en": null, "splitted": null, "degree": 4, "pop": 1249413.2, "capacity": 2, "rain": 0.0 }, "geometry": { "type": "Point", "coordinates": [ 120.0623742, 31.7242359 ] } },
{ "type": "Feature", "properties": { "station_name_original": "Xinjinan", "osmid": 7341266742, "english_name": "Xinjin South Railway Station", "city": "Xinjin", "province": "Sichuan", "zh_name": null, "name": "辛集南", "name:en": null, "splitted": null, "degree": 4, "pop": 2098359.8, "capacity": 2, "rain": 0.0 }, "geometry": { "type": "Point", "coordinates": [ 115.204753, 37.8820558 ] } },
{ "type": "Feature", "properties": { "station_name_original": "Yongxiu", "osmid": 2290064248, "english_name": "Yongxiu Railway Station", "city": "Yongxiu", "province": "Jiangxi", "zh_name": "永修", "name": "永修", "name:en": "Yongxiu", "splitted": null, "degree": 4, "pop": 549687.12, "capacity": 3, "rain": 0.0 }, "geometry": { "type": "Point", "coordinates": [ 115.8108967, 29.0228881 ] } },
{ "type": "Feature", "properties": { "station_name_original": "Liaozhong", "osmid": 8431451878, "english_name": "Liaozhong Railway Station", "city": "Shenyang", "province": "Liaoning", "zh_name": "辽中", "name": "辽中", "name:en": "Liaozhong", "splitted": null, "degree": 6, "pop": 481758.12, "capacity": 3, "rain": 0.0 }, "geometry": { "type": "Point", "coordinates": [ 122.7655553, 41.5574341 ] } },
{ "type": "Feature", "properties": { "station_name_original": "Qinghe", "osmid": 9162460535, "english_name": "Qinghe Railway Station", "city": "Xingtai", "province": "Hebei", "zh_name": "清河", "name": "清河站", "name:en": "Qinghe Railway Station", "splitted": null, "degree": 7, "pop": 4021663.0, "capacity": 4, "rain": 0.0 }, "geometry": { "type": "Point", "coordinates": [ 116.308923, 40.0399116 ] } },
{ "type": "Feature", "properties": { "station_name_original": "Huainannan", "osmid": 7881542047, "english_name": "Huainan South Railway Station", "city": "Huainan", "province": "Anhui", "zh_name": "淮南南", "name": "淮南南", "name:en": "Huainannan", "splitted": null, "degree": 8, "pop": 804169.19, "capacity": 5, "rain": 0.0 }, "geometry": { "type": "Point", "coordinates": [ 117.0359185, 32.5442515 ] } },
{ "type": "Feature", "properties": { "station_name_original": "Xidu", "osmid": 5559297478, "english_name": "Xidu Railway Station", "city": "Shaoxing", "province": "Zhejiang", "zh_name": null, "name": "西渡", "name:en": null, "splitted": null, "degree": 4, "pop": 944267.5, "capacity": 3, "rain": 0.0 }, "geometry": { "type": "Point", "coordinates": [ 112.4226022, 27.0063729 ] } },
{ "type": "Feature", "properties": { "station_name_original": "Lechangdong", "osmid": 1126427517, "english_name": "Lechang East Railway Station", "city": "Lechang", "province": "Guangdong", "zh_name": "乐昌东", "name": "乐昌东", "name:en": "Lechang East", "splitted": null, "degree": 8, "pop": 1354539.9, "capacity": 2, "rain": 0.0 }, "geometry": { "type": "Point", "coordinates": [ 113.3906972, 25.116242 ] } },
{ "type": "Feature", "properties": { "station_name_original": "Chenggubei", "osmid": 3826011096, "english_name": "Chenggu North Railway Station", "city": "Chenggu", "province": "Shaanxi", "zh_name": "城固北", "name": "城固北", "name:en": "Chenggubei", "splitted": null, "degree": 5, "pop": 523410.12, "capacity": 3, "rain": 0.0 }, "geometry": { "type": "Point", "coordinates": [ 107.301450300000013, 33.1859761 ] } },
{ "type": "Feature", "properties": { "station_name_original": "Dingxibei", "osmid": 7276282771, "english_name": "Dingxi North Railway Station", "city": "Dingxi", "province": "Gansu", "zh_name": "定西北", "name": "定西北", "name:en": "Dingxi North", "splitted": null, "degree": 4, "pop": 2885744.5, "capacity": 4, "rain": 0.0 }, "geometry": { "type": "Point", "coordinates": [ 104.5834279, 35.6068067 ] } },
{ "type": "Feature", "properties": { "station_name_original": "Binhaibei", "osmid": 9276824795, "english_name": "Binhai North Railway Station", "city": "Binhai", "province": "Jiangsu", "zh_name": "滨海北", "name": "滨海北", "name:en": null, "splitted": null, "degree": 3, "pop": 942435.81, "capacity": 3, "rain": 0.0 }, "geometry": { "type": "Point", "coordinates": [ 117.7557697, 39.2351206 ] } },
{ "type": "Feature", "properties": { "station_name_original": "Wanzhoubei", "osmid": 3500359221, "english_name": "Wanzhou North Railway Station", "city": "Wanzhou", "province": "Chongqing", "zh_name": "万州北", "name": "万州北", "name:en": "Wanzhoubei", "splitted": null, "degree": 3, "pop": 4521225.0, "capacity": 2, "rain": 0.0 }, "geometry": { "type": "Point", "coordinates": [ 108.3621441, 30.8655821 ] } },
{ "type": "Feature", "properties": { "station_name_original": "Yongjia", "osmid": 7714110150, "english_name": "Yongjia Railway Station", "city": "Yongjia", "province": "Zhejiang", "zh_name": null, "name": "温州北", "name:en": "Wenzhoubei", "splitted": null, "degree": 4, "pop": 1566483.4, "capacity": 2, "rain": 0.0 }, "geometry": { "type": "Point", "coordinates": [ 120.69133140000001, 28.0710301 ] } },
{ "type": "Feature", "properties": { "station_name_original": "Yongfunan", "osmid": 4419760182, "english_name": "Yongfu South Railway Station", "city": "Yongfu", "province": "Guangxi", "zh_name": "永福南", "name": "永福南", "name:en": "Yongfunan", "splitted": null, "degree": 3, "pop": 294217.97, "capacity": 2, "rain": 0.0 }, "geometry": { "type": "Point", "coordinates": [ 109.994071100000014, 25.0013006 ] } },
{ "type": "Feature", "properties": { "station_name_original": "Sanming", "osmid": 4665328470, "english_name": "Sanming Railway Station", "city": "Sanming", "province": "Fujian", "zh_name": "三明", "name": "三明", "name:en": "Sanming", "splitted": null, "degree": 6, "pop": 557468.06, "capacity": 3, "rain": 0.0 }, "geometry": { "type": "Point", "coordinates": [ 117.585316400000011, 26.2329222 ] } },
{ "type": "Feature", "properties": { "station_name_original": "Ganyu", "osmid": 7661417607, "english_name": "Ganyu Railway Station", "city": "Lianyungang", "province": "Jiangsu", "zh_name": "赣榆", "name": "赣榆", "name:en": "Ganyu", "splitted": null, "degree": 3, "pop": 1014698.8, "capacity": 4, "rain": 0.0 }, "geometry": { "type": "Point", "coordinates": [ 119.106024100000013, 34.8797824 ] } },
{ "type": "Feature", "properties": { "station_name_original": "Shuangfengbei", "osmid": 8735302380, "english_name": "Shuangfeng North Railway Station", "city": "Shuangfeng", "province": "Hunan", "zh_name": "双峰北", "name": "双峰北", "name:en": null, "splitted": null, "degree": 2, "pop": 723985.94, "capacity": 3, "rain": 0.0 }, "geometry": { "type": "Point", "coordinates": [ 112.0078692, 27.5616655 ] } },
{ "type": "Feature", "properties": { "station_name_original": "Ruichangxi", "osmid": 3438554349, "english_name": "Ruichang West Railway Station", "city": "Ruichang", "province": "Jiangxi", "zh_name": "瑞昌西", "name": "瑞昌西", "name:en": "Ruichangxi", "splitted": null, "degree": 7, "pop": 610200.25, "capacity": 3, "rain": 0.0 }, "geometry": { "type": "Point", "coordinates": [ 115.628961800000013, 29.6626294 ] } },
{ "type": "Feature", "properties": { "station_name_original": "Honganxi", "osmid": 7199441362, "english_name": "Hong'an West Railway Station", "city": "Hong'an", "province": "Hubei", "zh_name": "红安西", "name": "红安西", "name:en": "Hong'anxi", "splitted": null, "degree": 3, "pop": 1155789.2, "capacity": 4, "rain": 0.0 }, "geometry": { "type": "Point", "coordinates": [ 114.626444600000013, 31.0062169 ] } },
{ "type": "Feature", "properties": { "station_name_original": "Jinjiang", "osmid": 7778190320, "english_name": "Jinjiang Railway Station", "city": "Jinjiang", "province": "Fujian", "zh_name": null, "name": "晋江", "name:en": "Jinjiang", "splitted": null, "degree": 4, "pop": 3568544.2, "capacity": 4, "rain": 0.0 }, "geometry": { "type": "Point", "coordinates": [ 118.4541454, 24.7974067 ] } },
{ "type": "Feature", "properties": { "station_name_original": "Zhangpingxi", "osmid": 4665343367, "english_name": "Zhangping West Railway Station", "city": "Zhangping", "province": "Fujian", "zh_name": "漳平西", "name": "漳平西", "name:en": "Zhangpingxi", "splitted": null, "degree": 4, "pop": 358781.38, "capacity": 3, "rain": 0.0 }, "geometry": { "type": "Point", "coordinates": [ 117.3556996, 25.3252672 ] } },
{ "type": "Feature", "properties": { "station_name_original": "Foshanxi", "osmid": 12134745606, "english_name": "Foshan West Railway Station", "city": "Foshan", "province": "Guangdong", "zh_name": "佛山西", "name": "佛山西站", "name:en": "Foshan West Railway Station", "splitted": null, "degree": 4, "pop": 4505056.0, "capacity": 3, "rain": 0.0 }, "geometry": { "type": "Point", "coordinates": [ 113.0280719, 23.0823919 ] } },
{ "type": "Feature", "properties": { "station_name_original": "Taocunbei", "osmid": 3914315828, "english_name": "Taocun North Railway Station", "city": "Qingdao", "province": "Shandong", "zh_name": "桃村北", "name": "桃村北", "name:en": "Taocun North", "splitted": null, "degree": 4, "pop": 708987.62, "capacity": 3, "rain": 0.0 }, "geometry": { "type": "Point", "coordinates": [ 121.1414823, 37.2109165 ] } },
{ "type": "Feature", "properties": { "station_name_original": "Yunchengbei", "osmid": 9513113927, "english_name": "Yuncheng North Railway Station", "city": "Yuncheng", "province": "Shanxi", "zh_name": "运城北", "name": "运城北", "name:en": null, "splitted": null, "degree": 5, "pop": 1461799.5, "capacity": 2, "rain": 0.0 }, "geometry": { "type": "Point", "coordinates": [ 110.978441800000013, 35.0996519 ] } },
{ "type": "Feature", "properties": { "station_name_original": "Duchang", "osmid": 2988923788, "english_name": "Duchang Railway Station", "city": "Duchang", "province": "Jiangxi", "zh_name": "都昌", "name": "都昌", "name:en": "Duchang", "splitted": null, "degree": 3, "pop": 927457.12, "capacity": 4, "rain": 0.0 }, "geometry": { "type": "Point", "coordinates": [ 116.41330090000001, 29.482147 ] } },
{ "type": "Feature", "properties": { "station_name_original": "Jurongxi", "osmid": 1769095955, "english_name": "Jurong West Railway Station", "city": "Jurong", "province": "Jiangsu", "zh_name": "句容西", "name": "句容西", "name:en": "Jurongxi Station", "splitted": null, "degree": 5, "pop": 521848.06, "capacity": 2, "rain": 0.0 }, "geometry": { "type": "Point", "coordinates": [ 118.9747075, 31.8347241 ] } },
{ "type": "Feature", "properties": { "station_name_original": "Rongcheng", "osmid": 3315766282, "english_name": "Rongcheng Railway Station", "city": "Rongcheng", "province": "Shandong", "zh_name": "荣成", "name": "荣成", "name:en": "Rongcheng", "splitted": null, "degree": 2, "pop": 678977.38, "capacity": 2, "rain": 0.0 }, "geometry": { "type": "Point", "coordinates": [ 122.4025972, 37.1437568 ] } },
{ "type": "Feature", "properties": { "station_name_original": "Zhangjiakou", "osmid": 843052502, "english_name": "Zhangjiakou Railway Station", "city": "Zhangjiakou", "province": "Hebei", "zh_name": "张家口", "name": "张家口", "name:en": "Zhangjiakou", "splitted": null, "degree": 9, "pop": 1724285.0, "capacity": 4, "rain": 0.0 }, "geometry": { "type": "Point", "coordinates": [ 114.8766144, 40.749518 ] } },
{ "type": "Feature", "properties": { "station_name_original": "Haiyangbei", "osmid": 4269503699, "english_name": "Haiyang North Railway Station", "city": "Haiyang", "province": "Shandong", "zh_name": "海阳北", "name": "海阳北", "name:en": "Haiyang North", "splitted": null, "degree": 7, "pop": 1106941.2, "capacity": 2, "rain": 0.0 }, "geometry": { "type": "Point", "coordinates": [ 120.956133200000011, 37.0688351 ] } },
{ "type": "Feature", "properties": { "station_name_original": "Qianjiang", "osmid": 3053778847, "english_name": "Qianjiang Railway Station", "city": "Qianjiang", "province": "Hubei", "zh_name": null, "name": "潜江", "name:en": null, "splitted": null, "degree": 4, "pop": 2349498.0, "capacity": 2, "rain": 0.0 }, "geometry": { "type": "Point", "coordinates": [ 112.9336844, 30.3920632 ] } },
{ "type": "Feature", "properties": { "station_name_original": "Antingbei", "osmid": 824530194, "english_name": "Anting North Railway Station", "city": "Shanghai", "province": "Shanghai", "zh_name": "安亭北", "name": "安亭北", "name:en": "Antingbei", "splitted": null, "degree": 4, "pop": 2131053.5, "capacity": 2, "rain": 0.0 }, "geometry": { "type": "Point", "coordinates": [ 121.1537318, 31.3163832 ] } },
{ "type": "Feature", "properties": { "station_name_original": "Wufushan", "osmid": 2987230246, "english_name": "Wufushan Railway Station", "city": "Chongqing", "province": "Chongqing", "zh_name": "五福山", "name": "五府山", "name:en": "Wufushan", "splitted": null, "degree": 3, "pop": 426175.34, "capacity": 3, "rain": 0.0 }, "geometry": { "type": "Point", "coordinates": [ 118.040978900000013, 28.2326117 ] } },
{ "type": "Feature", "properties": { "station_name_original": "Dexing", "osmid": 2517236620, "english_name": "Dexing Railway Station", "city": "Dexing", "province": "Jiangxi", "zh_name": "德兴", "name": "德兴", "name:en": "Dexing Railway Station", "splitted": null, "degree": 3, "pop": 332350.44, "capacity": 2, "rain": 0.0 }, "geometry": { "type": "Point", "coordinates": [ 117.8552437, 28.9604427 ] } },
{ "type": "Feature", "properties": { "station_name_original": "Heishanbei", "osmid": 4507869068, "english_name": "Heishan North Railway Station", "city": "Heishan", "province": "Liaoning", "zh_name": "黑山北", "name": "黑山北", "name:en": "Heishanbei", "splitted": null, "degree": 4, "pop": 377341.81, "capacity": 3, "rain": 0.0 }, "geometry": { "type": "Point", "coordinates": [ 122.294628, 42.0435761 ] } },
{ "type": "Feature", "properties": { "station_name_original": "Gongqingcheng", "osmid": 2447053249, "english_name": "Gongqingcheng Railway Station", "city": "Gongqingcheng", "province": "Jiangxi", "zh_name": "共青城", "name": "共青城", "name:en": "Gongqingcheng", "splitted": null, "degree": 6, "pop": 269714.78, "capacity": 3, "rain": 0.0 }, "geometry": { "type": "Point", "coordinates": [ 115.76975130000001, 29.245657 ] } },
{ "type": "Feature", "properties": { "station_name_original": "Jiamusi", "osmid": 2185005492, "english_name": "Jiamusi Railway Station", "city": "Jiamusi", "province": "Heilongjiang", "zh_name": "佳木斯", "name": "佳木斯", "name:en": "Jiamusi", "splitted": null, "degree": 1, "pop": 4286679.0, "capacity": 2, "rain": 0.0 }, "geometry": { "type": "Point", "coordinates": [ 130.37588820000002, 46.801709 ] } },
{ "type": "Feature", "properties": { "station_name_original": "Tongzidong", "osmid": 7620009556, "english_name": "Tongzi East Railway Station", "city": "Tongzi", "province": "Guizhou", "zh_name": "桐梓东", "name": "桐梓东", "name:en": null, "splitted": null, "degree": 9, "pop": 1394505.8, "capacity": 3, "rain": 0.0 }, "geometry": { "type": "Point", "coordinates": [ 106.8330123, 28.1186769 ] } },
{ "type": "Feature", "properties": { "station_name_original": "Duyundong", "osmid": 3676346504, "english_name": "Duyun East Railway Station", "city": "Duyun", "province": "Guizhou", "zh_name": "都匀东", "name": "都匀东", "name:en": "Duyundong", "splitted": null, "degree": 7, "pop": 2414323.5, "capacity": 2, "rain": 0.0 }, "geometry": { "type": "Point", "coordinates": [ 107.5812782, 26.1704167 ] } },
{ "type": "Feature", "properties": { "station_name_original": "Guanling", "osmid": 3328325801, "english_name": "Guanling Railway Station", "city": "Guanling", "province": "Guizhou", "zh_name": "关岭", "name": "关岭", "name:en": "Guanling", "splitted": null, "degree": 4, "pop": 2799167.8, "capacity": 2, "rain": 0.0 }, "geometry": { "type": "Point", "coordinates": [ 105.5249234, 25.9682623 ] } },
{ "type": "Feature", "properties": { "station_name_original": "Xifeng", "osmid": 1763164530, "english_name": "Xifeng Railway Station", "city": "Xifeng", "province": "Guizhou", "zh_name": null, "name": "息烽", "name:en": "Xifeng", "splitted": null, "degree": 4, "pop": 536334.62, "capacity": 3, "rain": 0.0 }, "geometry": { "type": "Point", "coordinates": [ 106.74374730000001, 27.0804206 ] } },
{ "type": "Feature", "properties": { "station_name_original": "Yangxianxi", "osmid": 3826011104, "english_name": "Yangxian West Railway Station", "city": "Yangxian", "province": "Shaanxi", "zh_name": "洋县西", "name": "洋县西", "name:en": "Yangxianxi", "splitted": null, "degree": 3, "pop": 963672.12, "capacity": 3, "rain": 0.0 }, "geometry": { "type": "Point", "coordinates": [ 107.5185584, 33.2287078 ] } },
{ "type": "Feature", "properties": { "station_name_original": "Chengdenan", "osmid": 4507818594, "english_name": "Chengde South Railway Station", "city": "Chengde", "province": "Hebei", "zh_name": "承德南", "name": "承德南", "name:en": "Chengdenan", "splitted": null, "degree": 2, "pop": 2283057.5, "capacity": 3, "rain": 0.0 }, "geometry": { "type": "Point", "coordinates": [ 117.9583137, 40.8827849 ] } },
{ "type": "Feature", "properties": { "station_name_original": "Suizhounan", "osmid": 8536806862, "english_name": "Suizhou South Railway Station", "city": "Suizhou", "province": "Hubei", "zh_name": "随州南", "name": "随州南", "name:en": null, "splitted": null, "degree": 7, "pop": 846217.25, "capacity": 4, "rain": 0.0 }, "geometry": { "type": "Point", "coordinates": [ 113.3574609, 31.6531859 ] } },
{ "type": "Feature", "properties": { "station_name_original": "Kazuo", "osmid": 9179735874, "english_name": "Kazuo Railway Station", "city": "Kazuo", "province": "Liaoning", "zh_name": "喀左", "name": "喀左", "name:en": "Kazuo", "splitted": null, "degree": 5, "pop": 801535.0, "capacity": 2, "rain": 0.0 }, "geometry": { "type": "Point", "coordinates": [ 119.8000824, 41.2221768 ] } },
{ "type": "Feature", "properties": { "station_name_original": "Hezhou", "osmid": 13505083618, "english_name": "Hezhou Railway Station", "city": "Hezhou", "province": "Guangxi", "zh_name": "贺州", "name": "贺州", "name:en": "Hezhou", "splitted": null, "degree": 7, "pop": 1503783.5, "capacity": 2, "rain": 0.0 }, "geometry": { "type": "Point", "coordinates": [ 111.5331768, 24.458926 ] } },
{ "type": "Feature", "properties": { "station_name_original": "Tongren", "osmid": 1681825151, "english_name": "Tongren Railway Station", "city": "Tongren", "province": "Guizhou", "zh_name": "铜仁", "name": "铜仁", "name:en": "Tongren", "splitted": null, "degree": 3, "pop": 4602915.5, "capacity": 1, "rain": 0.0 }, "geometry": { "type": "Point", "coordinates": [ 109.1997024, 27.7433205 ] } },
{ "type": "Feature", "properties": { "station_name_original": "Fangzheng", "osmid": 5697139260, "english_name": "Fangzheng Railway Station", "city": "Fangzheng", "province": "Heilongjiang", "zh_name": "方正", "name": "方正", "name:en": "Fangzheng", "splitted": null, "degree": 4, "pop": 336865.59, "capacity": 3, "rain": 0.0 }, "geometry": { "type": "Point", "coordinates": [ 128.80009530000001, 45.8653967 ] } },
{ "type": "Feature", "properties": { "station_name_original": "Binzhou", "osmid": 5697139255, "english_name": "Binzhou Railway Station", "city": "Binzhou", "province": "Shandong", "zh_name": null, "name": "宾州", "name:en": "Binzhou", "splitted": null, "degree": 4, "pop": 1139802.8, "capacity": 3, "rain": 0.0 }, "geometry": { "type": "Point", "coordinates": [ 127.4533796, 45.7729786 ] } },
{ "type": "Feature", "properties": { "station_name_original": "Shenfang", "osmid": 7714110152, "english_name": "Shenfang Railway Station", "city": "Baoding", "province": "Hebei", "zh_name": null, "name": "乐清东", "name:en": "Yueqingdong", "splitted": null, "degree": 4, "pop": 698316.88, "capacity": 3, "rain": 0.0 }, "geometry": { "type": "Point", "coordinates": [ 120.987496400000012, 28.2002762 ] } },
{ "type": "Feature", "properties": { "station_name_original": "Yilan", "osmid": 5697139268, "english_name": "Yilan Railway Station", "city": "Yilan", "province": "Heilongjiang", "zh_name": "依兰", "name": "依兰", "name:en": "Yilan", "splitted": null, "degree": 3, "pop": 818597.44, "capacity": 2, "rain": 0.0 }, "geometry": { "type": "Point", "coordinates": [ 129.600026900000017, 46.2771813 ] } },
{ "type": "Feature", "properties": { "station_name_original": "Xiagezhuang", "osmid": 7721237366, "english_name": "Xiagezhuang Railway Station", "city": "Qingdao", "province": "Shandong", "zh_name": "夏格庄", "name": "夏格庄", "name:en": null, "splitted": null, "degree": 5, "pop": 695389.25, "capacity": 2, "rain": 0.0 }, "geometry": { "type": "Point", "coordinates": [ 120.4408975, 36.65133 ] } },
{ "type": "Feature", "properties": { "station_name_original": "Qiqihaernan", "osmid": 7872489296, "english_name": "Qiqihar South Railway Station", "city": "Qiqihar", "province": "Heilongjiang", "zh_name": "齐齐哈尔南", "name": "齐齐哈尔南", "name:en": "Qiqiha'ernan", "splitted": null, "degree": 3, "pop": 1809655.6, "capacity": 2, "rain": 0.0 }, "geometry": { "type": "Point", "coordinates": [ 123.9653116, 47.2824806 ] } },
{ "type": "Feature", "properties": { "station_name_original": "Foping", "osmid": 10120263956, "english_name": "Foping Railway Station", "city": "Foping", "province": "Shaanxi", "zh_name": "佛坪", "name": "佛坪", "name:en": "Foping", "splitted": null, "degree": 5, "pop": 1906306.2, "capacity": 2, "rain": 0.0 }, "geometry": { "type": "Point", "coordinates": [ 107.9793513, 33.5018471 ] } },
{ "type": "Feature", "properties": { "station_name_original": "Weihaibei", "osmid": 4253918671, "english_name": "Weihai North Railway Station", "city": "Weihai", "province": "Shandong", "zh_name": "威海北", "name": "威海北", "name:en": "Weihaibei", "splitted": null, "degree": 2, "pop": 549301.0, "capacity": 3, "rain": 0.0 }, "geometry": { "type": "Point", "coordinates": [ 122.04301670000001, 37.4953271 ] } },
{ "type": "Feature", "properties": { "station_name_original": "Dunhua", "osmid": 4038070338, "english_name": "Dunhua Railway Station", "city": "Dunhua", "province": "Jilin", "zh_name": "敦化", "name": "敦化", "name:en": "Dunhua", "splitted": null, "degree": 4, "pop": 636214.75, "capacity": 2, "rain": 0.0 }, "geometry": { "type": "Point", "coordinates": [ 128.2403343, 43.3779174 ] } },
{ "type": "Feature", "properties": { "station_name_original": "Yanjixi", "osmid": 6655757505, "english_name": "Yanji West Railway Station", "city": "Yanji", "province": "Jilin", "zh_name": "延吉西", "name": "延吉西 연길서", "name:en": "Yanjixi", "splitted": null, "degree": 3, "pop": 922003.62, "capacity": 1, "rain": 0.0 }, "geometry": { "type": "Point", "coordinates": [ 129.4077614, 42.9025351 ] } },
{ "type": "Feature", "properties": { "station_name_original": "Linfenxi", "osmid": 3012035419, "english_name": "Linfen West Railway Station", "city": "Linfen", "province": "Shanxi", "zh_name": "临汾西", "name": "临汾西", "name:en": "Linfen", "splitted": null, "degree": 8, "pop": 1529456.8, "capacity": 3, "rain": 0.0 }, "geometry": { "type": "Point", "coordinates": [ 111.4594344, 36.1016459 ] } },
{ "type": "Feature", "properties": { "station_name_original": "Shaoyangxi", "osmid": 5559277116, "english_name": "Shaoyang West Railway Station", "city": "Shaoyang", "province": "Hunan", "zh_name": "邵阳西", "name": "邵阳西", "name:en": null, "splitted": null, "degree": 3, "pop": 541298.5, "capacity": 2, "rain": 0.0 }, "geometry": { "type": "Point", "coordinates": [ 111.2402308, 27.2137672 ] } },
{ "type": "Feature", "properties": { "station_name_original": "Yangchenghu", "osmid": 9242148029, "english_name": "Yangcheng Lake Railway Station", "city": "Suzhou", "province": "Jiangsu", "zh_name": "阳澄湖", "name": "阳澄湖", "name:en": null, "splitted": null, "degree": 3, "pop": 2449927.5, "capacity": 2, "rain": 0.0 }, "geometry": { "type": "Point", "coordinates": [ 120.8573261, 31.3822528 ] } },
{ "type": "Feature", "properties": { "station_name_original": "Liangpingnan", "osmid": 3500365769, "english_name": "Liangping South Railway Station", "city": "Liangping", "province": "Chongqing", "zh_name": "梁平南", "name": "梁平南", "name:en": "Liangpingnan", "splitted": null, "degree": 3, "pop": 4542836.5, "capacity": 3, "rain": 0.0 }, "geometry": { "type": "Point", "coordinates": [ 107.7654634, 30.6443282 ] } },
{ "type": "Feature", "properties": { "station_name_original": "Qingbaijiangdong", "osmid": 9527263758, "english_name": "Qingbaijiang East Railway Station", "city": "Chengdu", "province": "Sichuan", "zh_name": "青白江东", "name": "青白江东", "name:en": null, "splitted": null, "degree": 4, "pop": 1650751.2, "capacity": 3, "rain": 0.0 }, "geometry": { "type": "Point", "coordinates": [ 104.2230794, 30.8972219 ] } },
{ "type": "Feature", "properties": { "station_name_original": "Tongwei", "osmid": 3682204873, "english_name": "Tongwei Railway Station", "city": "Tongwei", "province": "Gansu", "zh_name": "通渭", "name": "通渭", "name:en": "Tongwei", "splitted": null, "degree": 4, "pop": 2962945.2, "capacity": 3, "rain": 0.0 }, "geometry": { "type": "Point", "coordinates": [ 105.2593837, 35.196262 ] } },
{ "type": "Feature", "properties": { "station_name_original": "Ganshuidong", "osmid": 3695359762, "english_name": "Ganshui East Railway Station", "city": "Chongqing", "province": "Chongqing", "zh_name": "甘水东", "name": "赶水东", "name:en": "Ganshui East", "splitted": null, "degree": 4, "pop": 586368.38, "capacity": 2, "rain": 0.0 }, "geometry": { "type": "Point", "coordinates": [ 106.7029727, 28.7657812 ] } },
{ "type": "Feature", "properties": { "station_name_original": "Zaoyang", "osmid": 9307694621, "english_name": "Zaoyang Railway Station", "city": "Zaoyang", "province": "Hubei", "zh_name": "枣阳", "name": "枣阳", "name:en": "Zaoyang", "splitted": null, "degree": 4, "pop": 1166769.6, "capacity": 3, "rain": 0.0 }, "geometry": { "type": "Point", "coordinates": [ 112.75602760000001, 32.072161 ] } },
{ "type": "Feature", "properties": { "station_name_original": "Houmaxi", "osmid": 4766563924, "english_name": "Houma West Railway Station", "city": "Houma", "province": "Shanxi", "zh_name": "侯马西", "name": "侯马西", "name:en": "Houmaxi", "splitted": null, "degree": 3, "pop": 1364235.9, "capacity": 1, "rain": 0.0 }, "geometry": { "type": "Point", "coordinates": [ 111.2820508, 35.6016811 ] } },
{ "type": "Feature", "properties": { "station_name_original": "Wuzhounan", "osmid": 3048726327, "english_name": "Wuzhou South Railway Station", "city": "Wuzhou", "province": "Guangxi", "zh_name": "梧州南", "name": "梧州南", "name:en": "Wuzhounan", "splitted": null, "degree": 6, "pop": 4670992.5, "capacity": 2, "rain": 0.0 }, "geometry": { "type": "Point", "coordinates": [ 111.217319, 23.3956042 ] } },
{ "type": "Feature", "properties": { "station_name_original": "Guilinxi", "osmid": 7775792087, "english_name": "Guilin West Railway Station", "city": "Guilin", "province": "Guangxi", "zh_name": "桂林西", "name": "桂林西", "name:en": "Guilinxi", "splitted": null, "degree": 6, "pop": 244372.7, "capacity": 2, "rain": 0.0 }, "geometry": { "type": "Point", "coordinates": [ 110.2625115, 25.3574053 ] } },
{ "type": "Feature", "properties": { "station_name_original": "Linyibei", "osmid": 9255881280, "english_name": "Linyi North Railway Station", "city": "Linyi", "province": "Shandong", "zh_name": "临沂北", "name": "临沂北", "name:en": "Linyibei", "splitted": null, "degree": 4, "pop": 5965822.5, "capacity": 4, "rain": 0.0 }, "geometry": { "type": "Point", "coordinates": [ 118.3748424, 35.1965267 ] } },
{ "type": "Feature", "properties": { "station_name_original": "Dean", "osmid": 2447146918, "english_name": "De'an Railway Station", "city": "De'an", "province": "Jiangxi", "zh_name": "德安", "name": "德安", "name:en": "De'an", "splitted": null, "degree": 5, "pop": 276780.84, "capacity": 2, "rain": 0.0 }, "geometry": { "type": "Point", "coordinates": [ 115.7618872, 29.3117818 ] } },
{ "type": "Feature", "properties": { "station_name_original": "Enshi", "osmid": 3467426477, "english_name": "Enshi Railway Station", "city": "Enshi", "province": "Hubei", "zh_name": "恩施", "name": "恩施", "name:en": "Enshi", "splitted": null, "degree": 4, "pop": 2472287.0, "capacity": 2, "rain": 0.0 }, "geometry": { "type": "Point", "coordinates": [ 109.479878, 30.3512785 ] } },
{ "type": "Feature", "properties": { "station_name_original": "Shantou", "osmid": 5610619909, "english_name": "Shantou Railway Station", "city": "Shantou", "province": "Guangdong", "zh_name": "汕头", "name": "汕头", "name:en": "Shantou", "splitted": null, "degree": 1, "pop": 2954902.8, "capacity": 2, "rain": 0.0 }, "geometry": { "type": "Point", "coordinates": [ 116.7524295, 23.3746875 ] } },
{ "type": "Feature", "properties": { "station_name_original": "Suzhouxinqu", "osmid": 5158381514, "english_name": "Suzhou New District Railway Station", "city": "Suzhou", "province": "Jiangsu", "zh_name": "苏州新区", "name": "苏州新区", "name:en": "Suzhou New Area", "splitted": null, "degree": 4, "pop": 1278139.6, "capacity": 2, "rain": 0.0 }, "geometry": { "type": "Point", "coordinates": [ 120.5205799, 31.3739426 ] } },
{ "type": "Feature", "properties": { "station_name_original": "Anluxi", "osmid": 8535913689, "english_name": "Anlu West Railway Station", "city": "Anlu", "province": "Hubei", "zh_name": "安陆西", "name": "安陆西", "name:en": null, "splitted": null, "degree": 7, "pop": 970574.38, "capacity": 3, "rain": 0.0 }, "geometry": { "type": "Point", "coordinates": [ 113.647050900000011, 31.2567844 ] } },
{ "type": "Feature", "properties": { "station_name_original": "Dianjiang", "osmid": 3500369575, "english_name": "Dianjiang Railway Station", "city": "Dianjiang", "province": "Chongqing", "zh_name": "垫江", "name": "垫江", "name:en": "Dianjiang", "splitted": null, "degree": 5, "pop": 2791541.5, "capacity": 2, "rain": 0.0 }, "geometry": { "type": "Point", "coordinates": [ 107.3737305, 30.3097234 ] } },
{ "type": "Feature", "properties": { "station_name_original": "Daqingdong", "osmid": 3701360573, "english_name": "Daqing East Railway Station", "city": "Daqing", "province": "Heilongjiang", "zh_name": "大庆东", "name": "大庆东", "name:en": "Daqingdong", "splitted": null, "degree": 5, "pop": 1313553.0, "capacity": 2, "rain": 0.0 }, "geometry": { "type": "Point", "coordinates": [ 125.116020400000011, 46.5306615 ] } },
{ "type": "Feature", "properties": { "station_name_original": "Zhuhai", "osmid": 8797152220, "english_name": "Zhuhai Railway Station", "city": "Zhuhai", "province": "Guangdong", "zh_name": "珠海", "name": "珠海", "name:en": "Zhuhai", "splitted": null, "degree": 1, "pop": 2835584.8, "capacity": 1, "rain": 0.0 }, "geometry": { "type": "Point", "coordinates": [ 113.5427717, 22.2176496 ] } },
{ "type": "Feature", "properties": { "station_name_original": "Jianmenguan", "osmid": 9527263757, "english_name": "Jianmenguan Railway Station", "city": "Jiange", "province": "Sichuan", "zh_name": "剑门关", "name": "剑门关", "name:en": null, "splitted": null, "degree": 2, "pop": 842465.69, "capacity": 2, "rain": 0.0 }, "geometry": { "type": "Point", "coordinates": [ 105.4810584, 32.283669 ] } },
{ "type": "Feature", "properties": { "station_name_original": "Huaibeibei", "osmid": 3624924998, "english_name": "Huaibei North Railway Station", "city": "Huaibei", "province": "Anhui", "zh_name": "淮北北", "name": "淮北北", "name:en": "Huaibeibei", "splitted": null, "degree": 2, "pop": 343542.75, "capacity": 2, "rain": 0.0 }, "geometry": { "type": "Point", "coordinates": [ 116.845366700000014, 34.0484726 ] } },
{ "type": "Feature", "properties": { "station_name_original": "Wendengdong", "osmid": 6382928240, "english_name": "Wendeng East Railway Station", "city": "Wendeng", "province": "Shandong", "zh_name": "文登东", "name": "文登东", "name:en": "Wendengdong", "splitted": null, "degree": 2, "pop": 568115.94, "capacity": 1, "rain": 0.0 }, "geometry": { "type": "Point", "coordinates": [ 122.2534298, 37.2404317 ] } },
{ "type": "Feature", "properties": { "station_name_original": "Hukou", "osmid": 2381264576, "english_name": "Hukou Railway Station", "city": "Hukou", "province": "Jiangxi", "zh_name": null, "name": "湖口", "name:en": "Hukou", "splitted": null, "degree": 4, "pop": 1433409.2, "capacity": 3, "rain": 0.0 }, "geometry": { "type": "Point", "coordinates": [ 116.2797775, 29.7316952 ] } },
{ "type": "Feature", "properties": { "station_name_original": "Qihe", "osmid": 6184600989, "english_name": "Qihe Railway Station", "city": "Qihe", "province": "Shandong", "zh_name": null, "name": "齐河", "name:en": "Qihe", "splitted": null, "degree": 5, "pop": 624252.44, "capacity": 5, "rain": 0.0 }, "geometry": { "type": "Point", "coordinates": [ 116.8568074, 36.8430613 ] } },
{ "type": "Feature", "properties": { "station_name_original": "Huhehaotedong", "osmid": 1670013561, "english_name": "Hohhot East Railway Station", "city": "Hohhot", "province": "Inner Mongolia", "zh_name": null, "name": "呼和浩特东", "name:en": "Hohhot East", "splitted": null, "degree": 4, "pop": 1081300.9, "capacity": 2, "rain": 0.0 }, "geometry": { "type": "Point", "coordinates": [ 111.7582244, 40.8497206 ] } },
{ "type": "Feature", "properties": { "station_name_original": "Xiaogandong", "osmid": 3377737086, "english_name": "Xiaogan East Railway Station", "city": "Xiaogan", "province": "Hubei", "zh_name": "孝感东", "name": "孝感东", "name:en": "Xiaogandong", "splitted": null, "degree": 6, "pop": 1138636.0, "capacity": 4, "rain": 0.0 }, "geometry": { "type": "Point", "coordinates": [ 113.9424846, 30.9357745 ] } },
{ "type": "Feature", "properties": { "station_name_original": "Kuitan", "osmid": 2990496474, "english_name": "Kuitan Railway Station", "city": "Qiqihar", "province": "Heilongjiang", "zh_name": "奎滩", "name": "葵潭", "name:en": "Kuitan", "splitted": null, "degree": 7, "pop": 993603.25, "capacity": 3, "rain": 0.0 }, "geometry": { "type": "Point", "coordinates": [ 115.9921558, 23.0670446 ] } },
{ "type": "Feature", "properties": { "station_name_original": "Xiangshuixian", "osmid": 4050159916, "english_name": "Xiangshui Railway Station", "city": "Xiangshui", "province": "Jiangsu", "zh_name": "响水县", "name": "响水县", "name:en": "Xiangshuixian", "splitted": null, "degree": 2, "pop": 707282.12, "capacity": 3, "rain": 0.0 }, "geometry": { "type": "Point", "coordinates": [ 119.682581700000014, 34.1932521 ] } },
{ "type": "Feature", "properties": { "station_name_original": "Binhaigang", "osmid": 4050163561, "english_name": "Binhai Port Railway Station", "city": "Binhai", "province": "Jiangsu", "zh_name": "滨海港", "name": "滨海港", "name:en": "Binhaigang", "splitted": null, "degree": 2, "pop": 833625.19, "capacity": 3, "rain": 0.0 }, "geometry": { "type": "Point", "coordinates": [ 119.855020700000011, 34.0599069 ] } },
{ "type": "Feature", "properties": { "station_name_original": "Funingdong", "osmid": 4050188145, "english_name": "Funing East Railway Station", "city": "Funing", "province": "Jiangsu", "zh_name": "阜宁东", "name": "阜宁东", "name:en": "Funingdong", "splitted": null, "degree": 2, "pop": 620832.75, "capacity": 3, "rain": 0.0 }, "geometry": { "type": "Point", "coordinates": [ 119.934298, 33.8005449 ] } },
{ "type": "Feature", "properties": { "station_name_original": "Sheyang", "osmid": 7856211589, "english_name": "Sheyang Railway Station", "city": "Sheyang", "province": "Jiangsu", "zh_name": "射阳", "name": "射阳", "name:en": "Sheyang", "splitted": null, "degree": 3, "pop": 573187.31, "capacity": 3, "rain": 0.0 }, "geometry": { "type": "Point", "coordinates": [ 120.0144322, 33.6837822 ] } },
{ "type": "Feature", "properties": { "station_name_original": "Xianyou", "osmid": 6760264206, "english_name": "Xianyou Railway Station", "city": "Xianyou", "province": "Fujian", "zh_name": "仙游", "name": "仙游", "name:en": "Xianyou", "splitted": null, "degree": 4, "pop": 1876526.6, "capacity": 2, "rain": 0.0 }, "geometry": { "type": "Point", "coordinates": [ 118.8650103, 25.2520858 ] } },
{ "type": "Feature", "properties": { "station_name_original": "Songming", "osmid": 3328336259, "english_name": "Songming Railway Station", "city": "Songming", "province": "Yunnan", "zh_name": "嵩明", "name": "嵩明", "name:en": "Songming", "splitted": null, "degree": 3, "pop": 4121186.0, "capacity": 2, "rain": 0.0 }, "geometry": { "type": "Point", "coordinates": [ 103.1356653, 25.2425678 ] } },
{ "type": "Feature", "properties": { "station_name_original": "Yunmengdong", "osmid": 8535898770, "english_name": "Yunmeng East Railway Station", "city": "Yunmeng", "province": "Hubei", "zh_name": "云梦东", "name": "云梦东", "name:en": "Yunmeng East", "splitted": null, "degree": 6, "pop": 1140248.2, "capacity": 3, "rain": 0.0 }, "geometry": { "type": "Point", "coordinates": [ 113.778936300000012, 31.0481301 ] } },
{ "type": "Feature", "properties": { "station_name_original": "Pingquanbei", "osmid": 4507808013, "english_name": "Pingquan North Railway Station", "city": "Pingquan", "province": "Hebei", "zh_name": "平泉北", "name": "平泉北", "name:en": "Pingquan North", "splitted": null, "degree": 4, "pop": 905276.75, "capacity": 2, "rain": 0.0 }, "geometry": { "type": "Point", "coordinates": [ 118.7056641, 41.037358 ] } },
{ "type": "Feature", "properties": { "station_name_original": "Zhijiangbei", "osmid": 3053787564, "english_name": "Zhijiang North Railway Station", "city": "Zhijiang", "province": "Hubei", "zh_name": "枝江北", "name": "枝江北", "name:en": "Zhijiangbei", "splitted": null, "degree": 2, "pop": 3640835.5, "capacity": 2, "rain": 0.0 }, "geometry": { "type": "Point", "coordinates": [ 111.7666231, 30.4796169 ] } },
{ "type": "Feature", "properties": { "station_name_original": "Mudanjiang", "osmid": 1603990218, "english_name": "Mudanjiang Railway Station", "city": "Mudanjiang", "province": "Heilongjiang", "zh_name": "牡丹江", "name": "牡丹江", "name:en": "Mudanjiang", "splitted": null, "degree": 3, "pop": 1051122.2, "capacity": 2, "rain": 0.0 }, "geometry": { "type": "Point", "coordinates": [ 129.6051496, 44.5890935 ] } },
{ "type": "Feature", "properties": { "station_name_original": "Shangzhinan", "osmid": 4684549549, "english_name": "Shangzhi South Railway Station", "city": "Shangzhi", "province": "Heilongjiang", "zh_name": "尚志南", "name": "尚志南", "name:en": "Shangzhi South Railway Station", "splitted": null, "degree": 6, "pop": 228611.23, "capacity": 2, "rain": 0.0 }, "geometry": { "type": "Point", "coordinates": [ 127.9468262, 45.1938285 ] } },
{ "type": "Feature", "properties": { "station_name_original": "Jiaohexi", "osmid": 4038110668, "english_name": "Jiaohe West Railway Station", "city": "Jiaohe", "province": "Jilin", "zh_name": "蛟河西", "name": "蛟河西", "name:en": "Jiaohexi", "splitted": null, "degree": 2, "pop": 772122.62, "capacity": 2, "rain": 0.0 }, "geometry": { "type": "Point", "coordinates": [ 127.293615, 43.726727 ] } },
{ "type": "Feature", "properties": { "station_name_original": "Zhongshan", "osmid": 11836127207, "english_name": "Zhongshan Railway Station", "city": "Zhongshan", "province": "Guangdong", "zh_name": "中山", "name": "中山", "name:en": "Zhongshan", "splitted": null, "degree": 2, "pop": 3379203.0, "capacity": 2, "rain": 0.0 }, "geometry": { "type": "Point", "coordinates": [ 113.428355700000012, 22.5467832 ] } },
{ "type": "Feature", "properties": { "station_name_original": "Afanggong", "osmid": 5762027860, "english_name": "Afanggong Railway Station", "city": "Xi'an", "province": "Shaanxi", "zh_name": null, "name": "西安西", "name:en": "Xi'an West", "splitted": null, "degree": 2, "pop": 2481354.5, "capacity": 2, "rain": 0.0 }, "geometry": { "type": "Point", "coordinates": [ 108.7516022, 34.2712527 ] } },
{ "type": "Feature", "properties": { "station_name_original": "Zhanjiangxi", "osmid": 7285032809, "english_name": "Zhanjiang West Railway Station", "city": "Zhanjiang", "province": "Guangdong", "zh_name": "湛江西", "name": "湛江西", "name:en": "Zhanjiangxi", "splitted": null, "degree": 1, "pop": 12689419.0, "capacity": 1, "rain": 0.0 }, "geometry": { "type": "Point", "coordinates": [ 110.283847400000013, 21.2456349 ] } },
{ "type": "Feature", "properties": { "station_name_original": "Maoming", "osmid": 1641859651, "english_name": "Maoming Railway Station", "city": "Maoming", "province": "Guangdong", "zh_name": "茂名", "name": "茂名", "name:en": "Maoming", "splitted": null, "degree": 2, "pop": 6801436.5, "capacity": 1, "rain": 0.0 }, "geometry": { "type": "Point", "coordinates": [ 110.924126300000012, 21.6453937 ] } },
{ "type": "Feature", "properties": { "station_name_original": "Xinhui", "osmid": 8401400286, "english_name": "Xinhui Railway Station", "city": "Jiangmen", "province": "Guangdong", "zh_name": "新会", "name": "新会", "name:en": "Xinhui", "splitted": null, "degree": 4, "pop": 3503410.0, "capacity": 2, "rain": 0.0 }, "geometry": { "type": "Point", "coordinates": [ 113.065886400000011, 22.5203259 ] } },
{ "type": "Feature", "properties": { "station_name_original": "Zhaodong", "osmid": 3701360574, "english_name": "Zhaodong Railway Station", "city": "Zhaodong", "province": "Heilongjiang", "zh_name": null, "name": "肇东", "name:en": "Zhaodong", "splitted": null, "degree": 4, "pop": 1715144.5, "capacity": 2, "rain": 0.0 }, "geometry": { "type": "Point", "coordinates": [ 125.9927318, 46.0755235 ] } },
{ "type": "Feature", "properties": { "station_name_original": "Ningqiangnan", "osmid": 3946003276, "english_name": "Ningqiang South Railway Station", "city": "Ningqiang", "province": "Shaanxi", "zh_name": "宁强南", "name": "宁强南", "name:en": "Ningqiangnan", "splitted": null, "degree": 2, "pop": 748769.12, "capacity": 2, "rain": 0.0 }, "geometry": { "type": "Point", "coordinates": [ 106.285072, 32.8238331 ] } },
{ "type": "Feature", "properties": { "station_name_original": "Fenglin", "osmid": 4710991169, "english_name": "Fenglin Railway Station", "city": "Yichun", "province": "Heilongjiang", "zh_name": "枫林", "name": "枫林", "name:en": "Fenglin Railway Station", "splitted": null, "degree": 3, "pop": 987712.81, "capacity": 2, "rain": 0.0 }, "geometry": { "type": "Point", "coordinates": [ 115.4039285, 29.7531844 ] } },
{ "type": "Feature", "properties": { "station_name_original": "Hefeibeicheng", "osmid": 6233986121, "english_name": "Hefei North City Railway Station", "city": "Hefei", "province": "Anhui", "zh_name": "合肥北城", "name": "合肥北城", "name:en": "Hefei Beicheng", "splitted": null, "degree": 5, "pop": 871751.75, "capacity": 3, "rain": 0.0 }, "geometry": { "type": "Point", "coordinates": [ 117.24669990000001, 32.0653535 ] } },
{ "type": "Feature", "properties": { "station_name_original": "Changle", "osmid": 2727040405, "english_name": "Changle Railway Station", "city": "Changle", "province": "Fujian", "zh_name": "长乐", "name": "昌乐", "name:en": "Changle", "splitted": null, "degree": 2, "pop": 1459742.0, "capacity": 2, "rain": 0.0 }, "geometry": { "type": "Point", "coordinates": [ 118.833415300000013, 36.7104569 ] } },
{ "type": "Feature", "properties": { "station_name_original": "Leshan", "osmid": 3740929566, "english_name": "Leshan Railway Station", "city": "Leshan", "province": "Sichuan", "zh_name": "乐山", "name": "乐山", "name:en": "Leshan", "splitted": null, "degree": 9, "pop": 1061699.2, "capacity": 3, "rain": 0.0 }, "geometry": { "type": "Point", "coordinates": [ 103.7096769, 29.6045812 ] } },
{ "type": "Feature", "properties": { "station_name_original": "Luohuangnan", "osmid": 3695372229, "english_name": "Luohuang South Railway Station", "city": "Chongqing", "province": "Chongqing", "zh_name": "罗湟南", "name": "珞璜南", "name:en": "Luohuangnan", "splitted": null, "degree": 6, "pop": 1435272.6, "capacity": 2, "rain": 0.0 }, "geometry": { "type": "Point", "coordinates": [ 106.4381953, 29.3022823 ] } },
{ "type": "Feature", "properties": { "station_name_original": "Zhoukoudong", "osmid": 9350376210, "english_name": "Zhoukou East Railway Station", "city": "Zhoukou", "province": "Henan", "zh_name": "周口东", "name": "周口东", "name:en": "Zhoukoudong", "splitted": null, "degree": 9, "pop": 2250310.8, "capacity": 3, "rain": 0.0 }, "geometry": { "type": "Point", "coordinates": [ 114.7407189, 33.6468018 ] } },
{ "type": "Feature", "properties": { "station_name_original": "Yangjiang", "osmid": 5485730495, "english_name": "Yangjiang Railway Station", "city": "Yangjiang", "province": "Guangdong", "zh_name": "阳江", "name": "阳江", "name:en": "Yangjiang", "splitted": null, "degree": 3, "pop": 1948519.2, "capacity": 1, "rain": 0.0 }, "geometry": { "type": "Point", "coordinates": [ 111.9859931, 21.8131032 ] } },
{ "type": "Feature", "properties": { "station_name_original": "Yijiang", "osmid": 7791053789, "english_name": "Yijiang Railway Station", "city": "Wuhu", "province": "Anhui", "zh_name": null, "name": "芜湖南", "name:en": "Wuhunan", "splitted": null, "degree": 3, "pop": 975646.25, "capacity": 1, "rain": 0.0 }, "geometry": { "type": "Point", "coordinates": [ 118.3742206, 31.2506335 ] } },
{ "type": "Feature", "properties": { "station_name_original": "Mengshan", "osmid": 9255881278, "english_name": "Mengshan Railway Station", "city": "Mengshan", "province": "Guangxi", "zh_name": "蒙山", "name": "蒙山", "name:en": null, "splitted": null, "degree": 4, "pop": 2288340.8, "capacity": 3, "rain": 0.0 }, "geometry": { "type": "Point", "coordinates": [ 117.6680482, 35.4489482 ] } },
{ "type": "Feature", "properties": { "station_name_original": "Anda", "osmid": 2662698010, "english_name": "Anda Railway Station", "city": "Anda", "province": "Heilongjiang", "zh_name": "安达", "name": "安达", "name:en": "Anda", "splitted": null, "degree": 3, "pop": 1328634.2, "capacity": 2, "rain": 0.0 }, "geometry": { "type": "Point", "coordinates": [ 125.3151766, 46.4003229 ] } },
{ "type": "Feature", "properties": { "station_name_original": "Shouxian", "osmid": 4592125064, "english_name": "Shouxian Railway Station", "city": "Shouxian", "province": "Anhui", "zh_name": "寿县", "name": "寿县", "name:en": "Shouxian", "splitted": null, "degree": 5, "pop": 1074336.5, "capacity": 3, "rain": 0.0 }, "geometry": { "type": "Point", "coordinates": [ 116.800552, 32.5950756 ] } },
{ "type": "Feature", "properties": { "station_name_original": "Tongliao", "osmid": 843153748, "english_name": "Tongliao Railway Station", "city": "Tongliao", "province": "Inner Mongolia", "zh_name": "通辽", "name": "通辽", "name:en": "Tongliao", "splitted": null, "degree": 2, "pop": 2999685.0, "capacity": 1, "rain": 0.0 }, "geometry": { "type": "Point", "coordinates": [ 122.265807400000014, 43.6016685 ] } },
{ "type": "Feature", "properties": { "station_name_original": "Chengdexianbei", "osmid": 4507816736, "english_name": "Chengde County North Railway Station", "city": "Chengde", "province": "Hebei", "zh_name": "承德县北", "name": "承德县北", "name:en": null, "splitted": null, "degree": 3, "pop": 591308.44, "capacity": 3, "rain": 0.0 }, "geometry": { "type": "Point", "coordinates": [ 118.28472020000001, 40.9341598 ] } },
{ "type": "Feature", "properties": { "station_name_original": "Wulanchabu", "osmid": 4283506941, "english_name": "Ulanqab Railway Station", "city": "Ulanqab", "province": "Inner Mongolia", "zh_name": "乌兰察布", "name": "乌兰察布", "name:en": "Wulanchabu", "splitted": null, "degree": 5, "pop": 3053959.0, "capacity": 3, "rain": 0.0 }, "geometry": { "type": "Point", "coordinates": [ 113.1523899, 40.963263 ] } },
{ "type": "Feature", "properties": { "station_name_original": "Daqingxi", "osmid": 1731938313, "english_name": "Daqing West Railway Station", "city": "Daqing", "province": "Heilongjiang", "zh_name": "大庆西", "name": "大庆西", "name:en": "Daqingxi", "splitted": null, "degree": 4, "pop": 1529984.2, "capacity": 1, "rain": 0.0 }, "geometry": { "type": "Point", "coordinates": [ 124.879575100000011, 46.6552599 ] } },
{ "type": "Feature", "properties": { "station_name_original": "Antuxi", "osmid": 4038062746, "english_name": "Antu West Railway Station", "city": "Antu", "province": "Jilin", "zh_name": "安图西", "name": "安图西", "name:en": "Antuxi", "splitted": null, "degree": 2, "pop": 180511.44, "capacity": 2, "rain": 0.0 }, "geometry": { "type": "Point", "coordinates": [ 128.888034800000014, 43.1109582 ] } },
{ "type": "Feature", "properties": { "station_name_original": "Bozhounan", "osmid": 8930866816, "english_name": "Bozhou South Railway Station", "city": "Bozhou", "province": "Anhui", "zh_name": "亳州南", "name": "亳州南", "name:en": "Bozhounan", "splitted": null, "degree": 6, "pop": 1901364.4, "capacity": 4, "rain": 0.0 }, "geometry": { "type": "Point", "coordinates": [ 115.7930907, 33.796241 ] } },
{ "type": "Feature", "properties": { "station_name_original": "Yingshangbei", "osmid": 9987644049, "english_name": "Yingshang North Railway Station", "city": "Yingshang", "province": "Anhui", "zh_name": "颍上北", "name": "颍上北", "name:en": null, "splitted": null, "degree": 4, "pop": 2596376.0, "capacity": 3, "rain": 0.0 }, "geometry": { "type": "Point", "coordinates": [ 116.205895500000011, 32.68115 ] } },
{ "type": "Feature", "properties": { "station_name_original": "Meizhouxi", "osmid": 13061379938, "english_name": "Meizhou West Railway Station", "city": "Meizhou", "province": "Guangdong", "zh_name": "梅州西", "name": "梅州西", "name:en": "Meizhouxi", "splitted": null, "degree": 3, "pop": 2699515.8, "capacity": 1, "rain": 0.0 }, "geometry": { "type": "Point", "coordinates": [ 116.043042, 24.2529231 ] } },
{ "type": "Feature", "properties": { "station_name_original": "Bijie", "osmid": 4631868962, "english_name": "Bijie Railway Station", "city": "Bijie", "province": "Guizhou", "zh_name": "毕节", "name": "毕节", "name:en": "Bijie", "splitted": null, "degree": 8, "pop": 1864223.0, "capacity": 3, "rain": 0.0 }, "geometry": { "type": "Point", "coordinates": [ 105.4157004, 27.2657729 ] } },
{ "type": "Feature", "properties": { "station_name_original": "Sanjiangnan", "osmid": 9527375842, "english_name": "Sanjiang South Railway Station", "city": "Sanjiang", "province": "Guangxi", "zh_name": "三江南", "name": "三江南", "name:en": null, "splitted": null, "degree": 3, "pop": 973506.5, "capacity": 1, "rain": 0.0 }, "geometry": { "type": "Point", "coordinates": [ 109.5715732, 25.7286956 ] } },
{ "type": "Feature", "properties": { "station_name_original": "Yangqiao", "osmid": 5559297514, "english_name": "Yangqiao Railway Station", "city": "Fuzhou", "province": "Fujian", "zh_name": "杨桥", "name": "杨桥", "name:en": null, "splitted": null, "degree": 2, "pop": 471957.09, "capacity": 1, "rain": 0.0 }, "geometry": { "type": "Point", "coordinates": [ 112.0031476, 27.1714678 ] } },
{ "type": "Feature", "properties": { "station_name_original": "Yibinxi", "osmid": 9334658566, "english_name": "Yibin West Railway Station", "city": "Yibin", "province": "Sichuan", "zh_name": "宜宾西", "name": "宜宾西", "name:en": "Yibinxi", "splitted": null, "degree": 9, "pop": 2366039.2, "capacity": 4, "rain": 0.0 }, "geometry": { "type": "Point", "coordinates": [ 104.6032423, 28.7257904 ] } },
{ "type": "Feature", "properties": { "station_name_original": "Jianxi", "osmid": 2941788642, "english_name": "Jian West Railway Station", "city": "Ji'an", "province": "Jiangxi", "zh_name": "吉安西", "name": "吉安西", "name:en": "Ji'anxi", "splitted": null, "degree": 12, "pop": 1336812.5, "capacity": 3, "rain": 0.0 }, "geometry": { "type": "Point", "coordinates": [ 114.928390400000012, 27.1394697 ] } },
{ "type": "Feature", "properties": { "station_name_original": "Jiangningxi", "osmid": 9242148045, "english_name": "Jiangning West Railway Station", "city": "Nanjing", "province": "Jiangsu", "zh_name": "江宁西", "name": "江宁西", "name:en": null, "splitted": null, "degree": 2, "pop": 647381.75, "capacity": 2, "rain": 0.0 }, "geometry": { "type": "Point", "coordinates": [ 118.5906798, 31.8257169 ] } },
{ "type": "Feature", "properties": { "station_name_original": "Houmen", "osmid": 10224522918, "english_name": "Houmen Railway Station", "city": "Wenzhou", "province": "Zhejiang", "zh_name": "后门", "name": "鲘门", "name:en": "Houmen", "splitted": null, "degree": 3, "pop": 558527.44, "capacity": 3, "rain": 0.0 }, "geometry": { "type": "Point", "coordinates": [ 115.1202422, 22.8156414 ] } },
{ "type": "Feature", "properties": { "station_name_original": "Sanyang", "osmid": 5728132767, "english_name": "Sanyang Railway Station", "city": "Wenzhou", "province": "Zhejiang", "zh_name": "三阳", "name": "三阳", "name:en": "Sanyang", "splitted": null, "degree": 3, "pop": 147751.88, "capacity": 1, "rain": 0.0 }, "geometry": { "type": "Point", "coordinates": [ 118.8018823, 30.0294857 ] } },
{ "type": "Feature", "properties": { "station_name_original": "Zhuangqiao", "osmid": 9863373266, "english_name": "Zhuangqiao Railway Station", "city": "Ningbo", "province": "Zhejiang", "zh_name": "庄桥", "name": "庄桥火车站", "name:en": "Zhuangqiao Railway Station", "splitted": null, "degree": 3, "pop": 2746701.5, "capacity": 2, "rain": 0.0 }, "geometry": { "type": "Point", "coordinates": [ 121.529058100000015, 29.9244596 ] } },
{ "type": "Feature", "properties": { "station_name_original": "Junanbei", "osmid": 9255881281, "english_name": "Junan North Railway Station", "city": "Junan", "province": "Shandong", "zh_name": "莒南北", "name": "莒南北", "name:en": null, "splitted": null, "degree": 3, "pop": 2605016.0, "capacity": 4, "rain": 0.0 }, "geometry": { "type": "Point", "coordinates": [ 118.792105600000014, 35.2737405 ] } },
{ "type": "Feature", "properties": { "station_name_original": "Zhaotian", "osmid": 7332499345, "english_name": "Zhaotian Railway Station", "city": "Luzhou", "province": "Sichuan", "zh_name": null, "name": "朝天", "name:en": "Chaotian", "splitted": null, "degree": 3, "pop": 381483.69, "capacity": 2, "rain": 0.0 }, "geometry": { "type": "Point", "coordinates": [ 106.0687709, 32.7070994 ] } },
{ "type": "Feature", "properties": { "station_name_original": "Changlinhe", "osmid": 9524540935, "english_name": "Changlinhe Railway Station", "city": "Yichang", "province": "Hubei", "zh_name": null, "name": "长临河", "name:en": null, "splitted": null, "degree": 3, "pop": 1084761.8, "capacity": 2, "rain": 0.0 }, "geometry": { "type": "Point", "coordinates": [ 117.4772427, 31.7006958 ] } },
{ "type": "Feature", "properties": { "station_name_original": "Jiexiudong", "osmid": 3012070492, "english_name": "Jiexiu East Railway Station", "city": "Jiexiu", "province": "Shanxi", "zh_name": "介休东", "name": "介休东", "name:en": "Jiexiu East", "splitted": null, "degree": 5, "pop": 2814262.0, "capacity": 1, "rain": 0.0 }, "geometry": { "type": "Point", "coordinates": [ 111.9821254, 37.0527979 ] } },
{ "type": "Feature", "properties": { "station_name_original": "Beijingbei", "osmid": 8016534536, "english_name": "Beijing North Railway Station", "city": "Beijing", "province": "Beijing", "zh_name": "北京北", "name": "北京北", "name:en": "Beijingbei", "splitted": null, "degree": 1, "pop": 3744335.2, "capacity": 2, "rain": 0.0 }, "geometry": { "type": "Point", "coordinates": [ 116.34618660000001, 39.9459061 ] } },
{ "type": "Feature", "properties": { "station_name_original": "Suqian", "osmid": 8223644856, "english_name": "Suqian Railway Station", "city": "Suqian", "province": "Jiangsu", "zh_name": "宿迁", "name": "宿迁", "name:en": "Suqian", "splitted": null, "degree": 6, "pop": 3472662.0, "capacity": 3, "rain": 0.0 }, "geometry": { "type": "Point", "coordinates": [ 118.2763099, 33.8749775 ] } },
{ "type": "Feature", "properties": { "station_name_original": "Huaiandong", "osmid": 4715013921, "english_name": "Huai'an East Railway Station", "city": "Huai'an", "province": "Jiangsu", "zh_name": "淮安东", "name": "淮安东", "name:en": "Huai'andong", "splitted": null, "degree": 7, "pop": 3351189.5, "capacity": 3, "rain": 0.0 }, "geometry": { "type": "Point", "coordinates": [ 119.1825411, 33.5704179 ] } },
{ "type": "Feature", "properties": { "station_name_original": "Hunchun", "osmid": 6545269239, "english_name": "Hunchun Railway Station", "city": "Hunchun", "province": "Jilin", "zh_name": "珲春", "name": "珲春 훈춘", "name:en": "Hunchun", "splitted": null, "degree": 2, "pop": 263572.44, "capacity": 1, "rain": 0.0 }, "geometry": { "type": "Point", "coordinates": [ 130.395323600000012, 42.8992207 ] } },
{ "type": "Feature", "properties": { "station_name_original": "Yancheng", "osmid": 7682857921, "english_name": "Yancheng Railway Station", "city": "Yancheng", "province": "Jiangsu", "zh_name": null, "name": "盐城", "name:en": "Yancheng", "splitted": null, "degree": 3, "pop": 4245563.0, "capacity": 3, "rain": 0.0 }, "geometry": { "type": "Point", "coordinates": [ 120.1796099, 33.374672 ] } },
{ "type": "Feature", "properties": { "station_name_original": "Pingyaogucheng", "osmid": 3012070515, "english_name": "Pingyao Ancient City Railway Station", "city": "Pingyao", "province": "Shanxi", "zh_name": "平遥古城", "name": "平遥古城", "name:en": "Pingyao Ancient City Station", "splitted": null, "degree": 7, "pop": 760731.62, "capacity": 1, "rain": 0.0 }, "geometry": { "type": "Point", "coordinates": [ 112.1434193, 37.1547195 ] } },
{ "type": "Feature", "properties": { "station_name_original": "Tumenbei", "osmid": 6650863285, "english_name": "Tumen North Railway Station", "city": "Tumen", "province": "Jilin", "zh_name": "图们北", "name": "图们北", "name:en": "Tumenbei", "splitted": null, "degree": 2, "pop": 233387.53, "capacity": 2, "rain": 0.0 }, "geometry": { "type": "Point", "coordinates": [ 129.792778100000021, 42.9944927 ] } },
{ "type": "Feature", "properties": { "station_name_original": "Huidong", "osmid": 8301434852, "english_name": "Huidong Railway Station", "city": "Huidong", "province": "Guangdong", "zh_name": "惠东", "name": "惠东", "name:en": "Huidong", "splitted": null, "degree": 5, "pop": 1177196.2, "capacity": 3, "rain": 0.0 }, "geometry": { "type": "Point", "coordinates": [ 114.7371846, 22.9354967 ] } },
{ "type": "Feature", "properties": { "station_name_original": "Pingbanan", "osmid": 3328318453, "english_name": "Pingba South Railway Station", "city": "Pingba", "province": "Guizhou", "zh_name": "平坝南", "name": "平坝南", "name:en": "Pingbanan", "splitted": null, "degree": 2, "pop": 1453812.6, "capacity": 2, "rain": 0.0 }, "geometry": { "type": "Point", "coordinates": [ 106.253422500000013, 26.3872527 ] } },
{ "type": "Feature", "properties": { "station_name_original": "Feixianbei", "osmid": 9255881279, "english_name": "Feixian North Railway Station", "city": "Feixian", "province": "Shandong", "zh_name": "费县北", "name": "费县北", "name:en": null, "splitted": null, "degree": 4, "pop": 1675654.2, "capacity": 3, "rain": 0.0 }, "geometry": { "type": "Point", "coordinates": [ 117.93036020000001, 35.3193907 ] } },
{ "type": "Feature", "properties": { "station_name_original": "Yanchengbei", "osmid": 4050200104, "english_name": "Yancheng North Railway Station", "city": "Yancheng", "province": "Jiangsu", "zh_name": "盐城北", "name": "盐城北", "name:en": "Yanchengbei", "splitted": null, "degree": 1, "pop": 494184.91, "capacity": 1, "rain": 0.0 }, "geometry": { "type": "Point", "coordinates": [ 120.0976829, 33.4501223 ] } },
{ "type": "Feature", "properties": { "station_name_original": "Nailingao", "osmid": 4507841540, "english_name": "Nailingao Railway Station", "city": "Tongliao", "province": "Inner Mongolia", "zh_name": "乃林高", "name": "奈林皋", "name:en": "Nailingao", "splitted": null, "degree": 3, "pop": 430106.66, "capacity": 1, "rain": 0.0 }, "geometry": { "type": "Point", "coordinates": [ 120.06234760000001, 41.3996606 ] } },
{ "type": "Feature", "properties": { "station_name_original": "Hailinbei", "osmid": 9160197901, "english_name": "Hailin North Railway Station", "city": "Hailin", "province": "Heilongjiang", "zh_name": "海林北", "name": "海林北", "name:en": null, "splitted": null, "degree": 4, "pop": 422361.38, "capacity": 2, "rain": 0.0 }, "geometry": { "type": "Point", "coordinates": [ 129.3660783, 44.6090673 ] } },
{ "type": "Feature", "properties": { "station_name_original": "Zhangwu", "osmid": 1655741373, "english_name": "Zhangwu Railway Station", "city": "Zhangwu", "province": "Liaoning", "zh_name": "彰武", "name": "彰武", "name:en": "Zhangwu", "splitted": null, "degree": 4, "pop": 381189.44, "capacity": 1, "rain": 0.0 }, "geometry": { "type": "Point", "coordinates": [ 122.5232289, 42.3848273 ] } },
{ "type": "Feature", "properties": { "station_name_original": "Shuangyang", "osmid": 7237831724, "english_name": "Shuangyang Railway Station", "city": "Changchun", "province": "Jilin", "zh_name": "双阳", "name": "双洋", "name:en": "Shuangyang", "splitted": null, "degree": 2, "pop": 244083.16, "capacity": 2, "rain": 0.0 }, "geometry": { "type": "Point", "coordinates": [ 117.368418600000012, 25.6220787 ] } },
{ "type": "Feature", "properties": { "station_name_original": "Tongzibei", "osmid": 3695356382, "english_name": "Tongzi North Railway Station", "city": "Tongzi", "province": "Guizhou", "zh_name": "桐梓北", "name": "桐梓北", "name:en": "Tongzi North", "splitted": null, "degree": 5, "pop": 1162606.8, "capacity": 2, "rain": 0.0 }, "geometry": { "type": "Point", "coordinates": [ 106.827091700000011, 28.3889097 ] } },
{ "type": "Feature", "properties": { "station_name_original": "Xuanhuabei", "osmid": 4759822025, "english_name": "Xuanhua North Railway Station", "city": "Zhangjiakou", "province": "Hebei", "zh_name": "宣化北", "name": "宣化北", "name:en": "Xuanhuabei", "splitted": null, "degree": 6, "pop": 741190.0, "capacity": 2, "rain": 0.0 }, "geometry": { "type": "Point", "coordinates": [ 115.0425337, 40.6316144 ] } },
{ "type": "Feature", "properties": { "station_name_original": "Ningde", "osmid": 5614557340, "english_name": "Ningde Railway Station", "city": "Ningde", "province": "Fujian", "zh_name": "宁德", "name": "宁德", "name:en": "Ningde", "splitted": null, "degree": 5, "pop": 1288900.4, "capacity": 2, "rain": 0.0 }, "geometry": { "type": "Point", "coordinates": [ 119.5793795, 26.6729441 ] } },
{ "type": "Feature", "properties": { "station_name_original": "Taiguxi", "osmid": 3012075980, "english_name": "Taigu West Railway Station", "city": "Taigu", "province": "Shanxi", "zh_name": "太谷西", "name": "太谷西", "name:en": null, "splitted": null, "degree": 4, "pop": 959556.19, "capacity": 1, "rain": 0.0 }, "geometry": { "type": "Point", "coordinates": [ 112.5030313, 37.4475002 ] } },
{ "type": "Feature", "properties": { "station_name_original": "Achengbei", "osmid": 6314359568, "english_name": "Acheng North Railway Station", "city": "Harbin", "province": "Heilongjiang", "zh_name": "阿城北", "name": "阿城北", "name:en": null, "splitted": null, "degree": 4, "pop": 852629.62, "capacity": 2, "rain": 0.0 }, "geometry": { "type": "Point", "coordinates": [ 127.017519400000012, 45.5874877 ] } },
{ "type": "Feature", "properties": { "station_name_original": "Tianhejichang", "osmid": 11128968036, "english_name": "Tianhe Airport Railway Station", "city": "Guangzhou", "province": "Guangdong", "zh_name": "天河机场", "name": "天河机场", "name:en": "Tianhe International Airport", "splitted": null, "degree": 3, "pop": 762421.31, "capacity": 3, "rain": 0.0 }, "geometry": { "type": "Point", "coordinates": [ 114.2117398, 30.7725 ] } },
{ "type": "Feature", "properties": { "station_name_original": "Weihexi", "osmid": 1603990260, "english_name": "Weihe West Railway Station", "city": "Weinan", "province": "Shaanxi", "zh_name": null, "name": "苇河", "name:en": "Weihe", "splitted": null, "degree": 6, "pop": 75880.664, "capacity": 2, "rain": 0.0 }, "geometry": { "type": "Point", "coordinates": [ 128.373209700000018, 44.9503589 ] } },
{ "type": "Feature", "properties": { "station_name_original": "Meishandong", "osmid": 11808935056, "english_name": "Meishan East Railway Station", "city": "Meishan", "province": "Sichuan", "zh_name": "眉山东", "name": "眉山东", "name:en": null, "splitted": null, "degree": 10, "pop": 1421796.8, "capacity": 2, "rain": 0.0 }, "geometry": { "type": "Point", "coordinates": [ 103.8209654, 30.0706646 ] } },
{ "type": "Feature", "properties": { "station_name_original": "Changshoubei", "osmid": 2775155961, "english_name": "Changshou North Railway Station", "city": "Chongqing", "province": "Chongqing", "zh_name": "长寿北", "name": "长寿北", "name:en": "Changshoubei", "splitted": null, "degree": 3, "pop": 895013.56, "capacity": 1, "rain": 0.0 }, "geometry": { "type": "Point", "coordinates": [ 107.0700824, 29.8832298 ] } },
{ "type": "Feature", "properties": { "station_name_original": "Huaian", "osmid": 4693191083, "english_name": "Huai'an Railway Station", "city": "Huai'an", "province": "Jiangsu", "zh_name": "淮安", "name": "怀安", "name:en": "Huai'an", "splitted": null, "degree": 5, "pop": 1158932.2, "capacity": 3, "rain": 0.0 }, "geometry": { "type": "Point", "coordinates": [ 114.39358150000001, 40.6844149 ] } },
{ "type": "Feature", "properties": { "station_name_original": "Yuxi", "osmid": 3695399273, "english_name": "Yuxi Railway Station", "city": "Yuxi", "province": "Yunnan", "zh_name": "玉溪", "name": "玉溪", "name:en": "Yuxi", "splitted": null, "degree": 1, "pop": 8971000.0, "capacity": 1, "rain": 0.0 }, "geometry": { "type": "Point", "coordinates": [ 102.5111152, 24.3421418 ] } },
{ "type": "Feature", "properties": { "station_name_original": "Binyang", "osmid": 4804713181, "english_name": "Binyang Railway Station", "city": "Binyang", "province": "Guangxi", "zh_name": "宾阳", "name": "宾阳", "name:en": "Binyang", "splitted": null, "degree": 3, "pop": 1702447.9, "capacity": 2, "rain": 0.0 }, "geometry": { "type": "Point", "coordinates": [ 109.0879476, 23.2195315 ] } },
{ "type": "Feature", "properties": { "station_name_original": "Huailai", "osmid": 4759815998, "english_name": "Huailai Railway Station", "city": "Huailai", "province": "Hebei", "zh_name": "怀来", "name": "怀来", "name:en": "Huailai", "splitted": null, "degree": 5, "pop": 338921.06, "capacity": 3, "rain": 0.0 }, "geometry": { "type": "Point", "coordinates": [ 115.5581345, 40.3766788 ] } },
{ "type": "Feature", "properties": { "station_name_original": "Guigang", "osmid": 3909327374, "english_name": "Guigang Railway Station", "city": "Guigang", "province": "Guangxi", "zh_name": null, "name": "贵港", "name:en": "Guigang", "splitted": null, "degree": 2, "pop": 8734137.0, "capacity": 1, "rain": 0.0 }, "geometry": { "type": "Point", "coordinates": [ 109.609059, 23.1028466 ] } },
{ "type": "Feature", "properties": { "station_name_original": "Zhushaguzhen", "osmid": 5184005947, "english_name": "Zhusha Ancient Town Railway Station", "city": "Enshi", "province": "Hubei", "zh_name": "朱砂古镇", "name": "朱砂古镇", "name:en": "Zhushaguzhen", "splitted": null, "degree": 3, "pop": 239328.62, "capacity": 1, "rain": 0.0 }, "geometry": { "type": "Point", "coordinates": [ 109.133344900000012, 27.5198398 ] } },
{ "type": "Feature", "properties": { "station_name_original": "Tongyuanbaoxi", "osmid": 9179735856, "english_name": "Tongyuanbao West Railway Station", "city": "Tonghua", "province": "Jilin", "zh_name": "通远堡西", "name": "通远堡西", "name:en": null, "splitted": null, "degree": 3, "pop": 252775.62, "capacity": 1, "rain": 0.0 }, "geometry": { "type": "Point", "coordinates": [ 123.9118981, 40.7773405 ] } },
{ "type": "Feature", "properties": { "station_name_original": "Nanxiangbei", "osmid": 9242148031, "english_name": "Nanxiang North Railway Station", "city": "Shanghai", "province": "Shanghai", "zh_name": "南翔北", "name": "南翔北", "name:en": null, "splitted": null, "degree": 3, "pop": 2064983.4, "capacity": 1, "rain": 0.0 }, "geometry": { "type": "Point", "coordinates": [ 121.3048205, 31.2834953 ] } },
{ "type": "Feature", "properties": { "station_name_original": "Youxi", "osmid": 2501327340, "english_name": "Youxi Railway Station", "city": "Youxi", "province": "Fujian", "zh_name": "尤溪", "name": "尤溪", "name:en": "Youxi", "splitted": null, "degree": 3, "pop": 332666.56, "capacity": 1, "rain": 0.0 }, "geometry": { "type": "Point", "coordinates": [ 118.136757300000014, 26.1702184 ] } },
{ "type": "Feature", "properties": { "station_name_original": "Hanchuan", "osmid": 3053748808, "english_name": "Hanchuan Railway Station", "city": "Hanchuan", "province": "Hubei", "zh_name": "汉川", "name": "汉川", "name:en": null, "splitted": null, "degree": 2, "pop": 1228533.2, "capacity": 1, "rain": 0.0 }, "geometry": { "type": "Point", "coordinates": [ 113.807248800000011, 30.5442023 ] } },
{ "type": "Feature", "properties": { "station_name_original": "Yabulixi", "osmid": 7109876317, "english_name": "Yabuli West Railway Station", "city": "Yabuli", "province": "Heilongjiang", "zh_name": "亚布力西", "name": null, "name:en": "Yabuli West Railway Station", "splitted": null, "degree": 5, "pop": 94603.812, "capacity": 2, "rain": 0.0 }, "geometry": { "type": "Point", "coordinates": [ 128.5805699, 44.9080235 ] } },
{ "type": "Feature", "properties": { "station_name_original": "Huanggangdong", "osmid": 9317600789, "english_name": "Huanggang East Railway Station", "city": "Huanggang", "province": "Hubei", "zh_name": "黄冈东", "name": "黄冈东", "name:en": "Huanggangdong", "splitted": null, "degree": 1, "pop": 1746345.8, "capacity": 1, "rain": 0.0 }, "geometry": { "type": "Point", "coordinates": [ 114.9811801, 30.5092137 ] } },
{ "type": "Feature", "properties": { "station_name_original": "Fengtainan", "osmid": 4592125078, "english_name": "Fengtai South Railway Station", "city": "Beijing", "province": "Beijing", "zh_name": "丰台南", "name": "凤台南", "name:en": "Fengtainan", "splitted": null, "degree": 5, "pop": 1737314.8, "capacity": 2, "rain": 0.0 }, "geometry": { "type": "Point", "coordinates": [ 116.6172776, 32.6385666 ] } },
{ "type": "Feature", "properties": { "station_name_original": "Gediannan", "osmid": 7134807754, "english_name": "Gedian South Railway Station", "city": "Ezhou", "province": "Hubei", "zh_name": "葛店南", "name": "葛店南站", "name:en": "Gedian South Railway Station", "splitted": null, "degree": 3, "pop": 539653.38, "capacity": 2, "rain": 0.0 }, "geometry": { "type": "Point", "coordinates": [ 114.655128, 30.4922424 ] } },
{ "type": "Feature", "properties": { "station_name_original": "Xiuwenxian", "osmid": 8211935366, "english_name": "Xiuwen Railway Station", "city": "Xiuwen", "province": "Guizhou", "zh_name": null, "name": "修文县", "name:en": null, "splitted": null, "degree": 3, "pop": 321224.84, "capacity": 1, "rain": 0.0 }, "geometry": { "type": "Point", "coordinates": [ 106.748899900000012, 26.854589 ] } },
{ "type": "Feature", "properties": { "station_name_original": "Xindudong", "osmid": 4765197373, "english_name": "Xindu East Railway Station", "city": "Chengdu", "province": "Sichuan", "zh_name": "新都东", "name": "新都东", "name:en": "Xindudong", "splitted": null, "degree": 4, "pop": 2102118.8, "capacity": 1, "rain": 0.0 }, "geometry": { "type": "Point", "coordinates": [ 104.192033200000012, 30.8020223 ] } },
{ "type": "Feature", "properties": { "station_name_original": "Luzhaibei", "osmid": 4419754645, "english_name": "Luzhai North Railway Station", "city": "Luzhai", "province": "Guangxi", "zh_name": "鹿寨北", "name": "鹿寨北", "name:en": "Luzhai North", "splitted": null, "degree": 3, "pop": 1088538.1, "capacity": 2, "rain": 0.0 }, "geometry": { "type": "Point", "coordinates": [ 109.6498986, 24.6435139 ] } },
{ "type": "Feature", "properties": { "station_name_original": "Ganqiqia", "osmid": 1655741289, "english_name": "Ganqika Railway Station", "city": "Qiqihar", "province": "Heilongjiang", "zh_name": "甘旗卡", "name": "甘旗卡", "name:en": "Ganqika", "splitted": null, "degree": 2, "pop": 320668.31, "capacity": 1, "rain": 0.0 }, "geometry": { "type": "Point", "coordinates": [ 122.3501708, 42.9563025 ] } },
{ "type": "Feature", "properties": { "station_name_original": "Siyang", "osmid": 3483861809, "english_name": "Siyang Railway Station", "city": "Siyang", "province": "Jiangsu", "zh_name": "泗阳", "name": "泗阳", "name:en": "Siyang", "splitted": null, "degree": 2, "pop": 2598863.5, "capacity": 2, "rain": 0.0 }, "geometry": { "type": "Point", "coordinates": [ 118.708757100000014, 33.7559585 ] } },
{ "type": "Feature", "properties": { "station_name_original": "Ganxianbei", "osmid": 2942018400, "english_name": "Ganxian North Railway Station", "city": "Ganzhou", "province": "Jiangxi", "zh_name": "赣县北", "name": "赣县北", "name:en": "Ganxianbei", "splitted": null, "degree": 6, "pop": 4226631.0, "capacity": 2, "rain": 0.0 }, "geometry": { "type": "Point", "coordinates": [ 115.150228500000011, 26.0093084 ] } },
{ "type": "Feature", "properties": { "station_name_original": "Pengshanbei", "osmid": 4087268660, "english_name": "Pengshan North Railway Station", "city": "Meishan", "province": "Sichuan", "zh_name": "彭山北", "name": "彭山北", "name:en": "Pengshanbei", "splitted": null, "degree": 4, "pop": 523684.84, "capacity": 3, "rain": 0.0 }, "geometry": { "type": "Point", "coordinates": [ 103.8595909, 30.2103951 ] } },
{ "type": "Feature", "properties": { "station_name_original": "Duerbote", "osmid": 2173106148, "english_name": "Duerbote Railway Station", "city": "Daqing", "province": "Heilongjiang", "zh_name": "杜尔伯特", "name": "杜尔伯特", "name:en": null, "splitted": null, "degree": 3, "pop": 706459.81, "capacity": 1, "rain": 0.0 }, "geometry": { "type": "Point", "coordinates": [ 124.4406414, 46.8688807 ] } },
{ "type": "Feature", "properties": { "station_name_original": "Zunyinan", "osmid": 3695320136, "english_name": "Zunyi South Railway Station", "city": "Zunyi", "province": "Guizhou", "zh_name": null, "name": "乌江寨", "name:en": "Wujiangzhai", "splitted": null, "degree": 6, "pop": 937557.12, "capacity": 1, "rain": 0.0 }, "geometry": { "type": "Point", "coordinates": [ 106.836325, 27.4496034 ] } },
{ "type": "Feature", "properties": { "station_name_original": "Nanfeng", "osmid": 2501345649, "english_name": "Nanfeng Railway Station", "city": "Nanfeng", "province": "Jiangxi", "zh_name": null, "name": "南丰", "name:en": "Nanfeng", "splitted": null, "degree": 4, "pop": 741149.12, "capacity": 2, "rain": 0.0 }, "geometry": { "type": "Point", "coordinates": [ 116.5973746, 27.2894082 ] } },
{ "type": "Feature", "properties": { "station_name_original": "Fengshundong", "osmid": 13061379941, "english_name": "Fengshun East Railway Station", "city": "Fengshun", "province": "Guangdong", "zh_name": "丰顺东", "name": "丰顺东", "name:en": "Fengshun East", "splitted": null, "degree": 3, "pop": 445500.72, "capacity": 1, "rain": 0.0 }, "geometry": { "type": "Point", "coordinates": [ 116.1861424, 23.8069818 ] } },
{ "type": "Feature", "properties": { "station_name_original": "Zhaoan", "osmid": 2990496476, "english_name": "Zhao'an Railway Station", "city": "Zhao'an", "province": "Fujian", "zh_name": "诏安", "name": "诏安", "name:en": "Zhao'an", "splitted": null, "degree": 6, "pop": 664350.94, "capacity": 1, "rain": 0.0 }, "geometry": { "type": "Point", "coordinates": [ 117.0926958, 23.774602 ] } },
{ "type": "Feature", "properties": { "station_name_original": "Shenglizhen", "osmid": 5697139253, "english_name": "Shenglizhen Railway Station", "city": "Daqing", "province": "Heilongjiang", "zh_name": "胜利镇", "name": "胜利镇", "name:en": "Shenglizhen", "splitted": null, "degree": 2, "pop": 552063.44, "capacity": 1, "rain": 0.0 }, "geometry": { "type": "Point", "coordinates": [ 127.9873323, 45.7866342 ] } },
{ "type": "Feature", "properties": { "station_name_original": "Fuding", "osmid": 2479269524, "english_name": "Fuding Railway Station", "city": "Fuding", "province": "Fujian", "zh_name": "福鼎", "name": "福鼎", "name:en": "Fuding", "splitted": null, "degree": 4, "pop": 898111.88, "capacity": 1, "rain": 0.0 }, "geometry": { "type": "Point", "coordinates": [ 120.1846007, 27.2855804 ] } },
{ "type": "Feature", "properties": { "station_name_original": "Changshouhu", "osmid": 3500369577, "english_name": "Changshou Lake Railway Station", "city": "Chongqing", "province": "Chongqing", "zh_name": "长寿湖", "name": "长寿湖", "name:en": "Changshouhu", "splitted": null, "degree": 3, "pop": 421229.44, "capacity": 2, "rain": 0.0 }, "geometry": { "type": "Point", "coordinates": [ 107.199971600000012, 29.9679275 ] } },
{ "type": "Feature", "properties": { "station_name_original": "Jiangyoubei", "osmid": 5130313330, "english_name": "Jiangyou North Railway Station", "city": "Jiangyou", "province": "Sichuan", "zh_name": "江油北", "name": "江油北", "name:en": "Jiangyoubei", "splitted": null, "degree": 3, "pop": 473914.59, "capacity": 1, "rain": 0.0 }, "geometry": { "type": "Point", "coordinates": [ 105.0722604, 31.9853742 ] } },
{ "type": "Feature", "properties": { "station_name_original": "Huozhoudong", "osmid": 3012041088, "english_name": "Huozhou East Railway Station", "city": "Huozhou", "province": "Shanxi", "zh_name": "霍州东", "name": "霍州东", "name:en": null, "splitted": null, "degree": 4, "pop": 850027.38, "capacity": 2, "rain": 0.0 }, "geometry": { "type": "Point", "coordinates": [ 111.8309504, 36.5647874 ] } },
{ "type": "Feature", "properties": { "station_name_original": "Linquan", "osmid": 8905032006, "english_name": "Linquan Railway Station", "city": "Linquan", "province": "Anhui", "zh_name": "临泉", "name": "临泉", "name:en": "Linquan", "splitted": null, "degree": 3, "pop": 3289634.0, "capacity": 3, "rain": 0.0 }, "geometry": { "type": "Point", "coordinates": [ 115.3720128, 33.024398 ] } },
{ "type": "Feature", "properties": { "station_name_original": "Yunxiao", "osmid": 9258885992, "english_name": "Yunxiao Railway Station", "city": "Yunxiao", "province": "Fujian", "zh_name": "云霄", "name": "云霄", "name:en": "Yunxiao", "splitted": null, "degree": 2, "pop": 790872.56, "capacity": 1, "rain": 0.0 }, "geometry": { "type": "Point", "coordinates": [ 117.3568609, 23.893835 ] } },
{ "type": "Feature", "properties": { "station_name_original": "Jiaozuo", "osmid": 1577895039, "english_name": "Jiaozuo Railway Station", "city": "Jiaozuo", "province": "Henan", "zh_name": "焦作", "name": "焦作", "name:en": "Jiaozuo", "splitted": null, "degree": 1, "pop": 7158877.5, "capacity": 1, "rain": 0.0 }, "geometry": { "type": "Point", "coordinates": [ 113.2287096, 35.2225958 ] } },
{ "type": "Feature", "properties": { "station_name_original": "Jianshi", "osmid": 3499299959, "english_name": "Jianshi Railway Station", "city": "Jianshi", "province": "Hubei", "zh_name": "建始", "name": "建始", "name:en": null, "splitted": null, "degree": 3, "pop": 2145581.8, "capacity": 1, "rain": 0.0 }, "geometry": { "type": "Point", "coordinates": [ 109.723454, 30.569824 ] } },
{ "type": "Feature", "properties": { "station_name_original": "Qianxi", "osmid": 3740915261, "english_name": "Qianxi Railway Station", "city": "Qianxi", "province": "Guizhou", "zh_name": "黔西", "name": "黔西", "name:en": "Qianxi", "splitted": null, "degree": 4, "pop": 1802092.1, "capacity": 2, "rain": 0.0 }, "geometry": { "type": "Point", "coordinates": [ 106.043688, 26.9888186 ] } },
{ "type": "Feature", "properties": { "station_name_original": "Shijiazhuangdong", "osmid": 2329423073, "english_name": "Shijiazhuang East Railway Station", "city": "Shijiazhuang", "province": "Hebei", "zh_name": "石家庄东", "name": "石家庄东", "name:en": "Shijiazhuang East", "splitted": null, "degree": 2, "pop": 1818259.8, "capacity": 2, "rain": 0.0 }, "geometry": { "type": "Point", "coordinates": [ 114.6213979, 38.0496512 ] } },
{ "type": "Feature", "properties": { "station_name_original": "Jinzhong", "osmid": 3012090162, "english_name": "Jinzhong Railway Station", "city": "Jinzhong", "province": "Shanxi", "zh_name": "晋中", "name": "晋中", "name:en": "Jinzhong", "splitted": null, "degree": 4, "pop": 1155260.8, "capacity": 1, "rain": 0.0 }, "geometry": { "type": "Point", "coordinates": [ 112.636069600000013, 37.6861958 ] } },
{ "type": "Feature", "properties": { "station_name_original": "Nanchongbei", "osmid": 3500325327, "english_name": "Nanchong North Railway Station", "city": "Nanchong", "province": "Sichuan", "zh_name": "南充北", "name": "南充北", "name:en": "Nanchongbei", "splitted": null, "degree": 2, "pop": 4534993.0, "capacity": 1, "rain": 0.0 }, "geometry": { "type": "Point", "coordinates": [ 106.0659281, 30.8600344 ] } },
{ "type": "Feature", "properties": { "station_name_original": "Fengdu", "osmid": 3499357608, "english_name": "Fengdu Railway Station", "city": "Fengdu", "province": "Chongqing", "zh_name": "丰都", "name": "丰都", "name:en": null, "splitted": null, "degree": 2, "pop": 899876.19, "capacity": 1, "rain": 0.0 }, "geometry": { "type": "Point", "coordinates": [ 107.685842, 29.8480689 ] } },
{ "type": "Feature", "properties": { "station_name_original": "Jieyang", "osmid": 9202090144, "english_name": "Jieyang Railway Station", "city": "Jieyang", "province": "Guangdong", "zh_name": "揭阳", "name": "揭阳", "name:en": null, "splitted": null, "degree": 3, "pop": 1461959.2, "capacity": 1, "rain": 0.0 }, "geometry": { "type": "Point", "coordinates": [ 116.3296741, 23.6116842 ] } },
{ "type": "Feature", "properties": { "station_name_original": "Benxixincheng", "osmid": 4622137473, "english_name": "Benxi New City Railway Station", "city": "Benxi", "province": "Liaoning", "zh_name": "本溪新城", "name": "本溪新城", "name:en": "Benxixincheng", "splitted": null, "degree": 2, "pop": 630661.81, "capacity": 1, "rain": 0.0 }, "geometry": { "type": "Point", "coordinates": [ 123.672099300000013, 41.4801927 ] } },
{ "type": "Feature", "properties": { "station_name_original": "Hongdongxi", "osmid": 3012035857, "english_name": "Hongdong West Railway Station", "city": "Hongdong", "province": "Shanxi", "zh_name": "洪洞西", "name": "洪洞西", "name:en": "Hongdong West", "splitted": null, "degree": 4, "pop": 1073100.6, "capacity": 2, "rain": 0.0 }, "geometry": { "type": "Point", "coordinates": [ 111.5757497, 36.2553507 ] } },
{ "type": "Feature", "properties": { "station_name_original": "Fulingbei", "osmid": 3499357609, "english_name": "Fuling North Railway Station", "city": "Chongqing", "province": "Chongqing", "zh_name": "涪陵北", "name": "涪陵北", "name:en": null, "splitted": null, "degree": 2, "pop": 1157960.9, "capacity": 1, "rain": 0.0 }, "geometry": { "type": "Point", "coordinates": [ 107.2731148, 29.7730864 ] } },
{ "type": "Feature", "properties": { "station_name_original": "Sishuinan", "osmid": 9255881277, "english_name": "Sishui South Railway Station", "city": "Sishui", "province": "Shandong", "zh_name": "泗水南", "name": "泗水南", "name:en": null, "splitted": null, "degree": 3, "pop": 886961.75, "capacity": 2, "rain": 0.0 }, "geometry": { "type": "Point", "coordinates": [ 117.2761614, 35.5351641 ] } },
{ "type": "Feature", "properties": { "station_name_original": "Lichuan", "osmid": 2843985541, "english_name": "Lichuan Railway Station", "city": "Lichuan", "province": "Hubei", "zh_name": "利川", "name": "利川", "name:en": "Lichuan", "splitted": null, "degree": 3, "pop": 1682532.5, "capacity": 1, "rain": 0.0 }, "geometry": { "type": "Point", "coordinates": [ 108.9359725, 30.2811807 ] } },
{ "type": "Feature", "properties": { "station_name_original": "Wulongbeidong", "osmid": 9179735854, "english_name": "Wulong North East Railway Station", "city": "Chongqing", "province": "Chongqing", "zh_name": null, "name": "五龙背东", "name:en": null, "splitted": null, "degree": 3, "pop": 373062.5, "capacity": 2, "rain": 0.0 }, "geometry": { "type": "Point", "coordinates": [ 124.2815334, 40.2630636 ] } },
{ "type": "Feature", "properties": { "station_name_original": "Ruijin", "osmid": 2837798894, "english_name": "Ruijin Railway Station", "city": "Ruijin", "province": "Jiangxi", "zh_name": "瑞金", "name": "瑞金", "name:en": "Ruijin", "splitted": null, "degree": 4, "pop": 1294322.2, "capacity": 3, "rain": 0.0 }, "geometry": { "type": "Point", "coordinates": [ 116.051108500000012, 25.8665598 ] } },
{ "type": "Feature", "properties": { "station_name_original": "Yudu", "osmid": 1641971972, "english_name": "Yudu Railway Station", "city": "Yudu", "province": "Jiangxi", "zh_name": "于都", "name": "于都", "name:en": "Yudu", "splitted": null, "degree": 5, "pop": 881124.06, "capacity": 2, "rain": 0.0 }, "geometry": { "type": "Point", "coordinates": [ 115.4114865, 25.978581 ] } },
{ "type": "Feature", "properties": { "station_name_original": "Donggangbei", "osmid": 9166853507, "english_name": "Donggang North Railway Station", "city": "Donggang", "province": "Liaoning", "zh_name": "东港北", "name": "东港北", "name:en": "Donggangbei", "splitted": null, "degree": 2, "pop": 489760.38, "capacity": 1, "rain": 0.0 }, "geometry": { "type": "Point", "coordinates": [ 124.124677800000015, 39.9089585 ] } },
{ "type": "Feature", "properties": { "station_name_original": "Zhangpu", "osmid": 9258885993, "english_name": "Zhangpu Railway Station", "city": "Zhangpu", "province": "Fujian", "zh_name": "漳浦", "name": "漳浦", "name:en": "Zhangpu", "splitted": null, "degree": 3, "pop": 797493.0, "capacity": 1, "rain": 0.0 }, "geometry": { "type": "Point", "coordinates": [ 117.5581513, 24.0991136 ] } },
{ "type": "Feature", "properties": { "station_name_original": "Gaochengnan", "osmid": 4039408531, "english_name": "Gaocheng South Railway Station", "city": "Gaocheng", "province": "Hebei", "zh_name": "藁城南", "name": "藁城南", "name:en": "Gaocheng South", "splitted": null, "degree": 2, "pop": 1495133.0, "capacity": 1, "rain": 0.0 }, "geometry": { "type": "Point", "coordinates": [ 114.8490091, 37.9854357 ] } },
{ "type": "Feature", "properties": { "station_name_original": "Taihedong", "osmid": 7013047628, "english_name": "Taihe East Railway Station", "city": "Taihe", "province": "Jiangxi", "zh_name": "泰和东", "name": "太和东", "name:en": "Taihedong", "splitted": null, "degree": 2, "pop": 1435517.1, "capacity": 3, "rain": 0.0 }, "geometry": { "type": "Point", "coordinates": [ 115.722101, 33.1580193 ] } },
{ "type": "Feature", "properties": { "station_name_original": "Shenqiubei", "osmid": 8465326533, "english_name": "Shenqiu North Railway Station", "city": "Shenqiu", "province": "Henan", "zh_name": "沈丘北", "name": "沈丘北", "name:en": null, "splitted": null, "degree": 4, "pop": 1913633.9, "capacity": 2, "rain": 0.0 }, "geometry": { "type": "Point", "coordinates": [ 115.1016, 33.424626 ] } },
{ "type": "Feature", "properties": { "station_name_original": "Yangshuo", "osmid": 3676370264, "english_name": "Yangshuo Railway Station", "city": "Yangshuo", "province": "Guangxi", "zh_name": "阳朔", "name": "阳朔", "name:en": "Yangshuo", "splitted": null, "degree": 3, "pop": 670996.88, "capacity": 1, "rain": 0.0 }, "geometry": { "type": "Point", "coordinates": [ 110.563362500000011, 24.9636063 ] } },
{ "type": "Feature", "properties": { "station_name_original": "Jianqiao", "osmid": 13061379940, "english_name": "Jianqiao Railway Station", "city": "Hangzhou", "province": "Zhejiang", "zh_name": "笕桥", "name": "建桥", "name:en": "Jianqiao", "splitted": null, "degree": 3, "pop": 236750.69, "capacity": 1, "rain": 0.0 }, "geometry": { "type": "Point", "coordinates": [ 116.1077111, 23.9311287 ] } },
{ "type": "Feature", "properties": { "station_name_original": "Jieyangjichang", "osmid": 9202090143, "english_name": "Jieyang Airport Railway Station", "city": "Jieyang", "province": "Guangdong", "zh_name": "揭阳机场", "name": "揭阳机场", "name:en": null, "splitted": null, "degree": 3, "pop": 596478.62, "capacity": 1, "rain": 0.0 }, "geometry": { "type": "Point", "coordinates": [ 116.5122816, 23.5477424 ] } },
{ "type": "Feature", "properties": { "station_name_original": "Huaiyangnan", "osmid": 11903900434, "english_name": "Huaiyang South Railway Station", "city": "Huaiyang", "province": "Henan", "zh_name": "淮阳南", "name": "淮阳南", "name:en": null, "splitted": null, "degree": 5, "pop": 1978245.2, "capacity": 2, "rain": 0.0 }, "geometry": { "type": "Point", "coordinates": [ 114.8962154, 33.5048399 ] } },
{ "type": "Feature", "properties": { "station_name_original": "Beihai", "osmid": 1541942450, "english_name": "Beihai Railway Station", "city": "Beihai", "province": "Guangxi", "zh_name": "北海", "name": "北海", "name:en": "Beihai", "splitted": null, "degree": 2, "pop": 4922036.0, "capacity": 1, "rain": 0.0 }, "geometry": { "type": "Point", "coordinates": [ 109.1242504, 21.4542999 ] } },
{ "type": "Feature", "properties": { "station_name_original": "Yanshinan", "osmid": 7237831723, "english_name": "Yanshi South Railway Station", "city": "Yanshi", "province": "Henan", "zh_name": "延什南", "name": "雁石南", "name:en": "Yanshinan", "splitted": null, "degree": 3, "pop": 68989.891, "capacity": 1, "rain": 0.0 }, "geometry": { "type": "Point", "coordinates": [ 117.1489763, 25.2440215 ] } },
{ "type": "Feature", "properties": { "station_name_original": "Suifenhe", "osmid": 8948902792, "english_name": "Suifenhe Railway Station", "city": "Suifenhe", "province": "Heilongjiang", "zh_name": "绥芬河", "name": "绥芬河", "name:en": "Suifenhe", "splitted": null, "degree": 2, "pop": 829670.62, "capacity": 1, "rain": 0.0 }, "geometry": { "type": "Point", "coordinates": [ 131.128980900000016, 44.4037529 ] } },
{ "type": "Feature", "properties": { "station_name_original": "Baishapu", "osmid": 4040273119, "english_name": "Baishapu Railway Station", "city": "Changsha", "province": "Hunan", "zh_name": "白沙铺", "name": "白沙铺", "name:en": "Baishapu", "splitted": null, "degree": 3, "pop": 355278.75, "capacity": 1, "rain": 0.0 }, "geometry": { "type": "Point", "coordinates": [ 115.069928, 29.9607309 ] } },
{ "type": "Feature", "properties": { "station_name_original": "Huian", "osmid": 3378402906, "english_name": "Hui'an Railway Station", "city": "Hui'an", "province": "Fujian", "zh_name": "惠安", "name": "惠安", "name:en": "Hui'an", "splitted": null, "degree": 4, "pop": 1146152.2, "capacity": 2, "rain": 0.0 }, "geometry": { "type": "Point", "coordinates": [ 118.7096977, 25.0606368 ] } },
{ "type": "Feature", "properties": { "station_name_original": "Fugounan", "osmid": 9534633725, "english_name": "Fugou South Railway Station", "city": "Fugou", "province": "Henan", "zh_name": "扶沟南", "name": "扶沟南", "name:en": null, "splitted": null, "degree": 5, "pop": 1114614.2, "capacity": 2, "rain": 0.0 }, "geometry": { "type": "Point", "coordinates": [ 114.381253500000014, 33.997681 ] } },
{ "type": "Feature", "properties": { "station_name_original": "Lijiazhai", "osmid": 9255881282, "english_name": "Lijiazhai Railway Station", "city": "Zhengzhou", "province": "Henan", "zh_name": null, "name": "厉家寨", "name:en": null, "splitted": null, "degree": 3, "pop": 419781.38, "capacity": 2, "rain": 0.0 }, "geometry": { "type": "Point", "coordinates": [ 119.126038, 35.2830092 ] } },
{ "type": "Feature", "properties": { "station_name_original": "Muleng", "osmid": 7188268787, "english_name": "Muling Railway Station", "city": "Muling", "province": "Heilongjiang", "zh_name": "穆棱", "name": "穆棱", "name:en": "Muling", "splitted": null, "degree": 3, "pop": 533965.62, "capacity": 1, "rain": 0.0 }, "geometry": { "type": "Point", "coordinates": [ 130.3533362, 44.6105686 ] } },
{ "type": "Feature", "properties": { "station_name_original": "Xingguoxi", "osmid": 2941992827, "english_name": "Xingguo West Railway Station", "city": "Xingguo", "province": "Jiangxi", "zh_name": "兴国西", "name": "兴国西", "name:en": "Xingguoxi", "splitted": null, "degree": 4, "pop": 892384.19, "capacity": 2, "rain": 0.0 }, "geometry": { "type": "Point", "coordinates": [ 115.2740332, 26.3157495 ] } },
{ "type": "Feature", "properties": { "station_name_original": "Suixian", "osmid": 8536809977, "english_name": "Suixian Railway Station", "city": "Suizhou", "province": "Hubei", "zh_name": "随县", "name": "随县", "name:en": null, "splitted": null, "degree": 4, "pop": 763284.5, "capacity": 2, "rain": 0.0 }, "geometry": { "type": "Point", "coordinates": [ 113.2044496, 31.7678634 ] } },
{ "type": "Feature", "properties": { "station_name_original": "Maoershanxi", "osmid": 9160197904, "english_name": "Maoershan West Railway Station", "city": "Harbin", "province": "Heilongjiang", "zh_name": "帽儿山西", "name": "帽儿山西", "name:en": null, "splitted": null, "degree": 3, "pop": 644599.12, "capacity": 2, "rain": 0.0 }, "geometry": { "type": "Point", "coordinates": [ 127.4711788, 45.2777289 ] } },
{ "type": "Feature", "properties": { "station_name_original": "Zhenxiong", "osmid": 8745183065, "english_name": "Zhenxiong Railway Station", "city": "Zhenxiong", "province": "Yunnan", "zh_name": "镇雄", "name": "镇雄", "name:en": "Zhenxiong", "splitted": null, "degree": 8, "pop": 3030296.0, "capacity": 2, "rain": 0.0 }, "geometry": { "type": "Point", "coordinates": [ 105.1221179, 27.5945282 ] } },
{ "type": "Feature", "properties": { "station_name_original": "Gongcheng", "osmid": 3676366827, "english_name": "Gongcheng Railway Station", "city": "Gongcheng", "province": "Guangxi", "zh_name": "恭城", "name": "恭城", "name:en": "Gongcheng", "splitted": null, "degree": 3, "pop": 969710.5, "capacity": 2, "rain": 0.0 }, "geometry": { "type": "Point", "coordinates": [ 110.8656107, 24.8339809 ] } },
{ "type": "Feature", "properties": { "station_name_original": "Qingchuan", "osmid": 7332270418, "english_name": "Qingchuan Railway Station", "city": "Qingchuan", "province": "Sichuan", "zh_name": "青川", "name": "青川", "name:en": "Qingchuan", "splitted": null, "degree": 3, "pop": 321029.12, "capacity": 1, "rain": 0.0 }, "geometry": { "type": "Point", "coordinates": [ 105.3301088, 32.1877229 ] } },
{ "type": "Feature", "properties": { "station_name_original": "Yongjibei", "osmid": 3012017257, "english_name": "Yongji North Railway Station", "city": "Yongji", "province": "Shanxi", "zh_name": "永济北", "name": "永济北", "name:en": null, "splitted": null, "degree": 2, "pop": 2787730.0, "capacity": 1, "rain": 0.0 }, "geometry": { "type": "Point", "coordinates": [ 110.4192369, 35.0282991 ] } },
{ "type": "Feature", "properties": { "station_name_original": "Xiahuayuanbei", "osmid": 4759822044, "english_name": "Xiahuayuan North Railway Station", "city": "Zhangjiakou", "province": "Hebei", "zh_name": "下花园北", "name": "下花园北", "name:en": "Xiahuayuanbei", "splitted": null, "degree": 4, "pop": 515738.16, "capacity": 2, "rain": 0.0 }, "geometry": { "type": "Point", "coordinates": [ 115.2953009, 40.5021076 ] } },
{ "type": "Feature", "properties": { "station_name_original": "Xihua", "osmid": 8465329837, "english_name": "Xihua Railway Station", "city": "Xihua", "province": "Henan", "zh_name": "西华", "name": "西华", "name:en": null, "splitted": null, "degree": 5, "pop": 1623201.5, "capacity": 1, "rain": 0.0 }, "geometry": { "type": "Point", "coordinates": [ 114.6045794, 33.7951774 ] } },
{ "type": "Feature", "properties": { "station_name_original": "Shangqiudong", "osmid": 8478942598, "english_name": "Shangqiu East Railway Station", "city": "Shangqiu", "province": "Henan", "zh_name": "商丘东", "name": "商丘东", "name:en": "Shangqiudong", "splitted": null, "degree": 3, "pop": 1048733.6, "capacity": 2, "rain": 0.0 }, "geometry": { "type": "Point", "coordinates": [ 115.7270385, 34.3324893 ] } },
{ "type": "Feature", "properties": { "station_name_original": "Nanyangdong", "osmid": 5575699927, "english_name": "Nanyang East Railway Station", "city": "Nanyang", "province": "Henan", "zh_name": "南阳东", "name": "南阳东", "name:en": "Nanyang east railway station", "splitted": null, "degree": 4, "pop": 3576574.2, "capacity": 2, "rain": 0.0 }, "geometry": { "type": "Point", "coordinates": [ 112.65587810000001, 32.9527068 ] } },
{ "type": "Feature", "properties": { "station_name_original": "Jieshounan", "osmid": 12739050370, "english_name": "Jieshou South Railway Station", "city": "Jieshou", "province": "Anhui", "zh_name": "界首南", "name": "界首南", "name:en": "Jieshounan", "splitted": null, "degree": 4, "pop": 1243997.8, "capacity": 2, "rain": 0.0 }, "geometry": { "type": "Point", "coordinates": [ 115.319756500000011, 33.2244659 ] } },
{ "type": "Feature", "properties": { "station_name_original": "Xiapu", "osmid": 5617318079, "english_name": "Xiapu Railway Station", "city": "Xiapu", "province": "Fujian", "zh_name": null, "name": "霞浦", "name:en": "Xiapu", "splitted": null, "degree": 2, "pop": 667963.25, "capacity": 1, "rain": 0.0 }, "geometry": { "type": "Point", "coordinates": [ 120.0282365, 26.9127474 ] } },
{ "type": "Feature", "properties": { "station_name_original": "Taihe", "osmid": 2314116851, "english_name": "Taihe Railway Station", "city": "Taihe", "province": "Anhui", "zh_name": null, "name": "泰和", "name:en": "Taihe", "splitted": null, "degree": 4, "pop": 635754.38, "capacity": 2, "rain": 0.0 }, "geometry": { "type": "Point", "coordinates": [ 114.9443427, 26.8355774 ] } },
{ "type": "Feature", "properties": { "station_name_original": "Hanjiang", "osmid": 7792857871, "english_name": "Hanjiang Railway Station", "city": "Yangzhou", "province": "Jiangsu", "zh_name": null, "name": "涵江", "name:en": null, "splitted": null, "degree": 3, "pop": 1814294.5, "capacity": 2, "rain": 0.0 }, "geometry": { "type": "Point", "coordinates": [ 119.1708416, 25.4944032 ] } },
{ "type": "Feature", "properties": { "station_name_original": "Shuangliujichang", "osmid": 7848150398, "english_name": "Shuangliu Airport Railway Station", "city": "Chengdu", "province": "Sichuan", "zh_name": "双流机场", "name": "双流机场", "name:en": "Shuangliu Airport", "splitted": null, "degree": 5, "pop": 3418219.0, "capacity": 1, "rain": 0.0 }, "geometry": { "type": "Point", "coordinates": [ 103.9546408, 30.5721271 ] } },
{ "type": "Feature", "properties": { "station_name_original": "Donghuayuanbei", "osmid": 4759794422, "english_name": "Donghuayuan North Railway Station", "city": "Zhangjiakou", "province": "Hebei", "zh_name": "东花园北", "name": "东花园北", "name:en": "Donghuayuan North", "splitted": null, "degree": 5, "pop": 172556.23, "capacity": 1, "rain": 0.0 }, "geometry": { "type": "Point", "coordinates": [ 115.7886009, 40.3415932 ] } },
{ "type": "Feature", "properties": { "station_name_original": "Taining", "osmid": 2451367679, "english_name": "Taining Railway Station", "city": "Taining", "province": "Fujian", "zh_name": "泰宁", "name": "泰宁", "name:en": "Taining", "splitted": null, "degree": 3, "pop": 462214.44, "capacity": 1, "rain": 0.0 }, "geometry": { "type": "Point", "coordinates": [ 117.148040400000014, 26.9303282 ] } },
{ "type": "Feature", "properties": { "station_name_original": "Baotou", "osmid": 1691425745, "english_name": "Baotou Railway Station", "city": "Baotou", "province": "Inner Mongolia", "zh_name": "包头", "name": "包头", "name:en": "Baotou", "splitted": null, "degree": 2, "pop": 2369426.5, "capacity": 1, "rain": 0.0 }, "geometry": { "type": "Point", "coordinates": [ 109.830185, 40.6040793 ] } },
{ "type": "Feature", "properties": { "station_name_original": "Jiangle", "osmid": 2501355015, "english_name": "Jiangle Railway Station", "city": "Jiangle", "province": "Fujian", "zh_name": "将乐", "name": "将乐", "name:en": "Jiangle", "splitted": null, "degree": 2, "pop": 308593.72, "capacity": 1, "rain": 0.0 }, "geometry": { "type": "Point", "coordinates": [ 117.4731311, 26.6984102 ] } },
{ "type": "Feature", "properties": { "station_name_original": "Lingshidong", "osmid": 3012063591, "english_name": "Lingshi East Railway Station", "city": "Lingshi", "province": "Shanxi", "zh_name": "灵石东", "name": "灵石东", "name:en": null, "splitted": null, "degree": 3, "pop": 811943.62, "capacity": 1, "rain": 0.0 }, "geometry": { "type": "Point", "coordinates": [ 111.9093864, 36.8793321 ] } },
{ "type": "Feature", "properties": { "station_name_original": "Nanning", "osmid": 7870727942, "english_name": "Nanning Railway Station", "city": "Nanning", "province": "Guangxi", "zh_name": "南宁", "name": "火车站", "name:en": "Nanning Railway Station", "splitted": null, "degree": 1, "pop": 10606231.0, "capacity": 1, "rain": 0.0 }, "geometry": { "type": "Point", "coordinates": [ 108.3124794, 22.8277338 ] } },
{ "type": "Feature", "properties": { "station_name_original": "Cangxi", "osmid": 3596013093, "english_name": "Cangxi Railway Station", "city": "Cangxi", "province": "Sichuan", "zh_name": "苍溪", "name": "苍溪", "name:en": "Cangxi", "splitted": null, "degree": 2, "pop": 1410773.8, "capacity": 1, "rain": 0.0 }, "geometry": { "type": "Point", "coordinates": [ 105.9121679, 31.7626677 ] } },
{ "type": "Feature", "properties": { "station_name_original": "Langzhong", "osmid": 3596013343, "english_name": "Langzhong Railway Station", "city": "Langzhong", "province": "Sichuan", "zh_name": "阆中", "name": "阆中", "name:en": "Langzhong", "splitted": null, "degree": 2, "pop": 994354.25, "capacity": 1, "rain": 0.0 }, "geometry": { "type": "Point", "coordinates": [ 105.9534845, 31.5601366 ] } },
{ "type": "Feature", "properties": { "station_name_original": "Wusheng", "osmid": 3500325329, "english_name": "Wusheng Railway Station", "city": "Wusheng", "province": "Sichuan", "zh_name": "武胜", "name": "武胜", "name:en": "Wusheng", "splitted": null, "degree": 2, "pop": 3981927.0, "capacity": 1, "rain": 0.0 }, "geometry": { "type": "Point", "coordinates": [ 106.101789700000012, 30.3720464 ] } },
{ "type": "Feature", "properties": { "station_name_original": "Congjiang", "osmid": 3676351216, "english_name": "Congjiang Railway Station", "city": "Congjiang", "province": "Guizhou", "zh_name": "从江", "name": "从江", "name:en": "Congjiang", "splitted": null, "degree": 2, "pop": 809528.19, "capacity": 1, "rain": 0.0 }, "geometry": { "type": "Point", "coordinates": [ 109.110282500000011, 25.9121549 ] } },
{ "type": "Feature", "properties": { "station_name_original": "Zhongshanxi", "osmid": 3676368704, "english_name": "Zhongshan West Railway Station", "city": "Zhongshan", "province": "Guangdong", "zh_name": "中山西", "name": "钟山西", "name:en": "Zhongshanxi", "splitted": null, "degree": 2, "pop": 1317913.0, "capacity": 1, "rain": 0.0 }, "geometry": { "type": "Point", "coordinates": [ 111.3268373, 24.5552315 ] } },
{ "type": "Feature", "properties": { "station_name_original": "Huaiji", "osmid": 3060297703, "english_name": "Huaiji Railway Station", "city": "Huaiji", "province": "Guangdong", "zh_name": "怀集", "name": "怀集", "name:en": "Huaiji", "splitted": null, "degree": 2, "pop": 1856915.6, "capacity": 1, "rain": 0.0 }, "geometry": { "type": "Point", "coordinates": [ 112.1540561, 23.8947088 ] } },
{ "type": "Feature", "properties": { "station_name_original": "Shizhuxian", "osmid": 3499352412, "english_name": "Shizhu Railway Station", "city": "Shizhu", "province": "Chongqing", "zh_name": "石柱县", "name": "石柱县", "name:en": "Shizhuxian", "splitted": null, "degree": 1, "pop": 1515976.8, "capacity": 1, "rain": 0.0 }, "geometry": { "type": "Point", "coordinates": [ 108.09320550000001, 29.9674225 ] } },
{ "type": "Feature", "properties": { "station_name_original": "Sanshuinan", "osmid": 9527375843, "english_name": "Sanshui South Railway Station", "city": "Foshan", "province": "Guangdong", "zh_name": "三水南", "name": "三水南", "name:en": "Sanshuinan", "splitted": null, "degree": 2, "pop": 1660099.0, "capacity": 1, "rain": 0.0 }, "geometry": { "type": "Point", "coordinates": [ 112.8659875, 23.1158845 ] } },
{ "type": "Feature", "properties": { "station_name_original": "Huaqiao", "osmid": 4249835303, "english_name": "Huaqiao Railway Station", "city": "Suzhou", "province": "Jiangsu", "zh_name": null, "name": "花桥", "name:en": "Huaqiao", "splitted": null, "degree": 2, "pop": 1942646.4, "capacity": 1, "rain": 0.0 }, "geometry": { "type": "Point", "coordinates": [ 121.042009, 31.3375722 ] } },
{ "type": "Feature", "properties": { "station_name_original": "Xianlin", "osmid": 7197704007, "english_name": "Xianlin Railway Station", "city": "Nanjing", "province": "Jiangsu", "zh_name": "仙林", "name": "仙林", "name:en": null, "splitted": null, "degree": 2, "pop": 1337555.4, "capacity": 1, "rain": 0.0 }, "geometry": { "type": "Point", "coordinates": [ 118.907574700000012, 32.1248804 ] } },
{ "type": "Feature", "properties": { "station_name_original": "Baohuashan", "osmid": 8283601960, "english_name": "Baohuashan Railway Station", "city": "Jurong", "province": "Jiangsu", "zh_name": "宝华山", "name": "宝华山", "name:en": "Baohuashan Station", "splitted": null, "degree": 2, "pop": 1432608.9, "capacity": 1, "rain": 0.0 }, "geometry": { "type": "Point", "coordinates": [ 119.0501576, 32.1515717 ] } },
{ "type": "Feature", "properties": { "station_name_original": "Qiqihaer", "osmid": 7872489297, "english_name": "Qiqihar Railway Station", "city": "Qiqihar", "province": "Heilongjiang", "zh_name": "齐齐哈尔", "name": "齐齐哈尔", "name:en": "Qiqiha'er", "splitted": null, "degree": 1, "pop": 2456028.5, "capacity": 1, "rain": 0.0 }, "geometry": { "type": "Point", "coordinates": [ 123.990047, 47.3384973 ] } },
{ "type": "Feature", "properties": { "station_name_original": "Nancheng", "osmid": 2501336698, "english_name": "Nancheng Railway Station", "city": "Nancheng", "province": "Jiangxi", "zh_name": "南城", "name": "南城", "name:en": "Nancheng", "splitted": null, "degree": 3, "pop": 871582.81, "capacity": 1, "rain": 0.0 }, "geometry": { "type": "Point", "coordinates": [ 116.611057800000012, 27.5671304 ] } },
{ "type": "Feature", "properties": { "station_name_original": "Wenxixi", "osmid": 13042935458, "english_name": "Wenxi West Railway Station", "city": "Wenxi", "province": "Shanxi", "zh_name": "闻喜西", "name": "闻喜西", "name:en": null, "splitted": null, "degree": 2, "pop": 1112340.0, "capacity": 1, "rain": 0.0 }, "geometry": { "type": "Point", "coordinates": [ 111.173572, 35.3369021 ] } },
{ "type": "Feature", "properties": { "station_name_original": "Junliangchengbei", "osmid": 9274358865, "english_name": "Junliangcheng North Railway Station", "city": "Tianjin", "province": "Tianjin", "zh_name": "军粮城北", "name": "军粮城北", "name:en": "Junlinagcheng Bei", "splitted": null, "degree": 2, "pop": 2170914.8, "capacity": 1, "rain": 0.0 }, "geometry": { "type": "Point", "coordinates": [ 117.4211857, 39.0657874 ] } },
{ "type": "Feature", "properties": { "station_name_original": "Yongtai", "osmid": 2451353649, "english_name": "Yongtai Railway Station", "city": "Yongtai", "province": "Fujian", "zh_name": null, "name": "永泰", "name:en": "Yongtai", "splitted": null, "degree": 2, "pop": 320683.06, "capacity": 1, "rain": 0.0 }, "geometry": { "type": "Point", "coordinates": [ 118.9290637, 25.851529 ] } },
{ "type": "Feature", "properties": { "station_name_original": "Yuanpingxi", "osmid": 4471055300, "english_name": "Yuanping West Railway Station", "city": "Yuanping", "province": "Shanxi", "zh_name": "原平西", "name": "原平西", "name:en": "Yuanpingxi", "splitted": null, "degree": 1, "pop": 2968066.0, "capacity": 1, "rain": 0.0 }, "geometry": { "type": "Point", "coordinates": [ 112.66853660000001, 38.7381167 ] } },
{ "type": "Feature", "properties": { "station_name_original": "Xinzhouxi", "osmid": 9513113929, "english_name": "Xinzhou West Railway Station", "city": "Xinzhou", "province": "Shanxi", "zh_name": "忻州西", "name": "忻州西", "name:en": null, "splitted": null, "degree": 2, "pop": 1140426.5, "capacity": 1, "rain": 0.0 }, "geometry": { "type": "Point", "coordinates": [ 112.6866817, 38.4424722 ] } },
{ "type": "Feature", "properties": { "station_name_original": "Badalingchangcheng", "osmid": 6472124842, "english_name": "Badaling Great Wall Railway Station", "city": "Beijing", "province": "Beijing", "zh_name": "八达岭长城", "name": "八达岭长城", "name:en": "Badaling Great Wall", "splitted": null, "degree": 4, "pop": 717544.5, "capacity": 2, "rain": 0.0 }, "geometry": { "type": "Point", "coordinates": [ 116.0050515, 40.3603284 ] } },
{ "type": "Feature", "properties": { "station_name_original": "Lianshui", "osmid": 8517087075, "english_name": "Lianshui Railway Station", "city": "Lianshui", "province": "Jiangsu", "zh_name": "涟水", "name": "涟水", "name:en": null, "splitted": null, "degree": 3, "pop": 775894.12, "capacity": 2, "rain": 0.0 }, "geometry": { "type": "Point", "coordinates": [ 119.1915242, 33.7774594 ] } },
{ "type": "Feature", "properties": { "station_name_original": "Nanfenbei", "osmid": 4622152185, "english_name": "Nanfen North Railway Station", "city": "Benxi", "province": "Liaoning", "zh_name": "南芬北", "name": "南芬北", "name:en": "Nanfenbei", "splitted": null, "degree": 1, "pop": 160164.08, "capacity": 1, "rain": 0.0 }, "geometry": { "type": "Point", "coordinates": [ 123.73895730000001, 41.1346255 ] } },
{ "type": "Feature", "properties": { "station_name_original": "Zhangshudong", "osmid": 1579354028, "english_name": "Zhangshu East Railway Station", "city": "Zhangshu", "province": "Jiangxi", "zh_name": "樟树东", "name": "樟树东", "name:en": "Zhangshudong", "splitted": null, "degree": 3, "pop": 673410.44, "capacity": 2, "rain": 0.0 }, "geometry": { "type": "Point", "coordinates": [ 115.595699700000011, 27.968213 ] } },
{ "type": "Feature", "properties": { "station_name_original": "Yimianpobei", "osmid": 7082028652, "english_name": "Yimianpo North Railway Station", "city": "Harbin", "province": "Heilongjiang", "zh_name": "一面坡北", "name": "一面坡北", "name:en": "Yimianpo North Railway Station", "splitted": null, "degree": 2, "pop": 187866.92, "capacity": 1, "rain": 0.0 }, "geometry": { "type": "Point", "coordinates": [ 128.0804431, 45.0837121 ] } },
{ "type": "Feature", "properties": { "station_name_original": "Zhuanghebei", "osmid": 7934261996, "english_name": "Zhuanghe North Railway Station", "city": "Zhuanghe", "province": "Liaoning", "zh_name": "庄河北", "name": "庄河北", "name:en": null, "splitted": null, "degree": 2, "pop": 746448.38, "capacity": 1, "rain": 0.0 }, "geometry": { "type": "Point", "coordinates": [ 122.9310267, 39.7266758 ] } },
{ "type": "Feature", "properties": { "station_name_original": "Dagushan", "osmid": 9166853509, "english_name": "Dagushan Railway Station", "city": "Dandong", "province": "Liaoning", "zh_name": "大孤山", "name": "大孤山", "name:en": null, "splitted": null, "degree": 2, "pop": 231059.73, "capacity": 1, "rain": 15.879112240094766 }, "geometry": { "type": "Point", "coordinates": [ 123.579787, 39.9342602 ] } },
{ "type": "Feature", "properties": { "station_name_original": "Huhehaote", "osmid": 843121428, "english_name": "Hohhot Railway Station", "city": "Hohhot", "province": "Inner Mongolia", "zh_name": null, "name": "呼和浩特", "name:en": "Hohhot", "splitted": null, "degree": 5, "pop": 2190063.2, "capacity": 1, "rain": 0.0 }, "geometry": { "type": "Point", "coordinates": [ 111.6587169, 40.8304267 ] } },
{ "type": "Feature", "properties": { "station_name_original": "Baotoudong", "osmid": 843140591, "english_name": "Baotou East Railway Station", "city": "Baotou", "province": "Inner Mongolia", "zh_name": "包头东", "name": "包头东", "name:en": "Baotoudong", "splitted": null, "degree": 4, "pop": 2180057.0, "capacity": 1, "rain": 0.0 }, "geometry": { "type": "Point", "coordinates": [ 110.0186724, 40.5684798 ] } },
{ "type": "Feature", "properties": { "station_name_original": "Suining", "osmid": 7127162182, "english_name": "Suining Railway Station", "city": "Suining", "province": "Sichuan", "zh_name": null, "name": "睢宁", "name:en": "Suining", "splitted": null, "degree": 2, "pop": 2873797.2, "capacity": 1, "rain": 0.0 }, "geometry": { "type": "Point", "coordinates": [ 117.931473200000013, 33.9538577 ] } },
{ "type": "Feature", "properties": { "station_name_original": "Qixiandong", "osmid": 9494299309, "english_name": "Qixian East Railway Station", "city": "Qixian", "province": "Shanxi", "zh_name": "祁县东", "name": "祁县东", "name:en": null, "splitted": null, "degree": 2, "pop": 1254152.1, "capacity": 1, "rain": 0.0 }, "geometry": { "type": "Point", "coordinates": [ 112.3506576, 37.3229598 ] } },
{ "type": "Feature", "properties": { "station_name_original": "Loushanguannan", "osmid": 3695336868, "english_name": "Loushanguan South Railway Station", "city": "Zunyi", "province": "Guizhou", "zh_name": "娄山关南", "name": "娄山关南", "name:en": "Loushanguannan", "splitted": null, "degree": 2, "pop": 1005699.8, "capacity": 1, "rain": 0.0 }, "geometry": { "type": "Point", "coordinates": [ 106.9250578, 27.934499 ] } },
{ "type": "Feature", "properties": { "station_name_original": "Chengdunan", "osmid": 6544881645, "english_name": "Chengdu South Railway Station", "city": "Chengdu", "province": "Sichuan", "zh_name": "成都南", "name": "成都南站", "name:en": "Chengdunan Railway Station", "splitted": null, "degree": 3, "pop": 5050168.0, "capacity": 1, "rain": 0.0 }, "geometry": { "type": "Point", "coordinates": [ 104.0660527, 30.6092879 ] } },
{ "type": "Feature", "properties": { "station_name_original": "Badong", "osmid": 3499269706, "english_name": "Badong Railway Station", "city": "Badong", "province": "Hubei", "zh_name": null, "name": "野三关", "name:en": "Yesanguan", "splitted": null, "degree": 1, "pop": 2042189.4, "capacity": 1, "rain": 0.0 }, "geometry": { "type": "Point", "coordinates": [ 110.353243600000013, 30.6653125 ] } },
{ "type": "Feature", "properties": { "station_name_original": "Weixin", "osmid": 7635531004, "english_name": "Weixin Railway Station", "city": "Weixin", "province": "Yunnan", "zh_name": "威信", "name": "威信", "name:en": "Weixin", "splitted": null, "degree": 5, "pop": 2027259.4, "capacity": 2, "rain": 0.0 }, "geometry": { "type": "Point", "coordinates": [ 105.0560417, 27.8232811 ] } },
{ "type": "Feature", "properties": { "station_name_original": "Changtingnan", "osmid": 2925675933, "english_name": "Changting South Railway Station", "city": "Changting", "province": "Fujian", "zh_name": "长汀南", "name": "长汀南", "name:en": "Changtingnan Railway Station", "splitted": null, "degree": 4, "pop": 668172.88, "capacity": 2, "rain": 0.0 }, "geometry": { "type": "Point", "coordinates": [ 116.352795300000011, 25.7692988 ] } },
{ "type": "Feature", "properties": { "station_name_original": "Jianhu", "osmid": 1665822813, "english_name": "Jianhu Railway Station", "city": "Jianhu", "province": "Jiangsu", "zh_name": "建湖", "name": "建湖", "name:en": "Jianhu", "splitted": null, "degree": 3, "pop": 815868.0, "capacity": 1, "rain": 0.0 }, "geometry": { "type": "Point", "coordinates": [ 119.7889593, 33.5079815 ] } },
{ "type": "Feature", "properties": { "station_name_original": "Guanghanbei", "osmid": 3815021470, "english_name": "Guanghan North Railway Station", "city": "Guanghan", "province": "Sichuan", "zh_name": "广汉北", "name": "广汉北", "name:en": "Guanghanbei", "splitted": null, "degree": 2, "pop": 1203613.2, "capacity": 1, "rain": 0.0 }, "geometry": { "type": "Point", "coordinates": [ 104.2730698, 31.0117011 ] } },
{ "type": "Feature", "properties": { "station_name_original": "Emeishan", "osmid": 3740929616, "english_name": "Emeishan Railway Station", "city": "Emeishan", "province": "Sichuan", "zh_name": "峨眉山", "name": "峨眉山", "name:en": "Emeishan", "splitted": null, "degree": 1, "pop": 4181094.2, "capacity": 1, "rain": 0.0 }, "geometry": { "type": "Point", "coordinates": [ 103.4646539, 29.5785842 ] } },
{ "type": "Feature", "properties": { "station_name_original": "Pingdingshanxi", "osmid": 5575699923, "english_name": "Pingdingshan West Railway Station", "city": "Pingdingshan", "province": "Henan", "zh_name": "平顶山西", "name": "平顶山西", "name:en": "Pingdingshanxi", "splitted": null, "degree": 3, "pop": 2768506.2, "capacity": 1, "rain": 0.0 }, "geometry": { "type": "Point", "coordinates": [ 113.080725300000012, 33.8185196 ] } },
{ "type": "Feature", "properties": { "station_name_original": "Dengzhoudong", "osmid": 5575655387, "english_name": "Dengzhou East Railway Station", "city": "Dengzhou", "province": "Henan", "zh_name": "邓州东", "name": "邓州东", "name:en": null, "splitted": null, "degree": 2, "pop": 6569824.5, "capacity": 2, "rain": 0.0 }, "geometry": { "type": "Point", "coordinates": [ 112.26061820000001, 32.598457 ] } },
{ "type": "Feature", "properties": { "station_name_original": "Changning", "osmid": 5822178036, "english_name": "Changning Railway Station", "city": "Changning", "province": "Hunan", "zh_name": "常宁", "name": "长宁", "name:en": "Changning", "splitted": null, "degree": 3, "pop": 1868587.1, "capacity": 1, "rain": 0.0 }, "geometry": { "type": "Point", "coordinates": [ 104.9265106, 28.6000513 ] } },
{ "type": "Feature", "properties": { "station_name_original": "Guanyun", "osmid": 8517238165, "english_name": "Guanyun Railway Station", "city": "Guanyun", "province": "Jiangsu", "zh_name": "灌云", "name": "灌云", "name:en": null, "splitted": null, "degree": 4, "pop": 737884.94, "capacity": 2, "rain": 0.0 }, "geometry": { "type": "Point", "coordinates": [ 119.3028783, 34.2893831 ] } },
{ "type": "Feature", "properties": { "station_name_original": "Huichangbei", "osmid": 2837802223, "english_name": "Huichang North Railway Station", "city": "Huichang", "province": "Jiangxi", "zh_name": "会昌北", "name": "会昌北", "name:en": "Huichangbei", "splitted": null, "degree": 3, "pop": 990244.88, "capacity": 2, "rain": 0.0 }, "geometry": { "type": "Point", "coordinates": [ 115.7806208, 25.8298359 ] } },
{ "type": "Feature", "properties": { "station_name_original": "Xingandong", "osmid": 2940767973, "english_name": "Xingan East Railway Station", "city": "Xingan", "province": "Jiangxi", "zh_name": "新干东", "name": "新干东", "name:en": "Xingandong", "splitted": null, "degree": 4, "pop": 496042.72, "capacity": 1, "rain": 0.0 }, "geometry": { "type": "Point", "coordinates": [ 115.42176760000001, 27.7469516 ] } },
{ "type": "Feature", "properties": { "station_name_original": "Yujiangbei", "osmid": 13061379939, "english_name": "Yujiang North Railway Station", "city": "Yujiang", "province": "Jiangxi", "zh_name": null, "name": "畲江北", "name:en": "Shejiangbei", "splitted": null, "degree": 2, "pop": 2014419.2, "capacity": 1, "rain": 0.0 }, "geometry": { "type": "Point", "coordinates": [ 116.0167718, 24.062628 ] } },
{ "type": "Feature", "properties": { "station_name_original": "Xinghebei", "osmid": 4693191082, "english_name": "Xinghe North Railway Station", "city": "Xinghe", "province": "Inner Mongolia", "zh_name": "兴和北", "name": "兴和北", "name:en": "Xinghebei", "splitted": null, "degree": 3, "pop": 1016690.8, "capacity": 1, "rain": 0.0 }, "geometry": { "type": "Point", "coordinates": [ 113.83530540000001, 40.8913252 ] } },
{ "type": "Feature", "properties": { "station_name_original": "Raoping", "osmid": 9258885991, "english_name": "Raoping Railway Station", "city": "Raoping", "province": "Guangdong", "zh_name": "饶平", "name": "饶平", "name:en": "Raoping", "splitted": null, "degree": 2, "pop": 918506.12, "capacity": 2, "rain": 0.0 }, "geometry": { "type": "Point", "coordinates": [ 116.9283432, 23.714094 ] } },
{ "type": "Feature", "properties": { "station_name_original": "Gaoleng", "osmid": 5697139266, "english_name": "Gaoleng Railway Station", "city": "Baoding", "province": "Hebei", "zh_name": "高塄", "name": "高楞", "name:en": "Gaoleng", "splitted": null, "degree": 1, "pop": 118061.73, "capacity": 2, "rain": 0.0 }, "geometry": { "type": "Point", "coordinates": [ 129.2675285, 45.9866673 ] } },
{ "type": "Feature", "properties": { "station_name_original": "Changping", "osmid": 5305506015, "english_name": "Changping Railway Station", "city": "Beijing", "province": "Beijing", "zh_name": "昌平", "name": "昌平", "name:en": "Changping", "splitted": null, "degree": 2, "pop": 1871811.5, "capacity": 1, "rain": 0.0 }, "geometry": { "type": "Point", "coordinates": [ 116.2274869, 40.2193139 ] } },
{ "type": "Feature", "properties": { "station_name_original": "Dafang", "osmid": 3740915229, "english_name": "Dafang Railway Station", "city": "Dafang", "province": "Guizhou", "zh_name": "大方", "name": "大方", "name:en": null, "splitted": null, "degree": 3, "pop": 1261570.9, "capacity": 2, "rain": 0.0 }, "geometry": { "type": "Point", "coordinates": [ 105.5919606, 27.2104502 ] } },
{ "type": "Feature", "properties": { "station_name_original": "Suiyang", "osmid": 5082241584, "english_name": "Suiyang Railway Station", "city": "Suiyang", "province": "Guizhou", "zh_name": "绥阳", "name": "绥阳", "name:en": "Suiyang", "splitted": null, "degree": 3, "pop": 593412.69, "capacity": 1, "rain": 0.0 }, "geometry": { "type": "Point", "coordinates": [ 130.8927572, 44.4262775 ] } },
{ "type": "Feature", "properties": { "station_name_original": "Guchengdong", "osmid": 8417601180, "english_name": "Gucheng East Railway Station", "city": "Gucheng", "province": "Hubei", "zh_name": "古城东", "name": "古城东", "name:en": "Guchengdong Railway Station", "splitted": null, "degree": 2, "pop": 1759812.4, "capacity": 1, "rain": 0.0 }, "geometry": { "type": "Point", "coordinates": [ 115.8062196, 33.5280606 ] } },
{ "type": "Feature", "properties": { "station_name_original": "Lumiao", "osmid": 9524178595, "english_name": "Lumiao Railway Station", "city": "Zhangye", "province": "Gansu", "zh_name": "鹿苗", "name": "芦庙", "name:en": "Lumiao Railway Station", "splitted": null, "degree": 3, "pop": 1470240.6, "capacity": 2, "rain": 0.0 }, "geometry": { "type": "Point", "coordinates": [ 115.7799451, 34.0413881 ] } },
{ "type": "Feature", "properties": { "station_name_original": "Hengdaohezidong", "osmid": 9160197902, "english_name": "Hengdaohezi East Railway Station", "city": "Mudanjiang", "province": "Heilongjiang", "zh_name": "横道河子东", "name": "横道河子东", "name:en": null, "splitted": null, "degree": 2, "pop": 70683.203, "capacity": 1, "rain": 0.0 }, "geometry": { "type": "Point", "coordinates": [ 129.0986895, 44.7891833 ] } },
{ "type": "Feature", "properties": { "station_name_original": "Taimushan", "osmid": 7714110145, "english_name": "Taimushan Railway Station", "city": "Fuding", "province": "Fujian", "zh_name": "太姥山", "name": "太姥山", "name:en": "Taimushan", "splitted": null, "degree": 1, "pop": 207676.84, "capacity": 1, "rain": 0.0 }, "geometry": { "type": "Point", "coordinates": [ 120.2197409, 27.1298827 ] } },
{ "type": "Feature", "properties": { "station_name_original": "Lianjiang", "osmid": 7713944581, "english_name": "Lianjiang Railway Station", "city": "Lianjiang", "province": "Guangdong", "zh_name": "廉江", "name": "连江", "name:en": "Lianjiang", "splitted": null, "degree": 3, "pop": 746194.5, "capacity": 1, "rain": 0.0 }, "geometry": { "type": "Point", "coordinates": [ 119.562701600000011, 26.1977359 ] } },
{ "type": "Feature", "properties": { "station_name_original": "Funingnan", "osmid": 4715006899, "english_name": "Funing South Railway Station", "city": "Funing", "province": "Hebei", "zh_name": "阜宁南", "name": "阜宁南", "name:en": "Funingnan", "splitted": null, "degree": 2, "pop": 537760.88, "capacity": 1, "rain": 0.0 }, "geometry": { "type": "Point", "coordinates": [ 119.6390034, 33.5739247 ] } },
{ "type": "Feature", "properties": { "station_name_original": "Jianningxianbei", "osmid": 2501352080, "english_name": "Jianning North Railway Station", "city": "Jianning", "province": "Fujian", "zh_name": "建宁县北", "name": "建宁县北", "name:en": "Jianningxianbei", "splitted": null, "degree": 2, "pop": 280537.53, "capacity": 1, "rain": 0.0 }, "geometry": { "type": "Point", "coordinates": [ 116.8662192, 26.9191235 ] } },
{ "type": "Feature", "properties": { "station_name_original": "Daminghu", "osmid": 6211223929, "english_name": "Daming Lake Railway Station", "city": "Jinan", "province": "Shandong", "zh_name": "大明湖", "name": "大明湖", "name:en": "Daminghu", "splitted": null, "degree": 1, "pop": 1431512.2, "capacity": 1, "rain": 0.0 }, "geometry": { "type": "Point", "coordinates": [ 117.021948200000011, 36.6811875 ] } },
{ "type": "Feature", "properties": { "station_name_original": "Nanbu", "osmid": 3500325328, "english_name": "Nanbu Railway Station", "city": "Nanbu", "province": "Sichuan", "zh_name": "南部", "name": "南部", "name:en": "Nanbu", "splitted": null, "degree": 1, "pop": 2473881.8, "capacity": 1, "rain": 0.0 }, "geometry": { "type": "Point", "coordinates": [ 106.00901540000001, 31.3733547 ] } },
{ "type": "Feature", "properties": { "station_name_original": "Hechuan", "osmid": 7212001156, "english_name": "Hechuan Railway Station", "city": "Hechuan", "province": "Chongqing", "zh_name": "合川", "name": "合川", "name:en": "Hechuan", "splitted": null, "degree": 1, "pop": 2324184.0, "capacity": 1, "rain": 0.0 }, "geometry": { "type": "Point", "coordinates": [ 106.274572, 29.9615713 ] } },
{ "type": "Feature", "properties": { "station_name_original": "Yunfudong", "osmid": 5098263175, "english_name": "Yunfu East Railway Station", "city": "Yunfu", "province": "Guangdong", "zh_name": "云浮东", "name": "云浮东", "name:en": "Yunfu East", "splitted": null, "degree": 1, "pop": 2645467.8, "capacity": 1, "rain": 0.0 }, "geometry": { "type": "Point", "coordinates": [ 112.1332222, 23.0150181 ] } },
{ "type": "Feature", "properties": { "station_name_original": "Jiaomei", "osmid": 2481375096, "english_name": "Jiaomei Railway Station", "city": "Zhangzhou", "province": "Fujian", "zh_name": "角美", "name": "角美", "name:en": "Jiaomei", "splitted": null, "degree": 1, "pop": 973614.44, "capacity": 1, "rain": 0.0 }, "geometry": { "type": "Point", "coordinates": [ 117.8754377, 24.5295661 ] } },
{ "type": "Feature", "properties": { "station_name_original": "Haerbinbei", "osmid": 13062958171, "english_name": "Harbin North Railway Station", "city": "Harbin", "province": "Heilongjiang", "zh_name": "哈尔滨北", "name": "哈尔滨北站", "name:en": "Harbin North Railway Station", "splitted": null, "degree": 1, "pop": 2183355.2, "capacity": 1, "rain": 0.0 }, "geometry": { "type": "Point", "coordinates": [ 126.531640400000015, 45.8504911 ] } },
{ "type": "Feature", "properties": { "station_name_original": "Fusheng", "osmid": 11658164259, "english_name": "Fusheng Railway Station", "city": "Chongqing", "province": "Chongqing", "zh_name": "富盛", "name": "复盛", "name:en": "Fusheng", "splitted": null, "degree": 1, "pop": 614323.56, "capacity": 1, "rain": 0.0 }, "geometry": { "type": "Point", "coordinates": [ 106.7975511, 29.6590169 ] } },
{ "type": "Feature", "properties": { "station_name_original": "Dongdaihe", "osmid": 8413859638, "english_name": "Dongdaihe Railway Station", "city": "Huludao", "province": "Liaoning", "zh_name": "东戴河", "name": "东戴河", "name:en": null, "splitted": null, "degree": 1, "pop": 304484.81, "capacity": 1, "rain": 0.0 }, "geometry": { "type": "Point", "coordinates": [ 119.840857, 40.0409524 ] } },
{ "type": "Feature", "properties": { "station_name_original": "Xiantaoxi", "osmid": 3053775977, "english_name": "Xiantao West Railway Station", "city": "Xiantao", "province": "Hubei", "zh_name": "仙桃西", "name": "仙桃西", "name:en": null, "splitted": null, "degree": 2, "pop": 1280983.1, "capacity": 2, "rain": 0.0 }, "geometry": { "type": "Point", "coordinates": [ 113.133989, 30.4273102 ] } },
{ "type": "Feature", "properties": { "station_name_original": "Xingwen", "osmid": 5822178037, "english_name": "Xingwen Railway Station", "city": "Xingwen", "province": "Sichuan", "zh_name": "兴文", "name": "兴文", "name:en": "Xingwen", "splitted": null, "degree": 3, "pop": 2161054.8, "capacity": 1, "rain": 0.0 }, "geometry": { "type": "Point", "coordinates": [ 105.2439977, 28.3383862 ] } },
{ "type": "Feature", "properties": { "station_name_original": "Jishuixi", "osmid": 2941775894, "english_name": "Jishui West Railway Station", "city": "Jishui", "province": "Jiangxi", "zh_name": "吉水西", "name": "吉水西", "name:en": "Jishuixi", "splitted": null, "degree": 2, "pop": 561121.62, "capacity": 1, "rain": 0.0 }, "geometry": { "type": "Point", "coordinates": [ 115.0856591, 27.2813836 ] } },
{ "type": "Feature", "properties": { "station_name_original": "Guanyinjichang", "osmid": 9242299258, "english_name": "Guanyin Airport Railway Station", "city": "Guiyang", "province": "Guizhou", "zh_name": "观音机场", "name": "观音机场", "name:en": null, "splitted": null, "degree": 2, "pop": 1049804.5, "capacity": 1, "rain": 0.0 }, "geometry": { "type": "Point", "coordinates": [ 117.5578952, 34.0404538 ] } },
{ "type": "Feature", "properties": { "station_name_original": "Yanling", "osmid": 4732069359, "english_name": "Yanling Railway Station", "city": "Yanling", "province": "Hunan", "zh_name": null, "name": "鄢陵", "name:en": null, "splitted": null, "degree": 2, "pop": 1062240.5, "capacity": 1, "rain": 0.0 }, "geometry": { "type": "Point", "coordinates": [ 114.134176900000014, 34.0652794 ] } },
{ "type": "Feature", "properties": { "station_name_original": "Pingshan", "osmid": 5507309248, "english_name": "Pingshan Railway Station", "city": "Pingshan", "province": "Hebei", "zh_name": null, "name": "屏山", "name:en": null, "splitted": null, "degree": 3, "pop": 1669986.2, "capacity": 1, "rain": 0.0 }, "geometry": { "type": "Point", "coordinates": [ 104.3582669, 28.8524786 ] } },
{ "type": "Feature", "properties": { "station_name_original": "Xinjin", "osmid": 7090395871, "english_name": "Xinjin Railway Station", "city": "Xinjin", "province": "Sichuan", "zh_name": "新津", "name": "新津站", "name:en": "Xinjin Railway Station", "splitted": null, "degree": 3, "pop": 1166071.5, "capacity": 1, "rain": 0.0 }, "geometry": { "type": "Point", "coordinates": [ 103.8712139, 30.4658244 ] } },
{ "type": "Feature", "properties": { "station_name_original": "Jiaxian", "osmid": 5575721523, "english_name": "Jiaxian Railway Station", "city": "Jiaxian", "province": "Shaanxi", "zh_name": null, "name": "郏县", "name:en": null, "splitted": null, "degree": 2, "pop": 2295785.2, "capacity": 1, "rain": 0.0 }, "geometry": { "type": "Point", "coordinates": [ 113.264408100000011, 33.9467065 ] } },
{ "type": "Feature", "properties": { "station_name_original": "Guannan", "osmid": 8517087057, "english_name": "Guannan Railway Station", "city": "Guannan", "province": "Jiangsu", "zh_name": "灌南", "name": "灌南", "name:en": null, "splitted": null, "degree": 2, "pop": 836466.5, "capacity": 1, "rain": 0.0 }, "geometry": { "type": "Point", "coordinates": [ 119.274458700000011, 34.1001237 ] } },
{ "type": "Feature", "properties": { "station_name_original": "Xiajiang", "osmid": 2314081758, "english_name": "Xiajiang Railway Station", "city": "Xiajiang", "province": "Jiangxi", "zh_name": "峡江", "name": "峡江", "name:en": "Xiajiang", "splitted": null, "degree": 3, "pop": 532224.62, "capacity": 1, "rain": 0.0 }, "geometry": { "type": "Point", "coordinates": [ 115.3307748, 27.6022715 ] } },
{ "type": "Feature", "properties": { "station_name_original": "Zhangqiu", "osmid": 8436796782, "english_name": "Zhangqiu Railway Station", "city": "Jinan", "province": "Shandong", "zh_name": "章丘", "name": "章丘", "name:en": "Zhangqiu", "splitted": null, "degree": 3, "pop": 1666630.8, "capacity": 4, "rain": 0.0 }, "geometry": { "type": "Point", "coordinates": [ 117.493903100000011, 36.7221607 ] } },
{ "type": "Feature", "properties": { "station_name_original": "Zhuozidong", "osmid": 4693191075, "english_name": "Zhuozi East Railway Station", "city": "Zhuozi", "province": "Inner Mongolia", "zh_name": "卓资东", "name": "卓资东", "name:en": "Zhuozidong", "splitted": null, "degree": 2, "pop": 525127.12, "capacity": 1, "rain": 0.0 }, "geometry": { "type": "Point", "coordinates": [ 112.6122464, 40.9228337 ] } },
{ "type": "Feature", "properties": { "station_name_original": "Guanzhishan", "osmid": 2838818230, "english_name": "Guanzhishan Railway Station", "city": "Anshan", "province": "Liaoning", "zh_name": null, "name": "冠豸山南", "name:en": "Guanzhishannan", "splitted": null, "degree": 2, "pop": 323763.75, "capacity": 1, "rain": 0.0 }, "geometry": { "type": "Point", "coordinates": [ 116.6748378, 25.5270977 ] } },
{ "type": "Feature", "properties": { "station_name_original": "Gutianhuizhi", "osmid": 2927491272, "english_name": "Gutian Huizhi Railway Station", "city": "Gutian", "province": "Fujian", "zh_name": "古田会址", "name": "古田会址", "name:en": "Gutianhuizhi", "splitted": null, "degree": 2, "pop": 689538.06, "capacity": 1, "rain": 0.0 }, "geometry": { "type": "Point", "coordinates": [ 116.7676145, 25.187087 ] } },
{ "type": "Feature", "properties": { "station_name_original": "Chasuqi", "osmid": 1709764696, "english_name": "Chasuqi Railway Station", "city": "Hohhot", "province": "Inner Mongolia", "zh_name": "察素齐", "name": "察素齐", "name:en": "Chasuqi", "splitted": null, "degree": 2, "pop": 834054.31, "capacity": 1, "rain": 0.0 }, "geometry": { "type": "Point", "coordinates": [ 111.119430200000011, 40.7035669 ] } },
{ "type": "Feature", "properties": { "station_name_original": "Salaqi", "osmid": 1694174661, "english_name": "Salaqi Railway Station", "city": "Baotou", "province": "Inner Mongolia", "zh_name": "萨拉齐", "name": "萨拉齐", "name:en": "Salaqi", "splitted": null, "degree": 2, "pop": 1047178.1, "capacity": 1, "rain": 0.0 }, "geometry": { "type": "Point", "coordinates": [ 110.525766800000014, 40.5637659 ] } },
{ "type": "Feature", "properties": { "station_name_original": "Xuchangbei", "osmid": 8465304461, "english_name": "Xuchang North Railway Station", "city": "Xuchang", "province": "Henan", "zh_name": "许昌北", "name": "许昌北", "name:en": null, "splitted": null, "degree": 2, "pop": 495837.12, "capacity": 1, "rain": 0.0 }, "geometry": { "type": "Point", "coordinates": [ 113.924250500000014, 34.1444472 ] } },
{ "type": "Feature", "properties": { "station_name_original": "Xiangfenxi", "osmid": 3012035358, "english_name": "Xiangfen West Railway Station", "city": "Xiangfen", "province": "Shanxi", "zh_name": "襄汾西", "name": "襄汾西", "name:en": null, "splitted": null, "degree": 2, "pop": 1056048.9, "capacity": 1, "rain": 0.0 }, "geometry": { "type": "Point", "coordinates": [ 111.330422, 35.838567 ] } },
{ "type": "Feature", "properties": { "station_name_original": "Xinjinnan", "osmid": 4752750505, "english_name": "Xinjin South Railway Station", "city": "Xinjin", "province": "Sichuan", "zh_name": "新津南", "name": "新津南", "name:en": "Xinjinnan", "splitted": null, "degree": 2, "pop": 973101.38, "capacity": 1, "rain": 0.0 }, "geometry": { "type": "Point", "coordinates": [ 103.853839, 30.3515154 ] } },
{ "type": "Feature", "properties": { "station_name_original": "Wananxian", "osmid": 2941969186, "english_name": "Wan'an Railway Station", "city": "Wan'an", "province": "Jiangxi", "zh_name": null, "name": "万安县", "name:en": "Wan'an", "splitted": null, "degree": 2, "pop": 1194201.4, "capacity": 1, "rain": 0.0 }, "geometry": { "type": "Point", "coordinates": [ 114.8386311, 26.5286066 ] } },
{ "type": "Feature", "properties": { "station_name_original": "Yuzhou", "osmid": 5575721522, "english_name": "Yuzhou Railway Station", "city": "Yuzhou", "province": "Henan", "zh_name": null, "name": "禹州", "name:en": "Yuzhou", "splitted": null, "degree": 1, "pop": 1246665.0, "capacity": 1, "rain": 0.0 }, "geometry": { "type": "Point", "coordinates": [ 113.5646653, 34.1255719 ] } },
{ "type": "Feature", "properties": { "station_name_original": "Fangcheng", "osmid": 9526166087, "english_name": "Fangcheng Railway Station", "city": "Nanyang", "province": "Henan", "zh_name": null, "name": "方城", "name:en": null, "splitted": null, "degree": 1, "pop": 2301260.2, "capacity": 1, "rain": 0.0 }, "geometry": { "type": "Point", "coordinates": [ 112.9439579, 33.2404508 ] } },
{ "type": "Feature", "properties": { "station_name_original": "Changgebei", "osmid": 5575721521, "english_name": "Changge North Railway Station", "city": "Changge", "province": "Henan", "zh_name": "长葛北", "name": "长葛北", "name:en": null, "splitted": null, "degree": 1, "pop": 1313523.1, "capacity": 1, "rain": 0.0 }, "geometry": { "type": "Point", "coordinates": [ 113.7288106, 34.2524027 ] } },
{ "type": "Feature", "properties": { "station_name_original": "Jianwei", "osmid": 7434696459, "english_name": "Jianwei Railway Station", "city": "Jianwei", "province": "Sichuan", "zh_name": "犍为", "name": "犍为", "name:en": "Qianwei", "splitted": null, "degree": 1, "pop": 1301441.5, "capacity": 1, "rain": 0.0 }, "geometry": { "type": "Point", "coordinates": [ 103.957180400000013, 29.3510787 ] } },
{ "type": "Feature", "properties": { "station_name_original": "Luojiangdong", "osmid": 3894496841, "english_name": "Luojiang East Railway Station", "city": "Deyang", "province": "Sichuan", "zh_name": "罗江东", "name": "罗江东", "name:en": "Luojiangdong", "splitted": null, "degree": 1, "pop": 1128034.9, "capacity": 1, "rain": 0.0 }, "geometry": { "type": "Point", "coordinates": [ 104.5325992, 31.3063344 ] } },
{ "type": "Feature", "properties": { "station_name_original": "Shuangliuxi", "osmid": 6156494076, "english_name": "Shuangliu West Railway Station", "city": "Chengdu", "province": "Sichuan", "zh_name": "双流西", "name": "双流西站", "name:en": "Shuangliu West Railway Station", "splitted": null, "degree": 1, "pop": 2142502.0, "capacity": 1, "rain": 0.0 }, "geometry": { "type": "Point", "coordinates": [ 103.914812500000011, 30.5460614 ] } },
{ "type": "Feature", "properties": { "station_name_original": "Nixi", "osmid": 5774489263, "english_name": "Nixi Railway Station", "city": "Shangri-La", "province": "Yunnan", "zh_name": null, "name": "泥溪", "name:en": null, "splitted": null, "degree": 1, "pop": 827547.81, "capacity": 1, "rain": 0.0 }, "geometry": { "type": "Point", "coordinates": [ 104.273243, 29.0091725 ] } },
{ "type": "Feature", "properties": { "station_name_original": "Guilin", "osmid": 626322669, "english_name": "Guilin Railway Station", "city": "Guilin", "province": "Guangxi", "zh_name": null, "name": "桂林", "name:en": "Guilin", "splitted": null, "degree": 1, "pop": 1389259.8, "capacity": 1, "rain": 0.0 }, "geometry": { "type": "Point", "coordinates": [ 110.277223400000011, 25.2643418 ] } },
{ "type": "Feature", "properties": { "station_name_original": "Qingshen", "osmid": 8148643737, "english_name": "Qingshen Railway Station", "city": "Meishan", "province": "Sichuan", "zh_name": "青神", "name": "青神", "name:en": null, "splitted": null, "degree": 1, "pop": 677437.5, "capacity": 1, "rain": 0.0 }, "geometry": { "type": "Point", "coordinates": [ 103.7676698, 29.8514939 ] } },
{ "type": "Feature", "properties": { "station_name_original": "Longshanzhen", "osmid": 7252318603, "english_name": "Longshan Town Railway Station", "city": "Xiamen", "province": "Fujian", "zh_name": "龙山镇", "name": "龙山镇", "name:en": "Longshanzhen", "splitted": null, "degree": 1, "pop": 690868.38, "capacity": 1, "rain": 0.0 }, "geometry": { "type": "Point", "coordinates": [ 117.357711200000011, 24.6946923 ] } },
{ "type": "Feature", "properties": { "station_name_original": "Guidingxian", "osmid": 2156949139, "english_name": "Guiding Railway Station", "city": "Guiding", "province": "Guizhou", "zh_name": "贵定县", "name": "贵定", "name:en": "Guiding", "splitted": null, "degree": 1, "pop": 365381.12, "capacity": 1, "rain": 0.0 }, "geometry": { "type": "Point", "coordinates": [ 107.2239348, 26.5844563 ] } },
{ "type": "Feature", "properties": { "station_name_original": "Rongjiang", "osmid": 9527375841, "english_name": "Rongjiang Railway Station", "city": "Rongjiang", "province": "Guizhou", "zh_name": "榕江", "name": "榕江", "name:en": null, "splitted": null, "degree": 1, "pop": 898480.06, "capacity": 1, "rain": 0.0 }, "geometry": { "type": "Point", "coordinates": [ 108.5514902, 25.9917177 ] } },
{ "type": "Feature", "properties": { "station_name_original": "Qingdui", "osmid": 9166853510, "english_name": "Qingdui Railway Station", "city": "Wenzhou", "province": "Zhejiang", "zh_name": "青堆", "name": "青堆", "name:en": null, "splitted": null, "degree": 1, "pop": 374041.94, "capacity": 1, "rain": 16.261358322158035 }, "geometry": { "type": "Point", "coordinates": [ 123.2217872, 39.8420224 ] } },
{ "type": "Feature", "properties": { "station_name_original": "Xuzhou", "osmid": 5570292382, "english_name": "Xuzhou Railway Station", "city": "Xuzhou", "province": "Jiangsu", "zh_name": null, "name": "徐州", "name:en": "Xuzhou", "splitted": null, "degree": 1, "pop": 2156999.8, "capacity": 1, "rain": 0.0 }, "geometry": { "type": "Point", "coordinates": [ 117.20176210000001, 34.2663951 ] } },
{ "type": "Feature", "properties": { "station_name_original": "Taishan", "osmid": 5485730430, "english_name": "Taishan Railway Station", "city": "Taishan", "province": "Guangdong", "zh_name": null, "name": "台山", "name:en": "Taishan", "splitted": null, "degree": 1, "pop": 1559710.5, "capacity": 1, "rain": 0.0 }, "geometry": { "type": "Point", "coordinates": [ 112.8103423, 22.3021203 ] } },
{ "type": "Feature", "properties": { "station_name_original": "Enping", "osmid": 5485730496, "english_name": "Enping Railway Station", "city": "Enping", "province": "Guangdong", "zh_name": "恩平", "name": "恩平", "name:en": "Enping", "splitted": null, "degree": 1, "pop": 955933.81, "capacity": 1, "rain": 0.0 }, "geometry": { "type": "Point", "coordinates": [ 112.3908341, 22.1881799 ] } },
{ "type": "Feature", "properties": { "station_name_original": "Mata", "osmid": 8976366513, "english_name": "Mata Railway Station", "city": "Maoming", "province": "Guangdong", "zh_name": "马踏", "name": "马踏", "name:en": null, "splitted": null, "degree": 1, "pop": 1431859.9, "capacity": 1, "rain": 0.0 }, "geometry": { "type": "Point", "coordinates": [ 111.3604164, 21.6840708 ] } },
{ "type": "Feature", "properties": { "station_name_original": "Shuangji", "osmid": 6541700581, "english_name": "Shuangji Railway Station", "city": "Fuyang", "province": "Anhui", "zh_name": "双集", "name": "双吉", "name:en": "Shuangji", "splitted": null, "degree": 2, "pop": 725429.75, "capacity": 1, "rain": 0.0 }, "geometry": { "type": "Point", "coordinates": [ 126.431078700000015, 43.9624859 ] } },
{ "type": "Feature", "properties": { "station_name_original": "Longjia", "osmid": 2375089681, "english_name": "Longjia Railway Station", "city": "Changchun", "province": "Jilin", "zh_name": "龙嘉", "name": "龙嘉", "name:en": "Longjia", "splitted": null, "degree": 2, "pop": 988866.0, "capacity": 1, "rain": 0.0 }, "geometry": { "type": "Point", "coordinates": [ 125.6940461, 43.9904922 ] } },
{ "type": "Feature", "properties": { "station_name_original": "Luoyuan", "osmid": 1895255830, "english_name": "Luoyuan Railway Station", "city": "Fuzhou", "province": "Fujian", "zh_name": "罗源", "name": "罗源", "name:en": "Luoyuan", "splitted": null, "degree": 2, "pop": 378700.41, "capacity": 1, "rain": 0.0 }, "geometry": { "type": "Point", "coordinates": [ 119.5721077, 26.4591921 ] } },
{ "type": "Feature", "properties": { "station_name_original": "Jingzhou_0", "osmid": 5555291485, "english_name": "Jingzhou Railway Station", "city": "Jingzhou", "province": "Hubei", "zh_name": null, "name": "景州", "name:en": "Jingzhou", "splitted": "Jingzhou", "degree": 2, "pop": 2586653.5, "capacity": 1, "rain": 0.0 }, "geometry": { "type": "Point", "coordinates": [ 116.1327356, 37.6452453 ] } },
{ "type": "Feature", "properties": { "station_name_original": "Jingzhou_1", "osmid": 2492404007, "english_name": "Jingzhou Railway Station", "city": "Jingzhou", "province": "Hubei", "zh_name": null, "name": "荆州", "name:en": "Jingzhou", "splitted": "Jingzhou", "degree": 4, "pop": 4937015.5, "capacity": 3, "rain": 0.0 }, "geometry": { "type": "Point", "coordinates": [ 112.2074419, 30.372574 ] } },
{ "type": "Feature", "properties": { "station_name_original": "Fengchengdong_0", "osmid": 9179735855, "english_name": "Fengcheng East Railway Station", "city": "Fengcheng", "province": "Jiangxi", "zh_name": null, "name": "凤城东", "name:en": null, "splitted": "Fengchengdong", "degree": 3, "pop": 540454.25, "capacity": 2, "rain": 0.0 }, "geometry": { "type": "Point", "coordinates": [ 124.1287279, 40.462948 ] } },
{ "type": "Feature", "properties": { "station_name_original": "Fengchengdong_1", "osmid": 2940767972, "english_name": "Fengcheng East Railway Station", "city": "Fengcheng", "province": "Jiangxi", "zh_name": null, "name": "丰城东", "name:en": "Fengchengdong", "splitted": "Fengchengdong", "degree": 4, "pop": 1162674.6, "capacity": 2, "rain": 0.0 }, "geometry": { "type": "Point", "coordinates": [ 115.805868100000012, 28.1687135 ] } },
{ "type": "Feature", "properties": { "station_name_original": "Taian_0", "osmid": 8431451879, "english_name": "Tai'an Railway Station", "city": "Tai'an", "province": "Shandong", "zh_name": null, "name": "台安", "name:en": "Tai'an", "splitted": "Taian", "degree": 5, "pop": 508282.0, "capacity": 3, "rain": 0.0 }, "geometry": { "type": "Point", "coordinates": [ 122.4250813, 41.4439388 ] } },
{ "type": "Feature", "properties": { "station_name_original": "Taian_1", "osmid": 6844103016, "english_name": "Tai'an Railway Station", "city": "Tai'an", "province": "Shandong", "zh_name": null, "name": "泰安", "name:en": "Tai'an", "splitted": "Taian", "degree": 8, "pop": 4967994.0, "capacity": 10, "rain": 0.0 }, "geometry": { "type": "Point", "coordinates": [ 117.029253200000014, 36.1719485 ] } }
]
}
