{
"type": "FeatureCollection",
"name": "graph_nodes_voronois",
"crs": { "type": "name", "properties": { "name": "urn:ogc:def:crs:OGC:1.3:CRS84" } },
"features": [
{ "type": "Feature", "properties": { "station_name_original": "Nanjingnan", "osmid": 3484203015, "english_name": "Nanjing South Railway Station", "city": "Nanjing", "province": "Jiangsu", "zh_name": "南京南", "name": "南京南站", "name:en": "Nanjing South Railway Station", "splitted": null, "degree": 34, "pop": 2067280.5 }, "geometry": { "type": "Polygon", "coordinates": [ [ [ 118.783332842395552, 31.772072201382421 ], [ 118.59800902178479, 32.028356950873004 ], [ 118.868213880879892, 32.031248901287597 ], [ 118.783332842395552, 31.772072201382421 ] ] ] } },
{ "type": "Feature", "properties": { "station_name_original": "Shanghaihongqiao", "osmid": 4610023440, "english_name": "Shanghai Hongqiao Railway Station", "city": "Shanghai", "province": "Shanghai", "zh_name": "上海虹桥", "name": "上海虹桥", "name:en": "Shanghai-Hongqiao", "splitted": null, "degree": 18, "pop": 3155288.8 }, "geometry": { "type": "Polygon", "coordinates": [ [ [ 121.400939787431184, 31.178773623121529 ], [ 121.468953739341103, 31.005797108326114 ], [ 121.150474983508857, 31.142172532492381 ], [ 121.213423749603749, 31.227112509230594 ], [ 121.344709561157231, 31.244183680543387 ], [ 121.400939787431184, 31.178773623121529 ] ] ] } },
{ "type": "Feature", "properties": { "station_name_original": "Changshanan", "osmid": 2803078099, "english_name": "Changsha South Railway Station", "city": "Changsha", "province": "Hunan", "zh_name": "长沙南", "name": "长沙南", "name:en": "Changsha South", "splitted": null, "degree": 27, "pop": 7433899.5 }, "geometry": { "type": "Polygon", "coordinates": [ [ [ 112.674377934213325, 28.274760612698508 ], [ 112.551679404476332, 28.520518347955647 ], [ 113.685499493635476, 28.372976747397736 ], [ 113.350007621466617, 27.974408161636557 ], [ 113.127828805839897, 27.97256444231154 ], [ 112.674377934213325, 28.274760612698508 ] ] ] } },
{ "type": "Feature", "properties": { "station_name_original": "Hangzhoudong", "osmid": 7160108921, "english_name": "Hangzhou East Railway Station", "city": "Hangzhou", "province": "Zhejiang", "zh_name": "杭州东", "name": "杭州东", "name:en": "Hangzhoudong", "splitted": null, "degree": 35, "pop": 2766360.5 }, "geometry": { "type": "Polygon", "coordinates": [ [ [ 120.096084343940376, 30.330733080572458 ], [ 120.098206554672672, 30.399798879899539 ], [ 120.214215698052598, 30.469082778117464 ], [ 120.398213649195966, 30.244861459644948 ], [ 120.353383181559252, 30.16931558995768 ], [ 120.096084343940376, 30.330733080572458 ] ] ] } },
{ "type": "Feature", "properties": { "station_name_original": "Guangzhounan", "osmid": 7892566022, "english_name": "Guangzhou South Railway Station", "city": "Guangzhou", "province": "Guangdong", "zh_name": "广州南", "name": "广州南站", "name:en": "Guangzhou South Railway Station", "splitted": null, "degree": 27, "pop": 12737396.0 }, "geometry": { "type": "Polygon", "coordinates": [ [ [ 113.05203019603924, 22.801698722690666 ], [ 113.200693515436129, 23.180424717762527 ], [ 113.538123423172664, 23.236394076660623 ], [ 113.270455989987624, 22.741019338305222 ], [ 113.233010083531099, 22.726877078690123 ], [ 113.05203019603924, 22.801698722690666 ] ] ] } },
{ "type": "Feature", "properties": { "station_name_original": "Zhengzhoudong", "osmid": 12468737664, "english_name": "Zhengzhou East Railway Station", "city": "Zhengzhou", "province": "Henan", "zh_name": "郑州东", "name": "郑州东站", "name:en": "Zhengzhou East Railway Station", "splitted": null, "degree": 37, "pop": 3108029.0 }, "geometry": { "type": "Polygon", "coordinates": [ [ [ 113.735963248792558, 34.507299485161994 ], [ 113.672505827921938, 35.110154283691223 ], [ 113.980308306825904, 34.99753762091148 ], [ 114.061829054083105, 34.506039495729262 ], [ 113.985943569016314, 34.487022237727302 ], [ 113.735963248792558, 34.507299485161994 ] ] ] } },
{ "type": "Feature", "properties": { "station_name_original": "Shenzhenbei", "osmid": 7822253163, "english_name": "Shenzhen North Railway Station", "city": "Shenzhen", "province": "Guangdong", "zh_name": "深圳北", "name": "深圳北站", "name:en": "Shenzhen North Railway Station", "splitted": null, "degree": 12, "pop": 5456979.5 }, "geometry": { "type": "Polygon", "coordinates": [ [ [ 113.738912221556731, 22.470287397438224 ], [ 113.733595968326057, 22.518184673404438 ], [ 114.139773322548379, 22.768151656956103 ], [ 114.184894896864407, 22.630467238858628 ], [ 113.74005497138009, 22.468893212646464 ], [ 113.738912221556731, 22.470287397438224 ] ] ] } },
{ "type": "Feature", "properties": { "station_name_original": "Xuzhoudong", "osmid": 8270403720, "english_name": "Xuzhou East Railway Station", "city": "Xuzhou", "province": "Jiangsu", "zh_name": "徐州东", "name": "徐州东站", "name:en": "Xuzhou East Railway Station", "splitted": null, "degree": 24, "pop": 1181237.2 }, "geometry": { "type": "Polygon", "coordinates": [ [ [ 117.261149644885762, 33.97461280726418 ], [ 117.243592672275, 34.525569557054496 ], [ 117.762782584434731, 34.527055374893266 ], [ 117.267863504498365, 33.973977950612344 ], [ 117.261149644885762, 33.97461280726418 ] ] ] } },
{ "type": "Feature", "properties": { "station_name_original": "Wuhan", "osmid": 9392495366, "english_name": "Wuhan Railway Station", "city": "Wuhan", "province": "Hubei", "zh_name": "武汉", "name": "武汉站东广场", "name:en": "Wuhan Railway Station", "splitted": null, "degree": 23, "pop": 4085924.5 }, "geometry": { "type": "Polygon", "coordinates": [ [ [ 114.343719490029358, 30.725333133528718 ], [ 114.44127043485733, 30.850005624205817 ], [ 114.636970756840327, 30.749016715796717 ], [ 114.388646476766084, 30.249752546322515 ], [ 114.308598802034965, 30.263951131815521 ], [ 114.343719490029358, 30.725333133528718 ] ] ] } },
{ "type": "Feature", "properties": { "station_name_original": "Jinanxi", "osmid": 7733885005, "english_name": "Jinan West Railway Station", "city": "Jinan", "province": "Shandong", "zh_name": "济南西", "name": "济南西", "name:en": "Jinanxi", "splitted": null, "degree": 19, "pop": 3256568.0 }, "geometry": { "type": "Polygon", "coordinates": [ [ [ 115.726244892139903, 36.327014444828706 ], [ 116.4214829457989, 36.680547303469545 ], [ 116.933588705707805, 36.766351473984287 ], [ 116.940820412287778, 36.415530199485701 ], [ 115.740597444651883, 36.069493213231176 ], [ 115.730795063800954, 36.11036970470326 ], [ 115.726244892139903, 36.327014444828706 ] ] ] } },
{ "type": "Feature", "properties": { "station_name_original": "Shijiazhuang", "osmid": 8603069012, "english_name": "Shijiazhuang Railway Station", "city": "Shijiazhuang", "province": "Hebei", "zh_name": "石家庄", "name": "石家庄站", "name:en": "Shijiazhuang", "splitted": null, "degree": 21, "pop": 4690762.0 }, "geometry": { "type": "Polygon", "coordinates": [ [ [ 113.924845981157574, 37.752708791163208 ], [ 114.015920041866991, 38.659875752640978 ], [ 114.496632914570043, 38.217809571576126 ], [ 114.608093367252408, 37.831198065795199 ], [ 113.924845981157574, 37.752708791163208 ] ] ] } },
{ "type": "Feature", "properties": { "station_name_original": "Beijingnan", "osmid": 1673553148, "english_name": "Beijing South Railway Station", "city": "Beijing", "province": "Beijing", "zh_name": "北京南", "name": "北京南站", "name:en": "Beijing South Railway Station", "splitted": null, "degree": 12, "pop": 6828475.0 }, "geometry": { "type": "Polygon", "coordinates": [ [ [ 116.224973141128558, 39.649162812016669 ], [ 116.357158514428335, 39.903943948545546 ], [ 116.99503164992187, 40.11078721241234 ], [ 116.371543543732727, 39.531327517588139 ], [ 116.224973141128558, 39.649162812016669 ] ] ] } },
{ "type": "Feature", "properties": { "station_name_original": "Shangrao", "osmid": 1579354022, "english_name": "Shangrao Railway Station", "city": "Shangrao", "province": "Jiangxi", "zh_name": "上饶", "name": "上饶", "name:en": "Shangrao", "splitted": null, "degree": 20, "pop": 1695691.2 }, "geometry": { "type": "Polygon", "coordinates": [ [ [ 117.693284480271444, 28.652497134927422 ], [ 118.041238926106232, 28.762810443206575 ], [ 118.242344328916445, 28.395288327368654 ], [ 117.740068266236705, 28.322505041945259 ], [ 117.693284480271444, 28.652497134927422 ] ] ] } },
{ "type": "Feature", "properties": { "station_name_original": "Hengyangdong", "osmid": 582375485, "english_name": "Hengyang East Railway Station", "city": "Hengyang", "province": "Hunan", "zh_name": "衡阳东", "name": "衡阳东", "name:en": "Hengyangdong", "splitted": null, "degree": 15, "pop": 2169136.0 }, "geometry": { "type": "Polygon", "coordinates": [ [ [ 112.432970100395281, 26.607994527259788 ], [ 112.620427626794296, 27.103341812998003 ], [ 113.524354141455561, 26.900059491026344 ], [ 113.605150840146763, 26.814398000953265 ], [ 113.614731109000985, 26.800560591677513 ], [ 112.432970100395281, 26.607994527259788 ] ] ] } },
{ "type": "Feature", "properties": { "station_name_original": "Suzhou", "osmid": 13565836222, "english_name": "Suzhou Railway Station", "city": "Suzhou", "province": "Jiangsu", "zh_name": "苏州", "name": "苏州火车站", "name:en": "Suzhou Railway Station", "splitted": null, "degree": 14, "pop": 2658419.8 }, "geometry": { "type": "Polygon", "coordinates": [ [ [ 120.393095798644623, 30.996925331099323 ], [ 120.582721413871809, 31.39369960930491 ], [ 120.653676596671758, 31.366839680997696 ], [ 120.687991888549746, 31.012849015794899 ], [ 120.676252673329259, 31.005808836959943 ], [ 120.463247002143291, 30.942821914039651 ], [ 120.434869679349532, 30.944350706767306 ], [ 120.393095798644623, 30.996925331099323 ] ] ] } },
{ "type": "Feature", "properties": { "station_name_original": "Yiwu", "osmid": 7702323725, "english_name": "Yiwu Railway Station", "city": "Yiwu", "province": "Zhejiang", "zh_name": "义乌", "name": "义乌高铁站", "name:en": "Yiwu Railway Station", "splitted": null, "degree": 13, "pop": 3446771.0 }, "geometry": { "type": "Polygon", "coordinates": [ [ [ 119.71980796339605, 29.442666400429772 ], [ 119.727881009146088, 29.468237803099662 ], [ 119.935462479832978, 29.625769527075864 ], [ 120.714645255053952, 29.310271345580531 ], [ 120.62541613302993, 29.094506161306626 ], [ 120.080296420820304, 29.11516786927033 ], [ 119.94226461617265, 29.183015890042089 ], [ 119.71980796339605, 29.442666400429772 ] ] ] } },
{ "type": "Feature", "properties": { "station_name_original": "Kunshannan", "osmid": 9242148030, "english_name": "Kunshan South Railway Station", "city": "Kunshan", "province": "Jiangsu", "zh_name": "昆山南", "name": "昆山南", "name:en": null, "splitted": null, "degree": 16, "pop": 1314521.2 }, "geometry": { "type": "Polygon", "coordinates": [ [ [ 120.836678835324406, 31.15420727584592 ], [ 121.146059926478443, 32.171681223471182 ], [ 120.950012735893239, 31.105927991635046 ], [ 120.847445507447645, 31.074989352045186 ], [ 120.840796228945379, 31.075160555060346 ], [ 120.836678835324406, 31.15420727584592 ] ] ] } },
{ "type": "Feature", "properties": { "station_name_original": "Nanchangxi", "osmid": 2375668088, "english_name": "Nanchang West Railway Station", "city": "Nanchang", "province": "Jiangxi", "zh_name": "南昌西", "name": "南昌西站", "name:en": "Nanchang West Railway Station", "splitted": null, "degree": 22, "pop": 1393035.9 }, "geometry": { "type": "Polygon", "coordinates": [ [ [ 115.643240194430334, 28.391742882135066 ], [ 115.474598570259289, 28.843385249677514 ], [ 115.796851246125982, 28.824920625382234 ], [ 115.928331765198351, 28.402747082698617 ], [ 115.643240194430334, 28.391742882135066 ] ] ] } },
{ "type": "Feature", "properties": { "station_name_original": "Lishui", "osmid": 2726898124, "english_name": "Lishui Railway Station", "city": "Lishui", "province": "Zhejiang", "zh_name": "丽水", "name": "溧水", "name:en": "Lishui", "splitted": null, "degree": 15, "pop": 809953.88 }, "geometry": { "type": "Polygon", "coordinates": [ [ [ 118.893977283691854, 31.197426512424503 ], [ 118.812570305134628, 31.591080019152365 ], [ 119.249024523131098, 31.921894643399121 ], [ 119.320443771353453, 31.872429086696044 ], [ 119.334791103927358, 31.850303857857096 ], [ 118.894003419742418, 31.197383019209326 ], [ 118.893977283691854, 31.197426512424503 ] ] ] } },
{ "type": "Feature", "properties": { "station_name_original": "Jiaxingnan", "osmid": 7160140842, "english_name": "Jiaxing South Railway Station", "city": "Jiaxing", "province": "Zhejiang", "zh_name": "嘉兴南", "name": "嘉兴南", "name:en": "South Jiaxing", "splitted": null, "degree": 9, "pop": 2239819.5 }, "geometry": { "type": "Polygon", "coordinates": [ [ [ 120.838552929420814, 30.376605825994545 ], [ 120.463247002143291, 30.942821914039651 ], [ 120.676252673329259, 31.005808836959943 ], [ 121.06895427113767, 30.452575023541328 ], [ 120.963624624366133, 30.387118242549214 ], [ 120.838552929420814, 30.376605825994545 ] ] ] } },
{ "type": "Feature", "properties": { "station_name_original": "Beijingxi", "osmid": 3369459828, "english_name": "Beijing West Railway Station", "city": "Beijing", "province": "Beijing", "zh_name": "北京西", "name": "北京西站", "name:en": "Beijing West Railway Station", "splitted": null, "degree": 10, "pop": 3676920.5 }, "geometry": { "type": "Polygon", "coordinates": [ [ [ 115.849729992960064, 39.880108599232649 ], [ 115.909090834286658, 39.949856143028036 ], [ 116.25554065179503, 39.964362579696129 ], [ 116.357158514428335, 39.903943948545546 ], [ 116.224973141128558, 39.649162812016669 ], [ 115.849729992960064, 39.880108599232649 ] ] ] } },
{ "type": "Feature", "properties": { "station_name_original": "Hefeinan", "osmid": 9327972785, "english_name": "Hefei South Railway Station", "city": "Hefei", "province": "Anhui", "zh_name": "合肥南", "name": "合肥南站", "name:en": "Hefeinan Railway Station", "splitted": null, "degree": 20, "pop": 4130543.8 }, "geometry": { "type": "Polygon", "coordinates": [ [ [ 116.948052656143375, 31.217133323302924 ], [ 116.876785350844727, 31.877779342094822 ], [ 117.086638084701264, 31.908007516919618 ], [ 117.411311941532077, 31.80912206839141 ], [ 117.086213390577683, 31.19232865825159 ], [ 116.948052656143375, 31.217133323302924 ] ] ] } },
{ "type": "Feature", "properties": { "station_name_original": "Xianggangxijiulong", "osmid": 7919700008, "english_name": "Hong Kong West Kowloon Railway Station", "city": "Hong Kong", "province": "Hong Kong", "zh_name": "香港西九龙", "name": "香港西九龍 Hong Kong West Kowloon", "name:en": "Hong Kong West Kowloon", "splitted": null, "degree": 3, "pop": 1396.5549 }, "geometry": { "type": "Polygon", "coordinates": [ [ [ 120.170311741473384, -7.3722308 ], [ 117.478838692746365, 2.500511405491268 ], [ 115.165453073200666, 12.775557577915858 ], [ 113.848640999948188, 22.298329569602579 ], [ 114.266927919170399, 22.498546365276074 ], [ 114.783443449622851, 22.296819018458084 ], [ 115.260685734211435, 21.406286649283 ], [ 126.909429008836213, -7.3722308 ], [ 120.170311741473384, -7.3722308 ] ] ] } },
{ "type": "Feature", "properties": { "station_name_original": "Chenzhouxi", "osmid": 8390574022, "english_name": "Chenzhou West Railway Station", "city": "Chenzhou", "province": "Hunan", "zh_name": "郴州西", "name": "郴州西", "name:en": "Chenzhou West", "splitted": null, "degree": 10, "pop": 3987486.5 }, "geometry": { "type": "Polygon", "coordinates": [ [ [ 112.121390126212745, 25.818728539584516 ], [ 112.177724340495558, 25.892162609298264 ], [ 113.818511541456232, 26.331064573498182 ], [ 113.97053452151701, 25.970183720672921 ], [ 112.419073683970211, 24.908712169612453 ], [ 111.953449573071623, 25.429310474352771 ], [ 111.962446180277993, 25.509258722732476 ], [ 112.121390126212745, 25.818728539584516 ] ] ] } },
{ "type": "Feature", "properties": { "station_name_original": "Wuxi", "osmid": 5912016450, "english_name": "Wuxi Railway Station", "city": "Wuxi", "province": "Jiangsu", "zh_name": "无锡", "name": "无锡火车站", "name:en": "Wuxi Railway Station", "splitted": null, "degree": 10, "pop": 2070053.6 }, "geometry": { "type": "Polygon", "coordinates": [ [ [ 120.120980738521794, 31.335437451362548 ], [ 120.079383713865994, 31.409548300185079 ], [ 120.368812907557455, 31.787874934797347 ], [ 120.379453726772041, 31.578014583812152 ], [ 120.120980738521794, 31.335437451362548 ] ] ] } },
{ "type": "Feature", "properties": { "station_name_original": "Xianbei", "osmid": 2702279001, "english_name": "Xi'an North Railway Station", "city": "Xi'an", "province": "Shaanxi", "zh_name": "西安北", "name": "西安北站", "name:en": "Xi'an North Railway Station", "splitted": null, "degree": 21, "pop": 8897077.0 }, "geometry": { "type": "Polygon", "coordinates": [ [ [ 109.432643540662198, 33.682669809047113 ], [ 108.994553354250129, 34.064099852984604 ], [ 108.836055016938772, 34.335951418355748 ], [ 108.376469078549633, 37.275085318674364 ], [ 109.432643540662198, 33.682669809047113 ] ] ] } },
{ "type": "Feature", "properties": { "station_name_original": "Guiyangbei", "osmid": 5235040409, "english_name": "Guiyang North Railway Station", "city": "Guiyang", "province": "Guizhou", "zh_name": "贵阳北", "name": "贵阳北站", "name:en": "Guiyangbei Railway Station", "splitted": null, "degree": 24, "pop": 4470129.5 }, "geometry": { "type": "Polygon", "coordinates": [ [ [ 106.902442771649376, 25.945762314135937 ], [ 106.843681732508713, 25.827704381939682 ], [ 106.325371685825814, 26.749682273852365 ], [ 106.382097461200772, 26.847118664981785 ], [ 106.627122141197603, 26.766256407545139 ], [ 106.927645619645219, 26.308356017098614 ], [ 106.902442771649376, 25.945762314135937 ] ] ] } },
{ "type": "Feature", "properties": { "station_name_original": "Changzhou", "osmid": 8453216523, "english_name": "Changzhou Railway Station", "city": "Changzhou", "province": "Jiangsu", "zh_name": null, "name": "常州", "name:en": null, "splitted": null, "degree": 9, "pop": 1854717.0 }, "geometry": { "type": "Polygon", "coordinates": [ [ [ 119.675874559325109, 31.716269849158788 ], [ 119.710071070042531, 31.761145241823609 ], [ 120.078425295998287, 31.850677472159436 ], [ 119.881031561157073, 31.552984662905708 ], [ 119.714335553882989, 31.609277804472541 ], [ 119.654829229578866, 31.679499837601611 ], [ 119.675874559325109, 31.716269849158788 ] ] ] } },
{ "type": "Feature", "properties": { "station_name_original": "Bangbunan", "osmid": 6234311904, "english_name": "Bengbu South Railway Station", "city": "Bengbu", "province": "Anhui", "zh_name": "蚌埠南", "name": "蚌埠南", "name:en": "Bengbunan", "splitted": null, "degree": 9, "pop": 2967150.0 }, "geometry": { "type": "Polygon", "coordinates": [ [ [ 117.444708865696541, 32.600474493676494 ], [ 116.928618316087281, 33.18858817657329 ], [ 117.758901573413269, 33.393549832224728 ], [ 117.962776960441872, 33.297513872764533 ], [ 118.037948362231845, 33.232540548793914 ], [ 117.495586724499958, 32.567307938614043 ], [ 117.444708865696541, 32.600474493676494 ] ] ] } },
{ "type": "Feature", "properties": { "station_name_original": "Wenzhounan", "osmid": 7693453988, "english_name": "Wenzhou South Railway Station", "city": "Wenzhou", "province": "Zhejiang", "zh_name": "温州南", "name": "温州南", "name:en": "Wenzhounan", "splitted": null, "degree": 14, "pop": 1503904.9 }, "geometry": { "type": "Polygon", "coordinates": [ [ [ 120.328585385414357, 27.875380655128854 ], [ 120.494684075916595, 28.173054878036584 ], [ 120.780380555485124, 27.864974032766241 ], [ 120.328585385414357, 27.875380655128854 ] ] ] } },
{ "type": "Feature", "properties": { "station_name_original": "Shanghai", "osmid": 3800386167, "english_name": "Shanghai Railway Station", "city": "Shanghai", "province": "Shanghai", "zh_name": "上海", "name": "上海火车站", "name:en": "Shanghai Railway Station", "splitted": null, "degree": 12, "pop": 13232030.0 }, "geometry": { "type": "Polygon", "coordinates": [ [ [ 121.468953739341103, 31.005797108326114 ], [ 121.400939787431184, 31.178773623121529 ], [ 121.929766023853176, 32.97853910076811 ], [ 123.53237851949207, 33.937321670765371 ], [ 131.73313325481368, 32.613817545801723 ], [ 133.458000280172314, 31.289600439142333 ], [ 121.929553911839434, 30.612576786202325 ], [ 121.468953739341103, 31.005797108326114 ] ] ] } },
{ "type": "Feature", "properties": { "station_name_original": "Dezhoudong", "osmid": 6214911057, "english_name": "Dezhou East Railway Station", "city": "Dezhou", "province": "Shandong", "zh_name": "德州东", "name": "德州东", "name:en": "Dezhoudong", "splitted": null, "degree": 12, "pop": 2262773.5 }, "geometry": { "type": "Polygon", "coordinates": [ [ [ 115.815533286246975, 36.872547091730354 ], [ 116.55057643155466, 37.877501929291007 ], [ 117.109966129837588, 37.686658390379485 ], [ 115.815533286246975, 36.872547091730354 ] ] ] } },
{ "type": "Feature", "properties": { "station_name_original": "Jinhua", "osmid": 9212131329, "english_name": "Jinhua Railway Station", "city": "Jinhua", "province": "Zhejiang", "zh_name": "金华", "name": "金华高铁站", "name:en": "Jinhua Railway Station", "splitted": null, "degree": 12, "pop": 1378396.9 }, "geometry": { "type": "Polygon", "coordinates": [ [ [ 119.491671754744274, 28.628117572115759 ], [ 119.350172846663739, 29.263454512045723 ], [ 119.662614580084323, 29.404004181681348 ], [ 119.691529764568472, 28.968522232914424 ], [ 119.491671754744274, 28.628117572115759 ] ] ] } },
{ "type": "Feature", "properties": { "station_name_original": "Chengdudong", "osmid": 10771129782, "english_name": "Chengdu East Railway Station", "city": "Chengdu", "province": "Sichuan", "zh_name": "成都东", "name": "成都东客站", "name:en": "Chengdu East Railway Station", "splitted": null, "degree": 27, "pop": 3279656.2 }, "geometry": { "type": "Polygon", "coordinates": [ [ [ 104.427008916993003, 30.632303463983153 ], [ 104.197942584502115, 30.317569421917753 ], [ 104.060262683347545, 30.750613199763258 ], [ 104.427008916993003, 30.632303463983153 ] ] ] } },
{ "type": "Feature", "properties": { "station_name_original": "Huaihuanan", "osmid": 2953790848, "english_name": "Huaihua South Railway Station", "city": "Huaihua", "province": "Hunan", "zh_name": "怀化南", "name": "怀化南", "name:en": "Huaihua South Railway Station", "splitted": null, "degree": 16, "pop": 1801905.9 }, "geometry": { "type": "Polygon", "coordinates": [ [ [ 109.722159318547824, 28.072523967321317 ], [ 109.983611677360685, 28.978133099040932 ], [ 110.066373296759764, 28.992984916313763 ], [ 110.277760577259173, 27.63074461717401 ], [ 109.866538659108556, 27.226724054390854 ], [ 109.722159318547824, 28.072523967321317 ] ] ] } },
{ "type": "Feature", "properties": { "station_name_original": "Shaoguan", "osmid": 8899902278, "english_name": "Shaoguan Railway Station", "city": "Shaoguan", "province": "Guangdong", "zh_name": "韶关", "name": "韶关", "name:en": "Shaoguan", "splitted": null, "degree": 10, "pop": 2268885.0 }, "geometry": { "type": "Polygon", "coordinates": [ [ [ 114.50505363742802, 24.159407128324936 ], [ 112.649641991182406, 24.673869912797716 ], [ 114.426999904287371, 25.254363813535988 ], [ 114.822268061306943, 24.737486015099456 ], [ 114.742746249137042, 24.335467817064771 ], [ 114.727172927646507, 24.278993452851999 ], [ 114.50505363742802, 24.159407128324936 ] ] ] } },
{ "type": "Feature", "properties": { "station_name_original": "Huzhou", "osmid": 7342299452, "english_name": "Huzhou Railway Station", "city": "Huzhou", "province": "Zhejiang", "zh_name": "湖州", "name": "湖州", "name:en": null, "splitted": null, "degree": 9, "pop": 1518017.8 }, "geometry": { "type": "Polygon", "coordinates": [ [ [ 119.285563104706426, 30.627934619492876 ], [ 119.273635702540531, 30.645287333556244 ], [ 119.437809532957473, 30.808527334984497 ], [ 120.343250520474868, 31.046198040743416 ], [ 120.393095798644623, 30.996925331099323 ], [ 120.434869679349532, 30.944350706767306 ], [ 120.324520367863613, 30.759230817200095 ], [ 120.300842409619904, 30.738588275025212 ], [ 119.363879095428373, 30.622984978013736 ], [ 119.285563104706426, 30.627934619492876 ] ] ] } },
{ "type": "Feature", "properties": { "station_name_original": "Humen", "osmid": 9068946089, "english_name": "Humen Railway Station", "city": "Dongguan", "province": "Guangdong", "zh_name": "虎门", "name": "虎门火车站", "name:en": "Humen Railway Station", "splitted": null, "degree": 4, "pop": 7945372.0 }, "geometry": { "type": "Polygon", "coordinates": [ [ [ 113.592483193219067, 23.267241243177548 ], [ 113.944595194934735, 23.58784485082175 ], [ 114.005578777328992, 23.240574995570228 ], [ 113.710742350216819, 22.581239101952395 ], [ 113.568506778418751, 22.688650600569677 ], [ 113.592483193219067, 23.267241243177548 ] ] ] } },
{ "type": "Feature", "properties": { "station_name_original": "Suzhoubei", "osmid": 13385678640, "english_name": "Suzhou North Railway Station", "city": "Suzhou", "province": "Jiangsu", "zh_name": "苏州北", "name": "高铁苏州北站", "name:en": "Suzhou North Railway Station", "splitted": null, "degree": 8, "pop": 1208173.4 }, "geometry": { "type": "Polygon", "coordinates": [ [ [ 120.582721413871809, 31.39369960930491 ], [ 120.538408130047401, 31.50096053404538 ], [ 120.825571907010442, 31.804427218046641 ], [ 120.758397116754367, 31.45215231175478 ], [ 120.653676596671758, 31.366839680997696 ], [ 120.582721413871809, 31.39369960930491 ] ] ] } },
{ "type": "Feature", "properties": { "station_name_original": "Yueyangdong", "osmid": 581851038, "english_name": "Yueyang East Railway Station", "city": "Yueyang", "province": "Hunan", "zh_name": "岳阳东", "name": "岳阳东", "name:en": "Yueyang East", "splitted": null, "degree": 5, "pop": 4000920.0 }, "geometry": { "type": "Polygon", "coordinates": [ [ [ 112.007754197871563, 29.179708980199806 ], [ 112.587415787938838, 29.754324536195647 ], [ 113.124350572494166, 29.895306893934361 ], [ 113.297238646489745, 29.906469103104552 ], [ 113.368881451506056, 29.889728064623881 ], [ 113.851838309253154, 28.987812445803073 ], [ 112.007754197871563, 29.179708980199806 ] ] ] } },
{ "type": "Feature", "properties": { "station_name_original": "Yixing", "osmid": 7260208795, "english_name": "Yixing Railway Station", "city": "Yixing", "province": "Jiangsu", "zh_name": null, "name": "宜兴", "name:en": null, "splitted": null, "degree": 10, "pop": 1124368.5 }, "geometry": { "type": "Polygon", "coordinates": [ [ [ 119.5665793325782, 30.985580694583923 ], [ 119.714335553882989, 31.609277804472541 ], [ 119.881031561157073, 31.552984662905708 ], [ 120.035011656098021, 31.457692673745687 ], [ 120.079383713865994, 31.409548300185079 ], [ 120.120980738521794, 31.335437451362548 ], [ 120.125732253717018, 31.320595973296147 ], [ 119.5665793325782, 30.985580694583923 ] ] ] } },
{ "type": "Feature", "properties": { "station_name_original": "Luoyanglongmen", "osmid": 9365183724, "english_name": "Luoyang Longmen Railway Station", "city": "Luoyang", "province": "Henan", "zh_name": "洛阳龙门", "name": "龙门高铁站", "name:en": "Luoyang Longmen Railway Station", "splitted": null, "degree": 10, "pop": 6091954.5 }, "geometry": { "type": "Polygon", "coordinates": [ [ [ 112.226282027408374, 35.516406307987914 ], [ 112.237889709722964, 35.529883986850294 ], [ 112.257179315823805, 35.547263394722279 ], [ 112.301492580579691, 35.576420716627915 ], [ 112.581632988874034, 35.22895987387318 ], [ 112.75316007623006, 34.196739623879935 ], [ 112.1748832071696, 33.72762252724479 ], [ 112.171016316994994, 33.726214417283906 ], [ 111.984291438343419, 33.702879808336533 ], [ 112.226282027408374, 35.516406307987914 ] ] ] } },
{ "type": "Feature", "properties": { "station_name_original": "Tianjinxi", "osmid": 4126740846, "english_name": "Tianjin West Railway Station", "city": "Tianjin", "province": "Tianjin", "zh_name": "天津西", "name": "天津西", "name:en": "Tianjinxi", "splitted": null, "degree": 21, "pop": 3181124.0 }, "geometry": { "type": "Polygon", "coordinates": [ [ [ 117.365508627713453, 39.896275322973352 ], [ 117.397814244334882, 39.647582278085437 ], [ 117.145340441122045, 39.066664989013539 ], [ 116.949568840984526, 39.265074610795864 ], [ 116.945295817338277, 39.352616310451005 ], [ 117.365508627713453, 39.896275322973352 ] ] ] } },
{ "type": "Feature", "properties": { "station_name_original": "Ningbo", "osmid": 12587416030, "english_name": "Ningbo Railway Station", "city": "Ningbo", "province": "Zhejiang", "zh_name": "宁波", "name": "宁波火车站", "name:en": "Ningbo Railway Station", "splitted": null, "degree": 11, "pop": 3093779.0 }, "geometry": { "type": "Polygon", "coordinates": [ [ [ 123.246070329000602, 29.203642109206108 ], [ 121.247372730023997, 29.824936280597772 ], [ 121.281520590599172, 29.8782763787809 ], [ 134.28912354819667, 30.721654755924192 ], [ 140.175022638825141, 26.7198183428272 ], [ 125.346151355667303, 28.731697971326827 ], [ 123.246070329000602, 29.203642109206108 ] ] ] } },
{ "type": "Feature", "properties": { "station_name_original": "Baodingdong", "osmid": 8401357514, "english_name": "Baoding East Railway Station", "city": "Baoding", "province": "Hebei", "zh_name": "保定东", "name": "保定东", "name:en": "Baoding East", "splitted": null, "degree": 10, "pop": 4889349.5 }, "geometry": { "type": "Polygon", "coordinates": [ [ [ 114.745605418237275, 39.554462659407569 ], [ 115.029228090034252, 39.606461487746557 ], [ 115.112574369615388, 39.608532078412466 ], [ 115.463361583875255, 39.32342366025437 ], [ 116.016459867540533, 38.588007401835597 ], [ 116.096243193628922, 38.411973325546789 ], [ 116.065138583863856, 38.346867999391087 ], [ 115.583093668759844, 38.314397049112017 ], [ 114.745605418237275, 39.554462659407569 ] ] ] } },
{ "type": "Feature", "properties": { "station_name_original": "Loudinan", "osmid": 2953769618, "english_name": "Loudi South Railway Station", "city": "Loudi", "province": "Hunan", "zh_name": "娄底南", "name": "娄底南", "name:en": "Loudinan", "splitted": null, "degree": 10, "pop": 2802194.0 }, "geometry": { "type": "Polygon", "coordinates": [ [ [ 111.572810283177731, 28.661024543354657 ], [ 111.569365210484818, 29.045585823935561 ], [ 111.653564452235756, 29.052823755625347 ], [ 111.740219144067339, 29.04645263063798 ], [ 112.345911343824696, 27.612037463128559 ], [ 111.754852439369969, 27.615404389553706 ], [ 111.572810283177731, 28.661024543354657 ] ] ] } },
{ "type": "Feature", "properties": { "station_name_original": "Shenyang", "osmid": 6179162407, "english_name": "Shenyang Railway Station", "city": "Shenyang", "province": "Liaoning", "zh_name": "沈阳", "name": "沈阳", "name:en": "Shenyang", "splitted": null, "degree": 21, "pop": 2973337.5 }, "geometry": { "type": "Polygon", "coordinates": [ [ [ 123.040614986518506, 41.770617046291513 ], [ 123.204300715639619, 42.189090604470891 ], [ 123.445305348848038, 41.735214250126859 ], [ 123.07118647395022, 41.689656160051086 ], [ 123.040614986518506, 41.770617046291513 ] ] ] } },
{ "type": "Feature", "properties": { "station_name_original": "Futian", "osmid": 2310688619, "english_name": "Futian Railway Station", "city": "Shenzhen", "province": "Guangdong", "zh_name": null, "name": "福田", "name:en": "Futian", "splitted": null, "degree": 12, "pop": 3996928.0 }, "geometry": { "type": "Polygon", "coordinates": [ [ [ 114.184894896864407, 22.630467238858628 ], [ 114.266927919170399, 22.498546365276074 ], [ 113.848640999948188, 22.298329569602579 ], [ 113.74005497138009, 22.468893212646464 ], [ 114.184894896864407, 22.630467238858628 ] ] ] } },
{ "type": "Feature", "properties": { "station_name_original": "Shenyangbei", "osmid": 11224503063, "english_name": "Shenyang North Railway Station", "city": "Shenyang", "province": "Liaoning", "zh_name": "沈阳北", "name": "沈阳北站", "name:en": "Shenyang North Railway Station", "splitted": null, "degree": 28, "pop": 3662181.2 }, "geometry": { "type": "Polygon", "coordinates": [ [ [ 123.204300715639619, 42.189090604470891 ], [ 123.21238268766335, 42.213618255825232 ], [ 123.840535248301165, 41.856912930705079 ], [ 123.627246313167731, 41.702610724300335 ], [ 123.445305348848038, 41.735214250126859 ], [ 123.204300715639619, 42.189090604470891 ] ] ] } },
{ "type": "Feature", "properties": { "station_name_original": "Yingtanbei", "osmid": 2980591313, "english_name": "Yingtan North Railway Station", "city": "Yingtan", "province": "Jiangxi", "zh_name": "鹰潭北", "name": "鹰潭北", "name:en": "Yingtan North", "splitted": null, "degree": 12, "pop": 1258707.4 }, "geometry": { "type": "Polygon", "coordinates": [ [ [ 117.317601260117044, 27.655666524130968 ], [ 116.862292644866173, 27.915239842212603 ], [ 116.789452800387124, 28.601017920313918 ], [ 117.141941476092754, 28.726448987388725 ], [ 117.388508112931675, 27.777755551991572 ], [ 117.317601260117044, 27.655666524130968 ] ] ] } },
{ "type": "Feature", "properties": { "station_name_original": "Xinyangdong", "osmid": 2264149886, "english_name": "Xinyang East Railway Station", "city": "Xinyang", "province": "Henan", "zh_name": null, "name": "信阳东", "name:en": "Xinyang East", "splitted": null, "degree": 8, "pop": 2826732.5 }, "geometry": { "type": "Polygon", "coordinates": [ [ [ 113.802173056192473, 31.824748513571802 ], [ 113.605257844560015, 32.143233434085793 ], [ 113.592861120890774, 32.174382896173256 ], [ 114.814219322968242, 32.514440779849082 ], [ 115.095998877530832, 32.123878683783147 ], [ 114.888200813559209, 31.944696597668642 ], [ 113.802173056192473, 31.824748513571802 ] ] ] } },
{ "type": "Feature", "properties": { "station_name_original": "Changzhoubei", "osmid": 12215523698, "english_name": "Changzhou North Railway Station", "city": "Changzhou", "province": "Jiangsu", "zh_name": "常州北", "name": "常州北站", "name:en": "Changzhou North Railway Station", "splitted": null, "degree": 7, "pop": 3497315.0 }, "geometry": { "type": "Polygon", "coordinates": [ [ [ 119.710071070042531, 31.761145241823609 ], [ 120.179941975447733, 32.598557818710582 ], [ 120.615359419530108, 32.533007866107454 ], [ 120.532830516047397, 32.371751338329467 ], [ 120.243844003306677, 31.98935339309482 ], [ 120.078425295998287, 31.850677472159436 ], [ 119.710071070042531, 31.761145241823609 ] ] ] } },
{ "type": "Feature", "properties": { "station_name_original": "Wuxidong", "osmid": 2063857370, "english_name": "Wuxi East Railway Station", "city": "Wuxi", "province": "Jiangsu", "zh_name": "无锡东", "name": "无锡东", "name:en": "Wuxidong Railway Station", "splitted": null, "degree": 8, "pop": 5912919.0 }, "geometry": { "type": "Polygon", "coordinates": [ [ [ 120.532830516047397, 32.371751338329467 ], [ 120.615359419530108, 32.533007866107454 ], [ 121.26819845099439, 32.634425442235596 ], [ 121.245901158741034, 32.584365214147859 ], [ 120.825571907010442, 31.804427218046641 ], [ 120.538408130047401, 31.50096053404538 ], [ 120.50571544920642, 31.491497060308451 ], [ 120.379453726772041, 31.578014583812152 ], [ 120.368812907557455, 31.787874934797347 ], [ 120.532830516047397, 32.371751338329467 ] ] ] } },
{ "type": "Feature", "properties": { "station_name_original": "Pingxiangbei", "osmid": 2980616653, "english_name": "Pingxiang North Railway Station", "city": "Pingxiang", "province": "Jiangxi", "zh_name": "萍乡北", "name": "萍乡北", "name:en": "Pingxiang North", "splitted": null, "degree": 6, "pop": 2318512.0 }, "geometry": { "type": "Polygon", "coordinates": [ [ [ 113.801571016711975, 26.6447101983611 ], [ 113.614731109000985, 26.800560591677513 ], [ 113.605150840146763, 26.814398000953265 ], [ 113.789643114101011, 28.416940743089679 ], [ 113.99334820884394, 28.552193935687932 ], [ 114.244005523097641, 27.1333307401705 ], [ 114.149601113690949, 26.946223660961586 ], [ 114.144321438426729, 26.93939352968183 ], [ 113.801571016711975, 26.6447101983611 ] ] ] } },
{ "type": "Feature", "properties": { "station_name_original": "Handandong", "osmid": 8397056466, "english_name": "Handan East Railway Station", "city": "Handan", "province": "Hebei", "zh_name": "邯郸东", "name": "邯郸东", "name:en": null, "splitted": null, "degree": 8, "pop": 9214949.0 }, "geometry": { "type": "Polygon", "coordinates": [ [ [ 113.344541881861829, 36.579009922553681 ], [ 113.486613276877719, 36.930908895906136 ], [ 115.531527643838658, 36.788741387267315 ], [ 115.624747628585041, 36.698441425143606 ], [ 115.633933149457249, 36.684292103802463 ], [ 115.694918114467072, 36.477805983567542 ], [ 115.726244892139903, 36.327014444828706 ], [ 115.730795063800954, 36.11036970470326 ], [ 113.344541881861829, 36.579009922553681 ] ] ] } },
{ "type": "Feature", "properties": { "station_name_original": "Qufudong", "osmid": 6193950294, "english_name": "Qufu East Railway Station", "city": "Qufu", "province": "Shandong", "zh_name": "曲阜东", "name": "曲阜东", "name:en": "Qufudong", "splitted": null, "degree": 11, "pop": 7252108.0 }, "geometry": { "type": "Polygon", "coordinates": [ [ [ 115.885732485950683, 35.602128382622872 ], [ 115.79535168415164, 35.792895007706825 ], [ 117.20329229982363, 35.873170240375188 ], [ 117.147393358519537, 35.319418738831523 ], [ 116.530349049401849, 35.070785366265838 ], [ 116.062178251698697, 35.377698240389904 ], [ 115.885732485950683, 35.602128382622872 ] ] ] } },
{ "type": "Feature", "properties": { "station_name_original": "Zhumadianxi", "osmid": 8396976231, "english_name": "Zhumadian West Railway Station", "city": "Zhumadian", "province": "Henan", "zh_name": "驻马店西", "name": "驻马店西", "name:en": null, "splitted": null, "degree": 8, "pop": 3099182.2 }, "geometry": { "type": "Polygon", "coordinates": [ [ [ 113.34536820011138, 32.633185056209804 ], [ 113.494043496811756, 33.27607238000062 ], [ 114.377948728583732, 33.29931996165287 ], [ 114.468008237526902, 33.191949302187709 ], [ 114.652523182061444, 32.852670832217719 ], [ 113.34536820011138, 32.633185056209804 ] ] ] } },
{ "type": "Feature", "properties": { "station_name_original": "Cangzhouxi", "osmid": 8927836153, "english_name": "Cangzhou West Railway Station", "city": "Cangzhou", "province": "Hebei", "zh_name": "沧州西", "name": "沧州西", "name:en": "Cangzhouxi", "splitted": null, "degree": 6, "pop": 5822026.0 }, "geometry": { "type": "Polygon", "coordinates": [ [ [ 116.071802779561096, 38.333238551271101 ], [ 116.065138583863856, 38.346867999391087 ], [ 116.096243193628922, 38.411973325546789 ], [ 116.229385675289421, 38.527290547253941 ], [ 116.592505337770433, 38.720283703922881 ], [ 116.802545558489541, 38.722422825056306 ], [ 117.25141206907827, 38.547300367863947 ], [ 117.57574436121115, 38.265792799391733 ], [ 117.828197326568699, 37.990510691220912 ], [ 117.58994484672283, 37.77801578293095 ], [ 117.322755950387005, 37.650381880558967 ], [ 117.109966129837588, 37.686658390379485 ], [ 116.55057643155466, 37.877501929291007 ], [ 116.071802779561096, 38.333238551271101 ] ] ] } },
{ "type": "Feature", "properties": { "station_name_original": "Quzhou", "osmid": 1584384382, "english_name": "Quzhou Railway Station", "city": "Quzhou", "province": "Zhejiang", "zh_name": "衢州", "name": "衢州", "name:en": "Quzhou", "splitted": null, "degree": 9, "pop": 886521.38 }, "geometry": { "type": "Polygon", "coordinates": [ [ [ 118.469456020688895, 29.302824677758828 ], [ 118.699196189641142, 29.459740285169971 ], [ 118.902868044140476, 29.381672120553045 ], [ 119.275220483778781, 28.04005678042121 ], [ 118.469456020688895, 29.302824677758828 ] ] ] } },
{ "type": "Feature", "properties": { "station_name_original": "Changchunxi", "osmid": 9507383335, "english_name": "Changchun West Railway Station", "city": "Changchun", "province": "Jilin", "zh_name": null, "name": "长春西", "name:en": null, "splitted": null, "degree": 12, "pop": 2246086.2 }, "geometry": { "type": "Polygon", "coordinates": [ [ [ 123.605841661302776, 45.067118822157312 ], [ 123.867211008441615, 45.132878199057473 ], [ 124.098970154664968, 45.159079708729372 ], [ 125.105148938440081, 44.442229129821094 ], [ 125.426248881657671, 43.269356176166688 ], [ 123.612693729042533, 44.993698672565422 ], [ 123.605841661302776, 45.067118822157312 ] ] ] } },
{ "type": "Feature", "properties": { "station_name_original": "Shaoxingbei", "osmid": 11778282947, "english_name": "Shaoxing North Railway Station", "city": "Shaoxing", "province": "Zhejiang", "zh_name": "绍兴北", "name": "绍兴北站", "name:en": "Shaoxing North Railway Station", "splitted": null, "degree": 4, "pop": 2865264.8 }, "geometry": { "type": "Polygon", "coordinates": [ [ [ 120.353383181559252, 30.16931558995768 ], [ 120.398213649195966, 30.244861459644948 ], [ 120.571821031240148, 30.318763671045087 ], [ 120.722381411196551, 30.30788772459632 ], [ 120.631361807034651, 29.655461775398351 ], [ 120.279362180188286, 29.988238306661824 ], [ 120.353383181559252, 30.16931558995768 ] ] ] } },
{ "type": "Feature", "properties": { "station_name_original": "Huashanbei", "osmid": 5315070687, "english_name": "Huashan North Railway Station", "city": "Huayin", "province": "Shaanxi", "zh_name": "华山北", "name": "华山北", "name:en": "Huashan North", "splitted": null, "degree": 6, "pop": 2639964.0 }, "geometry": { "type": "Polygon", "coordinates": [ [ [ 109.913612962511962, 32.838558206021212 ], [ 109.737505222124113, 35.185843428161157 ], [ 110.389472501569415, 34.708030159536676 ], [ 110.371811704118954, 32.711654616252147 ], [ 110.296231117424227, 32.629111337826508 ], [ 109.994921939472775, 32.609099648673116 ], [ 109.913612962511962, 32.838558206021212 ] ] ] } },
{ "type": "Feature", "properties": { "station_name_original": "Suzhoudong", "osmid": 7733885003, "english_name": "Suzhou East Railway Station", "city": "Suzhou", "province": "Jiangsu", "zh_name": "苏州东", "name": "宿州东", "name:en": "Suzhoudong", "splitted": null, "degree": 8, "pop": 2564302.2 }, "geometry": { "type": "Polygon", "coordinates": [ [ [ 116.885522578491134, 33.192804766372092 ], [ 116.849147390831277, 33.207771962133435 ], [ 116.68565644799628, 33.306707848024232 ], [ 117.051376212600687, 33.8690913955963 ], [ 117.140854334792081, 33.965615229957592 ], [ 117.261149644885762, 33.97461280726418 ], [ 117.267863504498365, 33.973977950612344 ], [ 117.661011540854929, 33.636189555701385 ], [ 117.758901573413269, 33.393549832224728 ], [ 116.928618316087281, 33.18858817657329 ], [ 116.885522578491134, 33.192804766372092 ] ] ] } },
{ "type": "Feature", "properties": { "station_name_original": "Tahexi", "osmid": 8401357510, "english_name": "Tahe West Railway Station", "city": "Tahe", "province": "Heilongjiang", "zh_name": null, "name": "漯河西", "name:en": null, "splitted": null, "degree": 7, "pop": 3215439.0 }, "geometry": { "type": "Polygon", "coordinates": [ [ [ 113.444224069468945, 33.427304555663461 ], [ 113.457368356185768, 33.474512334148109 ], [ 113.595693681156632, 33.732035175842519 ], [ 113.647406457211574, 33.76889928366738 ], [ 114.021985995681533, 33.828420830100548 ], [ 114.186017265165077, 33.769419530427399 ], [ 114.286532087641632, 33.668823500794609 ], [ 114.365051467749495, 33.438758595288022 ], [ 114.377948728583732, 33.29931996165287 ], [ 113.494043496811756, 33.27607238000062 ], [ 113.444224069468945, 33.427304555663461 ] ] ] } },
{ "type": "Feature", "properties": { "station_name_original": "Zhenjiangnan", "osmid": 9262932760, "english_name": "Zhenjiang South Railway Station", "city": "Zhenjiang", "province": "Jiangsu", "zh_name": "镇江南", "name": "镇江南", "name:en": null, "splitted": null, "degree": 7, "pop": 446224.94 }, "geometry": { "type": "Polygon", "coordinates": [ [ [ 119.320443771353453, 31.872429086696044 ], [ 119.249024523131098, 31.921894643399121 ], [ 119.236059886569279, 31.939896100374931 ], [ 119.233939482499011, 32.211928468853493 ], [ 119.566696097011217, 32.150480456683731 ], [ 119.320443771353453, 31.872429086696044 ] ] ] } },
{ "type": "Feature", "properties": { "station_name_original": "Kunmingnan", "osmid": 13536003776, "english_name": "Kunming South Railway Station", "city": "Kunming", "province": "Yunnan", "zh_name": "昆明南", "name": "昆明南火车站", "name:en": "Kunming South Railway Station", "splitted": null, "degree": 6, "pop": 8861110.0 }, "geometry": { "type": "Polygon", "coordinates": [ [ [ 104.810480420903517, 23.213061132657753 ], [ 97.606215260913928, 27.940347032240101 ], [ 99.459679216239493, 27.701966564108762 ], [ 104.101856482843246, 24.23243963701875 ], [ 104.522196279533475, 23.694535098440472 ], [ 104.810480420903517, 23.213061132657753 ] ] ] } },
{ "type": "Feature", "properties": { "station_name_original": "Fuzhou", "osmid": 9157637252, "english_name": "Fuzhou Railway Station", "city": "Fuzhou", "province": "Fujian", "zh_name": "福州", "name": "福州火车站", "name:en": "Fuzhou Railway Station", "splitted": null, "degree": 18, "pop": 3087301.5 }, "geometry": { "type": "Polygon", "coordinates": [ [ [ 119.199072689181762, 26.471155444589485 ], [ 119.379462377667082, 26.33522537650509 ], [ 119.453047872215294, 26.111138761482369 ], [ 119.151464405213559, 25.939746093441926 ], [ 119.048099526318737, 26.09003305538403 ], [ 119.199072689181762, 26.471155444589485 ] ] ] } },
{ "type": "Feature", "properties": { "station_name_original": "Dalianbei", "osmid": 9006301318, "english_name": "Dalian North Railway Station", "city": "Dalian", "province": "Liaoning", "zh_name": "大连北", "name": "大连北站", "name:en": "Dalian North Railway Station", "splitted": null, "degree": 9, "pop": 2435640.8 }, "geometry": { "type": "Polygon", "coordinates": [ [ [ 120.218466727721534, 38.638939933395896 ], [ 120.380048131881892, 38.941053865420656 ], [ 120.619443018909323, 39.351792716257705 ], [ 120.904728788005116, 39.626591137533609 ], [ 121.13207419897708, 39.545039647070872 ], [ 121.909893190487267, 39.03820864286525 ], [ 120.218466727721534, 38.638939933395896 ] ] ] } },
{ "type": "Feature", "properties": { "station_name_original": "Nanjing", "osmid": 7996694669, "english_name": "Nanjing Railway Station", "city": "Nanjing", "province": "Jiangsu", "zh_name": "南京", "name": "南京站", "name:en": "Nanjing Railway Station", "splitted": null, "degree": 10, "pop": 3297651.2 }, "geometry": { "type": "Polygon", "coordinates": [ [ [ 118.537007131221088, 32.074877648368847 ], [ 118.675604515199964, 32.670235508869887 ], [ 118.872093410562996, 32.033892041442115 ], [ 118.868213880879892, 32.031248901287597 ], [ 118.59800902178479, 32.028356950873004 ], [ 118.537007131221088, 32.074877648368847 ] ] ] } },
{ "type": "Feature", "properties": { "station_name_original": "Zhongqingxi", "osmid": 6897948461, "english_name": "Chongqing West Railway Station", "city": "Chongqing", "province": "Chongqing", "zh_name": "重庆西", "name": "重庆西站", "name:en": "Chongqing West Railway Station", "splitted": null, "degree": 18, "pop": 1932396.0 }, "geometry": { "type": "Polygon", "coordinates": [ [ [ 106.326075654743747, 29.400880510347694 ], [ 106.329290449615044, 29.574818016306907 ], [ 106.558728500339186, 29.488510627751857 ], [ 106.639959466949378, 29.405438789435927 ], [ 106.326075654743747, 29.400880510347694 ] ] ] } },
{ "type": "Feature", "properties": { "station_name_original": "Shangqiu", "osmid": 1775221285, "english_name": "Shangqiu Railway Station", "city": "Shangqiu", "province": "Henan", "zh_name": "商丘", "name": "商丘", "name:en": "Shangqiu", "splitted": null, "degree": 12, "pop": 3929579.2 }, "geometry": { "type": "Polygon", "coordinates": [ [ [ 115.243897957127587, 34.094321845080422 ], [ 115.199907955794004, 34.080397833636006 ], [ 115.885732485950683, 35.602128382622872 ], [ 116.062178251698697, 35.377698240389904 ], [ 115.990478404901367, 34.588555403621903 ], [ 115.243897957127587, 34.094321845080422 ] ] ] } },
{ "type": "Feature", "properties": { "station_name_original": "Xianningbei", "osmid": 8396912405, "english_name": "Xianning North Railway Station", "city": "Xianning", "province": "Hubei", "zh_name": "咸宁北", "name": "咸宁北", "name:en": null, "splitted": null, "degree": 5, "pop": 1604092.9 }, "geometry": { "type": "Polygon", "coordinates": [ [ [ 113.960756583080965, 30.153873730182951 ], [ 114.086709203524563, 30.249642562784274 ], [ 114.308598802034965, 30.263951131815521 ], [ 114.388646476766084, 30.249752546322515 ], [ 114.576496977493235, 30.135482664460447 ], [ 114.62586380656731, 30.075139576472498 ], [ 114.686371648982771, 29.885546007903486 ], [ 114.717263716475358, 29.48105628954967 ], [ 114.699386716923797, 29.082757829084986 ], [ 114.464921552695486, 28.904713751415642 ], [ 113.960756583080965, 30.153873730182951 ] ] ] } },
{ "type": "Feature", "properties": { "station_name_original": "Yichun", "osmid": 2453762119, "english_name": "Yichun Railway Station", "city": "Yichun", "province": "Jiangxi", "zh_name": "宜春", "name": "宜春", "name:en": "Yichun", "splitted": null, "degree": 6, "pop": 1862060.0 }, "geometry": { "type": "Polygon", "coordinates": [ [ [ 113.99334820884394, 28.552193935687932 ], [ 114.148178552089732, 28.761507901586164 ], [ 114.398587480647919, 28.830518529941656 ], [ 114.749739360457525, 27.525107294288834 ], [ 114.737374128949924, 27.509252928657244 ], [ 114.244005523097641, 27.1333307401705 ], [ 113.99334820884394, 28.552193935687932 ] ] ] } },
{ "type": "Feature", "properties": { "station_name_original": "Tangshan", "osmid": 7783472725, "english_name": "Tangshan Railway Station", "city": "Tangshan", "province": "Hebei", "zh_name": "唐山", "name": "唐山", "name:en": "Tangshan", "splitted": null, "degree": 11, "pop": 5219762.5 }, "geometry": { "type": "Polygon", "coordinates": [ [ [ 117.37666032333648, 39.939238305419913 ], [ 117.357605847931623, 40.170954026512888 ], [ 118.170048129055388, 40.269970038367745 ], [ 118.86898037048428, 38.574204404756138 ], [ 117.37666032333648, 39.939238305419913 ] ] ] } },
{ "type": "Feature", "properties": { "station_name_original": "Zhuji", "osmid": 1579354030, "english_name": "Zhuji Railway Station", "city": "Zhuji", "province": "Zhejiang", "zh_name": "诸暨", "name": "诸暨", "name:en": "Zhuji", "splitted": null, "degree": 4, "pop": 1275169.8 }, "geometry": { "type": "Polygon", "coordinates": [ [ [ 119.935462479832978, 29.625769527075864 ], [ 119.956046136933608, 29.776241436574374 ], [ 120.257174672585123, 29.988144216012643 ], [ 120.279362180188286, 29.988238306661824 ], [ 120.631361807034651, 29.655461775398351 ], [ 120.75572977527878, 29.401634412514898 ], [ 120.73485533822533, 29.335620904948509 ], [ 120.714645255053952, 29.310271345580531 ], [ 119.935462479832978, 29.625769527075864 ] ] ] } },
{ "type": "Feature", "properties": { "station_name_original": "Huangshanbei", "osmid": 3656291049, "english_name": "Huangshan North Railway Station", "city": "Huangshan", "province": "Anhui", "zh_name": "黄山北", "name": "黄山北", "name:en": "Huangshanbei", "splitted": null, "degree": 9, "pop": 901177.62 }, "geometry": { "type": "Polygon", "coordinates": [ [ [ 118.424876923409542, 29.286936100958698 ], [ 118.058368762392064, 29.538112822729165 ], [ 118.243030997297836, 30.138801302142458 ], [ 118.260631330270314, 30.12931473253942 ], [ 118.619671371767737, 29.708573022716042 ], [ 118.702604849002796, 29.498619619459202 ], [ 118.699196189641142, 29.459740285169971 ], [ 118.469456020688895, 29.302824677758828 ], [ 118.424876923409542, 29.286936100958698 ] ] ] } },
{ "type": "Feature", "properties": { "station_name_original": "Zhuzhouxi", "osmid": 8393702264, "english_name": "Zhuzhou West Railway Station", "city": "Zhuzhou", "province": "Hunan", "zh_name": "株洲西", "name": "株洲西", "name:en": "Zhuzhouxi", "splitted": null, "degree": 7, "pop": 2291212.8 }, "geometry": { "type": "Polygon", "coordinates": [ [ [ 112.758403436567946, 27.607495164879492 ], [ 112.779733227178554, 27.721057585892225 ], [ 113.127828805839897, 27.97256444231154 ], [ 113.350007621466617, 27.974408161636557 ], [ 113.257672941287439, 27.35052011660515 ], [ 112.758403436567946, 27.607495164879492 ] ] ] } },
{ "type": "Feature", "properties": { "station_name_original": "Sipingdong", "osmid": 2155516446, "english_name": "Siping East Railway Station", "city": "Siping", "province": "Jilin", "zh_name": "四平东", "name": "四平东", "name:en": "Siping East", "splitted": null, "degree": 8, "pop": 1878981.4 }, "geometry": { "type": "Polygon", "coordinates": [ [ [ 125.449721804476198, 41.713047733240721 ], [ 125.447305495183883, 41.715183371090205 ], [ 123.439786033394086, 43.78946660174455 ], [ 123.585675581509165, 44.468162633908882 ], [ 126.130430967721637, 41.606023934452296 ], [ 125.850417796237238, 41.62077741711645 ], [ 125.632228132223631, 41.645606806783931 ], [ 125.449721804476198, 41.713047733240721 ] ] ] } },
{ "type": "Feature", "properties": { "station_name_original": "Anyangdong", "osmid": 8397056467, "english_name": "Anyang East Railway Station", "city": "Anyang", "province": "Henan", "zh_name": "安阳东", "name": "安阳东", "name:en": null, "splitted": null, "degree": 7, "pop": 8658703.0 }, "geometry": { "type": "Polygon", "coordinates": [ [ [ 113.384280826666796, 36.295937181712205 ], [ 113.264719633106935, 36.465137273567635 ], [ 113.344541881861829, 36.579009922553681 ], [ 115.730795063800954, 36.11036970470326 ], [ 115.740597444651883, 36.069493213231176 ], [ 115.748029519384147, 35.85099184303651 ], [ 115.274071578173888, 35.608991119235846 ], [ 115.156978134826176, 35.575941708936796 ], [ 113.384280826666796, 36.295937181712205 ] ] ] } },
{ "type": "Feature", "properties": { "station_name_original": "Zhenjiang", "osmid": 1971813821, "english_name": "Zhenjiang Railway Station", "city": "Zhenjiang", "province": "Jiangsu", "zh_name": "镇江", "name": "镇江", "name:en": "Zhenjiang", "splitted": null, "degree": 8, "pop": 3983048.5 }, "geometry": { "type": "Polygon", "coordinates": [ [ [ 119.151535795777036, 32.857711776903827 ], [ 119.415898943913888, 32.904855657439896 ], [ 119.433090772764444, 32.902203398577015 ], [ 119.768629685505658, 32.809370874836077 ], [ 119.979355778622462, 32.674396614192183 ], [ 119.599767375121743, 32.177782664161086 ], [ 119.566696097011217, 32.150480456683731 ], [ 119.233939482499011, 32.211928468853493 ], [ 119.151535795777036, 32.857711776903827 ] ] ] } },
{ "type": "Feature", "properties": { "station_name_original": "Danyang", "osmid": 267224937, "english_name": "Danyang Railway Station", "city": "Danyang", "province": "Jiangsu", "zh_name": "丹阳", "name": "丹阳", "name:en": "Danyang", "splitted": null, "degree": 8, "pop": 969537.88 }, "geometry": { "type": "Polygon", "coordinates": [ [ [ 119.566696097011217, 32.150480456683731 ], [ 119.599767375121743, 32.177782664161086 ], [ 119.675874559325109, 31.716269849158788 ], [ 119.654829229578866, 31.679499837601611 ], [ 119.550408758160629, 31.694898046756467 ], [ 119.334791103927358, 31.850303857857096 ], [ 119.320443771353453, 31.872429086696044 ], [ 119.566696097011217, 32.150480456683731 ] ] ] } },
{ "type": "Feature", "properties": { "station_name_original": "Tianjinnan", "osmid": 10589687035, "english_name": "Tianjin South Railway Station", "city": "Tianjin", "province": "Tianjin", "zh_name": "天津南", "name": "天津南", "name:en": "Tianjinnan", "splitted": null, "degree": 6, "pop": 1496488.0 }, "geometry": { "type": "Polygon", "coordinates": [ [ [ 117.25141206907827, 38.547300367863947 ], [ 116.802545558489541, 38.722422825056306 ], [ 116.949568840984526, 39.265074610795864 ], [ 117.145340441122045, 39.066664989013539 ], [ 117.242409728693403, 38.888082622066193 ], [ 117.25141206907827, 38.547300367863947 ] ] ] } },
{ "type": "Feature", "properties": { "station_name_original": "Jinan", "osmid": 269797019, "english_name": "Jinan Railway Station", "city": "Jinan", "province": "Shandong", "zh_name": "济南", "name": "济南", "name:en": "Jinan", "splitted": null, "degree": 10, "pop": 1440247.5 }, "geometry": { "type": "Polygon", "coordinates": [ [ [ 116.933588705707805, 36.766351473984287 ], [ 116.970447310914835, 36.793820967870055 ], [ 117.073453303523877, 36.427254442453822 ], [ 116.940820412287778, 36.415530199485701 ], [ 116.933588705707805, 36.766351473984287 ] ] ] } },
{ "type": "Feature", "properties": { "station_name_original": "Jinandong", "osmid": 9165248370, "english_name": "Jinan East Railway Station", "city": "Jinan", "province": "Shandong", "zh_name": "济南东", "name": "济南东站", "name:en": "Jinandong Railway Station", "splitted": null, "degree": 11, "pop": 1756490.8 }, "geometry": { "type": "Polygon", "coordinates": [ [ [ 117.155431517371071, 37.252186876438465 ], [ 117.218644081750597, 37.345465420994294 ], [ 117.323831999548801, 36.734743606548321 ], [ 117.301616308891226, 36.413242687932275 ], [ 117.226843193139899, 36.429454810343252 ], [ 117.02245543680084, 36.84687874198368 ], [ 117.155431517371071, 37.252186876438465 ] ] ] } },
{ "type": "Feature", "properties": { "station_name_original": "Xingtaidong", "osmid": 2753117299, "english_name": "Xingtai East Railway Station", "city": "Xingtai", "province": "Hebei", "zh_name": "邢台东", "name": "邢台东", "name:en": "Xingtai East", "splitted": null, "degree": 7, "pop": 4747364.0 }, "geometry": { "type": "Polygon", "coordinates": [ [ [ 113.486613276877719, 36.930908895906136 ], [ 113.504151225752693, 37.033502110866358 ], [ 113.707339443647683, 37.262867878201554 ], [ 114.992732976199989, 37.410524029948661 ], [ 115.284245852630832, 37.182361706174518 ], [ 115.531527643838658, 36.788741387267315 ], [ 113.486613276877719, 36.930908895906136 ] ] ] } },
{ "type": "Feature", "properties": { "station_name_original": "Kailinan", "osmid": 2953809299, "english_name": "Kaili South Railway Station", "city": "Kaili", "province": "Guizhou", "zh_name": "凯里南", "name": "凯里南", "name:en": "Kaili South", "splitted": null, "degree": 8, "pop": 1439469.0 }, "geometry": { "type": "Polygon", "coordinates": [ [ [ 107.549827476690012, 26.503217092541103 ], [ 107.642572873445189, 27.279335812583685 ], [ 107.849262143882925, 27.448172193049611 ], [ 108.409810994256333, 26.498646584340154 ], [ 108.061957678564823, 26.057034249537661 ], [ 107.549827476690012, 26.503217092541103 ] ] ] } },
{ "type": "Feature", "properties": { "station_name_original": "Qujingbei", "osmid": 7704087889, "english_name": "Qujing North Railway Station", "city": "Qujing", "province": "Yunnan", "zh_name": "曲靖北", "name": "曲靖北", "name:en": "Qujingbei", "splitted": null, "degree": 8, "pop": 4415213.0 }, "geometry": { "type": "Polygon", "coordinates": [ [ [ 104.522196279533475, 23.694535098440472 ], [ 104.101856482843246, 24.23243963701875 ], [ 102.336109992385943, 27.483721786704017 ], [ 102.515856397292211, 27.497971475284206 ], [ 103.270949143788727, 27.364162205296918 ], [ 103.480589127294195, 27.244285616152389 ], [ 103.649897888825208, 27.130818384815868 ], [ 104.522196279533475, 23.694535098440472 ] ] ] } },
{ "type": "Feature", "properties": { "station_name_original": "Qinhuangdao", "osmid": 3523553900, "english_name": "Qinhuangdao Railway Station", "city": "Qinhuangdao", "province": "Hebei", "zh_name": "秦皇岛", "name": "秦皇岛", "name:en": "Qinhuangdao", "splitted": null, "degree": 9, "pop": 1152435.2 }, "geometry": { "type": "Polygon", "coordinates": [ [ [ 119.118454023413292, 40.478497875860917 ], [ 119.182551557622503, 40.531130037108802 ], [ 119.538910375749083, 40.58723472301083 ], [ 119.591695823437647, 40.410658031875101 ], [ 119.764515270385203, 39.5112262782784 ], [ 119.118454023413292, 40.478497875860917 ] ] ] } },
{ "type": "Feature", "properties": { "station_name_original": "Weifang", "osmid": 6210210278, "english_name": "Weifang Railway Station", "city": "Weifang", "province": "Shandong", "zh_name": "潍坊", "name": "潍坊", "name:en": "Weifang", "splitted": null, "degree": 10, "pop": 2481211.5 }, "geometry": { "type": "Polygon", "coordinates": [ [ [ 118.922853221372876, 35.988933218379842 ], [ 118.973914225442073, 36.909583566693698 ], [ 119.402250928516992, 36.48883173753547 ], [ 119.214032139011181, 36.072426767433051 ], [ 119.107710687155958, 36.007942538245715 ], [ 119.02488117161225, 35.987526444967777 ], [ 118.939446339757325, 35.9854402464359 ], [ 118.922853221372876, 35.988933218379842 ] ] ] } },
{ "type": "Feature", "properties": { "station_name_original": "Zibo", "osmid": 6216630894, "english_name": "Zibo Railway Station", "city": "Zibo", "province": "Shandong", "zh_name": "淄博", "name": "淄博", "name:en": "Zibo", "splitted": null, "degree": 5, "pop": 2324104.2 }, "geometry": { "type": "Polygon", "coordinates": [ [ [ 117.875170257008691, 36.113330170977882 ], [ 117.893731999763204, 36.802005044285906 ], [ 118.178443699889669, 36.880473494003319 ], [ 118.27008161188084, 36.660718047171862 ], [ 118.248705533228716, 36.031997357674676 ], [ 118.124197586168776, 36.04217585729176 ], [ 117.875170257008691, 36.113330170977882 ] ] ] } },
{ "type": "Feature", "properties": { "station_name_original": "Yuyaobei", "osmid": 7714110163, "english_name": "Yuyao North Railway Station", "city": "Yuyao", "province": "Zhejiang", "zh_name": "余姚北", "name": "余姚北", "name:en": "Yuyaobei", "splitted": null, "degree": 5, "pop": 2757318.5 }, "geometry": { "type": "Polygon", "coordinates": [ [ [ 120.963624624366133, 30.387118242549214 ], [ 121.06895427113767, 30.452575023541328 ], [ 121.23978063745335, 30.510019849991121 ], [ 121.415555500665405, 30.527440341991426 ], [ 121.589009980626344, 30.515241550892274 ], [ 121.281520590599172, 29.8782763787809 ], [ 121.247372730023997, 29.824936280597772 ], [ 121.058130897564681, 29.705632913633512 ], [ 120.963624624366133, 30.387118242549214 ] ] ] } },
{ "type": "Feature", "properties": { "station_name_original": "Zaozhuang", "osmid": 3163707180, "english_name": "Zaozhuang Railway Station", "city": "Zaozhuang", "province": "Shandong", "zh_name": null, "name": "枣庄", "name:en": "Zaozhuang", "splitted": null, "degree": 9, "pop": 3326665.0 }, "geometry": { "type": "Polygon", "coordinates": [ [ [ 116.724921760886289, 34.773174170707911 ], [ 116.696425154519218, 34.845585544297151 ], [ 117.661328061978111, 34.996768315680761 ], [ 117.968577895825803, 34.636654896373472 ], [ 117.876686595494562, 34.566617780092173 ], [ 117.762782584434731, 34.527055374893266 ], [ 117.243592672275, 34.525569557054496 ], [ 117.035328556233992, 34.565409777168128 ], [ 116.724921760886289, 34.773174170707911 ] ] ] } },
{ "type": "Feature", "properties": { "station_name_original": "Jinhuanan", "osmid": 13595801224, "english_name": "Jinhua South Railway Station", "city": "Jinhua", "province": "Zhejiang", "zh_name": "金华南", "name": "金华南站", "name:en": "Jinhuanan Railway Station", "splitted": null, "degree": 9, "pop": 465035.56 }, "geometry": { "type": "Polygon", "coordinates": [ [ [ 119.691529764568472, 28.968522232914424 ], [ 119.662614580084323, 29.404004181681348 ], [ 119.71980796339605, 29.442666400429772 ], [ 119.94226461617265, 29.183015890042089 ], [ 119.691529764568472, 28.968522232914424 ] ] ] } },
{ "type": "Feature", "properties": { "station_name_original": "Chuzhou", "osmid": 7733885002, "english_name": "Chuzhou Railway Station", "city": "Chuzhou", "province": "Anhui", "zh_name": "滁州", "name": "滁州", "name:en": "Chuzhou", "splitted": null, "degree": 8, "pop": 1320060.5 }, "geometry": { "type": "Polygon", "coordinates": [ [ [ 118.527729454825973, 32.068042250546789 ], [ 117.947576913380331, 32.226182823007463 ], [ 118.536346633598527, 32.971766457811874 ], [ 118.662385898916696, 32.939866336957337 ], [ 118.706251358247371, 32.912096053025465 ], [ 118.675604515199964, 32.670235508869887 ], [ 118.537007131221088, 32.074877648368847 ], [ 118.527729454825973, 32.068042250546789 ] ] ] } },
{ "type": "Feature", "properties": { "station_name_original": "Qingdaobei", "osmid": 8989474527, "english_name": "Qingdao North Railway Station", "city": "Qingdao", "province": "Shandong", "zh_name": "青岛北", "name": "青岛北站", "name:en": "Qingdao North Railway Station", "splitted": null, "degree": 11, "pop": 2455576.8 }, "geometry": { "type": "Polygon", "coordinates": [ [ [ 120.167172650473844, 36.219334631050977 ], [ 120.22215175921977, 36.297957455468847 ], [ 121.274448574552835, 36.222934112495452 ], [ 121.740801007332649, 35.920195212595409 ], [ 122.163732552970245, 35.038923789475113 ], [ 120.167172650473844, 36.219334631050977 ] ] ] } },
{ "type": "Feature", "properties": { "station_name_original": "Xinyubei", "osmid": 2452993355, "english_name": "Xinyu North Railway Station", "city": "Xinyu", "province": "Jiangxi", "zh_name": "新余北", "name": "新余北", "name:en": "Xinyu North", "splitted": null, "degree": 5, "pop": 1665747.5 }, "geometry": { "type": "Polygon", "coordinates": [ [ [ 114.398587480647919, 28.830518529941656 ], [ 114.40440749067605, 28.833697931518248 ], [ 115.230741543856496, 28.111511855114678 ], [ 115.233571767869904, 28.073885206873243 ], [ 115.151709646375181, 27.815843720399901 ], [ 114.999105278346832, 27.601561069947113 ], [ 114.749739360457525, 27.525107294288834 ], [ 114.398587480647919, 28.830518529941656 ] ] ] } },
{ "type": "Feature", "properties": { "station_name_original": "Xinxiangdong", "osmid": 2477368510, "english_name": "Xinxiang East Railway Station", "city": "Xinxiang", "province": "Henan", "zh_name": "新乡东", "name": "新乡东", "name:en": "Xinxiang East", "splitted": null, "degree": 7, "pop": 3965662.2 }, "geometry": { "type": "Polygon", "coordinates": [ [ [ 113.672505827921938, 35.110154283691223 ], [ 113.616492943821683, 35.142031952696193 ], [ 113.507212839553816, 36.024959781967766 ], [ 114.430612807898868, 35.266461066776849 ], [ 113.980308306825904, 34.99753762091148 ], [ 113.672505827921938, 35.110154283691223 ] ] ] } },
{ "type": "Feature", "properties": { "station_name_original": "Liyang", "osmid": 3411457487, "english_name": "Liyang Railway Station", "city": "Liyang", "province": "Jiangsu", "zh_name": "溧阳", "name": "溧阳", "name:en": "Liyang Railway Station", "splitted": null, "degree": 8, "pop": 1566770.9 }, "geometry": { "type": "Polygon", "coordinates": [ [ [ 119.1282896082012, 30.73676663102998 ], [ 118.98776861265911, 30.9520538641592 ], [ 119.550408758160629, 31.694898046756467 ], [ 119.654829229578866, 31.679499837601611 ], [ 119.714335553882989, 31.609277804472541 ], [ 119.5665793325782, 30.985580694583923 ], [ 119.437809532957473, 30.808527334984497 ], [ 119.273635702540531, 30.645287333556244 ], [ 119.173314342783499, 30.696671087477064 ], [ 119.1282896082012, 30.73676663102998 ] ] ] } },
{ "type": "Feature", "properties": { "station_name_original": "Yongkangnan", "osmid": 3469247632, "english_name": "Yongkang South Railway Station", "city": "Yongkang", "province": "Zhejiang", "zh_name": "永康南", "name": "永康南", "name:en": "Yongkangnan", "splitted": null, "degree": 6, "pop": 1300163.6 }, "geometry": { "type": "Polygon", "coordinates": [ [ [ 119.781972919226661, 28.721329614204016 ], [ 120.080296420820304, 29.11516786927033 ], [ 120.62541613302993, 29.094506161306626 ], [ 120.630716676939727, 28.874321872574502 ], [ 119.781972919226661, 28.721329614204016 ] ] ] } },
{ "type": "Feature", "properties": { "station_name_original": "Anshanxi", "osmid": 6179162252, "english_name": "Anshan West Railway Station", "city": "Anshan", "province": "Liaoning", "zh_name": "鞍山西", "name": "鞍山西", "name:en": "Anshanxi", "splitted": null, "degree": 11, "pop": 1747240.4 }, "geometry": { "type": "Polygon", "coordinates": [ [ [ 123.187078233412478, 40.509089579878669 ], [ 122.62191172134159, 41.213516329452389 ], [ 122.668232198709617, 41.281952398904878 ], [ 122.927910167235027, 41.366402806029498 ], [ 123.33250948394425, 40.736245231865723 ], [ 123.332918827647092, 40.717588221624744 ], [ 123.273508799978885, 40.541864810629242 ], [ 123.23760582511747, 40.521491876137937 ], [ 123.187078233412478, 40.509089579878669 ] ] ] } },
{ "type": "Feature", "properties": { "station_name_original": "Taizhou", "osmid": 10120263938, "english_name": "Taizhou Railway Station", "city": "Taizhou", "province": "Jiangsu", "zh_name": "泰州", "name": "台州火车站", "name:en": "Taizhou Railway Station", "splitted": null, "degree": 9, "pop": 2233811.5 }, "geometry": { "type": "Polygon", "coordinates": [ [ [ 121.075636779964356, 28.641308264530696 ], [ 121.467434800234543, 28.859519068603941 ], [ 122.903435337257164, 28.895966829022449 ], [ 125.346151355667303, 28.731697971326827 ], [ 140.175022638825141, 26.7198183428272 ], [ 148.918404195513091, 21.17892459049833 ], [ 121.075636779964356, 28.641308264530696 ] ] ] } },
{ "type": "Feature", "properties": { "station_name_original": "Jinyunxi", "osmid": 7705042791, "english_name": "Jinyun West Railway Station", "city": "Jinyun", "province": "Zhejiang", "zh_name": "缙云西", "name": "缙云西", "name:en": null, "splitted": null, "degree": 6, "pop": 1155022.0 }, "geometry": { "type": "Polygon", "coordinates": [ [ [ 119.488583014571958, 28.523874767755615 ], [ 119.781972919226661, 28.721329614204016 ], [ 120.630716676939727, 28.874321872574502 ], [ 120.658292825618062, 28.71221330943127 ], [ 120.620230487088023, 28.63790780592447 ], [ 120.561598085570438, 28.576231716671742 ], [ 119.318249942570105, 28.058069087943661 ], [ 119.488583014571958, 28.523874767755615 ] ] ] } },
{ "type": "Feature", "properties": { "station_name_original": "Anshunxi", "osmid": 2874016753, "english_name": "Anshun West Railway Station", "city": "Anshun", "province": "Guizhou", "zh_name": "安顺西", "name": "安顺西", "name:en": "Anshunxi", "splitted": null, "degree": 8, "pop": 1883390.4 }, "geometry": { "type": "Polygon", "coordinates": [ [ [ 105.35174459006852, 26.600511096709631 ], [ 105.607884100824734, 26.671736300952173 ], [ 105.911889651990251, 26.605522760114159 ], [ 106.704317358536343, 24.974267783053183 ], [ 106.697399116622918, 24.601508297614814 ], [ 105.35174459006852, 26.600511096709631 ] ] ] } },
{ "type": "Feature", "properties": { "station_name_original": "Zibobei", "osmid": 9255881284, "english_name": "Zibo North Railway Station", "city": "Zibo", "province": "Shandong", "zh_name": "淄博北", "name": "淄博北", "name:en": null, "splitted": null, "degree": 6, "pop": 2861455.5 }, "geometry": { "type": "Polygon", "coordinates": [ [ [ 117.628298300736958, 37.556002125197892 ], [ 117.58994484672283, 37.77801578293095 ], [ 117.828197326568699, 37.990510691220912 ], [ 118.139941935139944, 38.049693031920405 ], [ 118.178443699889669, 36.880473494003319 ], [ 117.893731999763204, 36.802005044285906 ], [ 117.628298300736958, 37.556002125197892 ] ] ] } },
{ "type": "Feature", "properties": { "station_name_original": "Weifangbei", "osmid": 6210230208, "english_name": "Weifang North Railway Station", "city": "Weifang", "province": "Shandong", "zh_name": "潍坊北", "name": "潍坊北", "name:en": "Weifangbei", "splitted": null, "degree": 14, "pop": 1489949.1 }, "geometry": { "type": "Polygon", "coordinates": [ [ [ 118.966485888343925, 38.305731150758774 ], [ 119.026981970497772, 38.341286290034375 ], [ 119.033412786721229, 38.342386402791888 ], [ 119.823163182666036, 38.284379180190122 ], [ 119.890551483981525, 37.509371304103738 ], [ 119.413307028699009, 36.5045625686516 ], [ 119.402250928516992, 36.48883173753547 ], [ 118.973914225442073, 36.909583566693698 ], [ 118.903270605360206, 37.204278932497282 ], [ 118.966485888343925, 38.305731150758774 ] ] ] } },
{ "type": "Feature", "properties": { "station_name_original": "Hebidong", "osmid": 8401357511, "english_name": "Hebi East Railway Station", "city": "Hebi", "province": "Henan", "zh_name": "鹤壁东", "name": "鹤壁东", "name:en": null, "splitted": null, "degree": 7, "pop": 3716657.0 }, "geometry": { "type": "Polygon", "coordinates": [ [ [ 113.507212839553816, 36.024959781967766 ], [ 113.384280826666796, 36.295937181712205 ], [ 115.156978134826176, 35.575941708936796 ], [ 114.592451208861419, 35.259290850899447 ], [ 114.430612807898868, 35.266461066776849 ], [ 113.507212839553816, 36.024959781967766 ] ] ] } },
{ "type": "Feature", "properties": { "station_name_original": "Haerbinxi", "osmid": 2155516551, "english_name": "Harbin West Railway Station", "city": "Harbin", "province": "Heilongjiang", "zh_name": "哈尔滨西", "name": "哈尔滨西", "name:en": "Harbin West", "splitted": null, "degree": 10, "pop": 1854124.6 }, "geometry": { "type": "Polygon", "coordinates": [ [ [ 126.55465179658799, 45.778564864184041 ], [ 126.772147086691305, 45.560139724747557 ], [ 126.693711297767067, 45.263350029853648 ], [ 126.29041191574494, 45.704601935052146 ], [ 126.55465179658799, 45.778564864184041 ] ] ] } },
{ "type": "Feature", "properties": { "station_name_original": "Shenyangnan", "osmid": 11224048736, "english_name": "Shenyang South Railway Station", "city": "Shenyang", "province": "Liaoning", "zh_name": "沈阳南", "name": "沈阳南站", "name:en": "Shenyang South Railway Station", "splitted": null, "degree": 9, "pop": 1126022.5 }, "geometry": { "type": "Polygon", "coordinates": [ [ [ 123.412755046385783, 41.392170911694279 ], [ 123.087361176701194, 41.594533389052167 ], [ 123.07118647395022, 41.689656160051086 ], [ 123.445305348848038, 41.735214250126859 ], [ 123.627246313167731, 41.702610724300335 ], [ 123.412755046385783, 41.392170911694279 ] ] ] } },
{ "type": "Feature", "properties": { "station_name_original": "Yingkoudong", "osmid": 2681224174, "english_name": "Yingkou East Railway Station", "city": "Yingkou", "province": "Liaoning", "zh_name": "营口东", "name": "营口东", "name:en": "Yingkoudong", "splitted": null, "degree": 14, "pop": 1297046.8 }, "geometry": { "type": "Polygon", "coordinates": [ [ [ 121.999422459551383, 40.755725687216447 ], [ 122.307980281583241, 40.952812022037939 ], [ 122.991579560618945, 40.405456383256634 ], [ 122.876605361819884, 40.287999920050595 ], [ 122.761486090985528, 40.222839559698052 ], [ 121.999422459551383, 40.755725687216447 ] ] ] } },
{ "type": "Feature", "properties": { "station_name_original": "Xuchangdong", "osmid": 8093975737, "english_name": "Xuchang East Railway Station", "city": "Xuchang", "province": "Henan", "zh_name": null, "name": "许昌东", "name:en": null, "splitted": null, "degree": 7, "pop": 1401012.6 }, "geometry": { "type": "Polygon", "coordinates": [ [ [ 113.647406457211574, 33.76889928366738 ], [ 113.72371689241433, 34.089360619443845 ], [ 113.796875580981094, 34.144738345986688 ], [ 114.008555665891535, 34.050085136005663 ], [ 114.021985995681533, 33.828420830100548 ], [ 113.647406457211574, 33.76889928366738 ] ] ] } },
{ "type": "Feature", "properties": { "station_name_original": "Liaoyang", "osmid": 1609370268, "english_name": "Liaoyang Railway Station", "city": "Liaoyang", "province": "Liaoning", "zh_name": "辽阳", "name": "辽阳", "name:en": "Liaoyang", "splitted": null, "degree": 9, "pop": 1372576.5 }, "geometry": { "type": "Polygon", "coordinates": [ [ [ 122.927910167235027, 41.366402806029498 ], [ 123.087361176701194, 41.594533389052167 ], [ 123.412755046385783, 41.392170911694279 ], [ 123.45776772481068, 41.277966453544309 ], [ 123.458710461734967, 41.237624657585172 ], [ 123.33250948394425, 40.736245231865723 ], [ 122.927910167235027, 41.366402806029498 ] ] ] } },
{ "type": "Feature", "properties": { "station_name_original": "Xiangtanbei", "osmid": 11016535640, "english_name": "Xiangtan North Railway Station", "city": "Xiangtan", "province": "Hunan", "zh_name": "湘潭北", "name": "湘潭北站", "name:en": "Xiangtan North Railway Station", "splitted": null, "degree": 6, "pop": 1417121.6 }, "geometry": { "type": "Polygon", "coordinates": [ [ [ 112.779733227178554, 27.721057585892225 ], [ 112.674377934213325, 28.274760612698508 ], [ 113.127828805839897, 27.97256444231154 ], [ 112.779733227178554, 27.721057585892225 ] ] ] } },
{ "type": "Feature", "properties": { "station_name_original": "Shaoyang", "osmid": 7263485691, "english_name": "Shaoyang Railway Station", "city": "Shaoyang", "province": "Hunan", "zh_name": "邵阳", "name": "邵阳", "name:en": "Shaoyang", "splitted": null, "degree": 9, "pop": 1375396.0 }, "geometry": { "type": "Polygon", "coordinates": [ [ [ 111.351821283060033, 26.813748995967678 ], [ 111.34597414345879, 27.412467621396434 ], [ 111.569035082869661, 27.385702967993627 ], [ 111.667126924728038, 26.930312742658725 ], [ 111.516093080066113, 26.83756995975487 ], [ 111.351821283060033, 26.813748995967678 ] ] ] } },
{ "type": "Feature", "properties": { "station_name_original": "Deqing", "osmid": 7342323559, "english_name": "Deqing Railway Station", "city": "Deqing", "province": "Zhejiang", "zh_name": "德清", "name": "德清", "name:en": null, "splitted": null, "degree": 6, "pop": 1205287.2 }, "geometry": { "type": "Polygon", "coordinates": [ [ [ 119.363879095428373, 30.622984978013736 ], [ 120.300842409619904, 30.738588275025212 ], [ 120.214215698052598, 30.469082778117464 ], [ 120.098206554672672, 30.399798879899539 ], [ 119.363879095428373, 30.622984978013736 ] ] ] } },
{ "type": "Feature", "properties": { "station_name_original": "Shanhaiguan", "osmid": 7809638499, "english_name": "Shanhaiguan Railway Station", "city": "Qinhuangdao", "province": "Hebei", "zh_name": "山海关", "name": "山海关", "name:en": "Shanhaiguan", "splitted": null, "degree": 11, "pop": 254467.0 }, "geometry": { "type": "Polygon", "coordinates": [ [ [ 120.172153256464924, 38.558777809970792 ], [ 119.764515270385203, 39.5112262782784 ], [ 119.591695823437647, 40.410658031875101 ], [ 120.380048131881892, 38.941053865420656 ], [ 120.218466727721534, 38.638939933395896 ], [ 120.172153256464924, 38.558777809970792 ] ] ] } },
{ "type": "Feature", "properties": { "station_name_original": "Tongxiang", "osmid": 7160108924, "english_name": "Tongxiang Railway Station", "city": "Tongxiang", "province": "Zhejiang", "zh_name": "桐乡", "name": "桐乡", "name:en": null, "splitted": null, "degree": 8, "pop": 1851911.1 }, "geometry": { "type": "Polygon", "coordinates": [ [ [ 120.324520367863613, 30.759230817200095 ], [ 120.434869679349532, 30.944350706767306 ], [ 120.463247002143291, 30.942821914039651 ], [ 120.838552929420814, 30.376605825994545 ], [ 120.722381411196551, 30.30788772459632 ], [ 120.571821031240148, 30.318763671045087 ], [ 120.324520367863613, 30.759230817200095 ] ] ] } },
{ "type": "Feature", "properties": { "station_name_original": "Changxing", "osmid": 7342299449, "english_name": "Changxing Railway Station", "city": "Changxing", "province": "Zhejiang", "zh_name": "长兴", "name": "长兴", "name:en": null, "splitted": null, "degree": 7, "pop": 572303.25 }, "geometry": { "type": "Polygon", "coordinates": [ [ [ 119.437809532957473, 30.808527334984497 ], [ 119.5665793325782, 30.985580694583923 ], [ 120.125732253717018, 31.320595973296147 ], [ 120.243012442308256, 31.213280725145896 ], [ 120.343250520474868, 31.046198040743416 ], [ 119.437809532957473, 30.808527334984497 ] ] ] } },
{ "type": "Feature", "properties": { "station_name_original": "Weinanbei", "osmid": 4610089689, "english_name": "Weinan North Railway Station", "city": "Weinan", "province": "Shaanxi", "zh_name": "渭南北", "name": "渭南北", "name:en": "Weinan North", "splitted": null, "degree": 7, "pop": 4138429.0 }, "geometry": { "type": "Polygon", "coordinates": [ [ [ 108.376469078549633, 37.275085318674364 ], [ 108.280179108730692, 37.650659667633569 ], [ 108.459008741982871, 37.640216508238105 ], [ 109.737505222124113, 35.185843428161157 ], [ 109.913612962511962, 32.838558206021212 ], [ 109.432643540662198, 33.682669809047113 ], [ 108.376469078549633, 37.275085318674364 ] ] ] } },
{ "type": "Feature", "properties": { "station_name_original": "Qingdao", "osmid": 12438289316, "english_name": "Qingdao Railway Station", "city": "Qingdao", "province": "Shandong", "zh_name": "青岛", "name": "青岛站", "name:en": "Qingdao Railway Station", "splitted": null, "degree": 5, "pop": 1763985.5 }, "geometry": { "type": "Polygon", "coordinates": [ [ [ 120.611228225875408, 34.941816036069021 ], [ 120.567266449547589, 35.009677135564885 ], [ 120.061361420642498, 36.136249160062206 ], [ 120.167172650473844, 36.219334631050977 ], [ 122.163732552970245, 35.038923789475113 ], [ 122.382118676960445, 34.615739153345707 ], [ 122.151216430817982, 34.626917400592291 ], [ 121.814797022620681, 34.668667704893323 ], [ 120.611228225875408, 34.941816036069021 ] ] ] } },
{ "type": "Feature", "properties": { "station_name_original": "Panzhou", "osmid": 3328330805, "english_name": "Panzhou Railway Station", "city": "Panzhou", "province": "Guizhou", "zh_name": "盘州", "name": "盘州", "name:en": "Panzhou", "splitted": null, "degree": 8, "pop": 1823256.5 }, "geometry": { "type": "Polygon", "coordinates": [ [ [ 104.768215096005306, 24.415454024097073 ], [ 104.112848129787238, 26.920384451205894 ], [ 104.547752577942148, 26.786148919254654 ], [ 104.683447558439568, 26.70782584638571 ], [ 104.768215096005306, 24.415454024097073 ] ] ] } },
{ "type": "Feature", "properties": { "station_name_original": "Sanmenxianan", "osmid": 5128985378, "english_name": "Sanmenxia South Railway Station", "city": "Sanmenxia", "province": "Henan", "zh_name": "三门峡南", "name": "三门峡南", "name:en": "Sanmenxianan", "splitted": null, "degree": 8, "pop": 927219.19 }, "geometry": { "type": "Polygon", "coordinates": [ [ [ 111.337408064823734, 33.516317825866295 ], [ 110.861347830342908, 34.821693036425685 ], [ 111.294035871209871, 35.038955605295286 ], [ 111.493648540071618, 35.032377603929156 ], [ 111.337408064823734, 33.516317825866295 ] ] ] } },
{ "type": "Feature", "properties": { "station_name_original": "Tielingxi", "osmid": 9507383336, "english_name": "Tieling West Railway Station", "city": "Tieling", "province": "Liaoning", "zh_name": "铁岭西", "name": "铁岭西", "name:en": null, "splitted": null, "degree": 7, "pop": 1959688.4 }, "geometry": { "type": "Polygon", "coordinates": [ [ [ 123.12878884741761, 42.560494254637284 ], [ 123.17060636645823, 42.871314543997016 ], [ 124.466876446894275, 41.861676840578362 ], [ 123.840535248301165, 41.856912930705079 ], [ 123.21238268766335, 42.213618255825232 ], [ 123.12878884741761, 42.560494254637284 ] ] ] } },
{ "type": "Feature", "properties": { "station_name_original": "Taiyuannan", "osmid": 1880719610, "english_name": "Taiyuan South Railway Station", "city": "Taiyuan", "province": "Shanxi", "zh_name": "太原南", "name": "太原南", "name:en": "Taiyuannan", "splitted": null, "degree": 9, "pop": 4882582.0 }, "geometry": { "type": "Polygon", "coordinates": [ [ [ 111.3691973103641, 38.201361397421692 ], [ 111.263212582270697, 38.29072226462057 ], [ 112.969805662550527, 38.076156376059416 ], [ 113.051594837823743, 37.866940969431099 ], [ 112.386103352643289, 37.66909324445475 ], [ 112.133782134358441, 37.743788261936473 ], [ 111.603509327627663, 38.031538434541723 ], [ 111.3691973103641, 38.201361397421692 ] ] ] } },
{ "type": "Feature", "properties": { "station_name_original": "Hankou", "osmid": 2492403981, "english_name": "Hankou Railway Station", "city": "Wuhan", "province": "Hubei", "zh_name": null, "name": "汉口", "name:en": "Hankou", "splitted": null, "degree": 17, "pop": 6263916.0 }, "geometry": { "type": "Polygon", "coordinates": [ [ [ 114.086709203524563, 30.249642562784274 ], [ 114.01765207669591, 30.643897446552685 ], [ 114.343719490029358, 30.725333133528718 ], [ 114.308598802034965, 30.263951131815521 ], [ 114.086709203524563, 30.249642562784274 ] ] ] } },
{ "type": "Feature", "properties": { "station_name_original": "Chaoshan", "osmid": 5951170198, "english_name": "Chaoshan Railway Station", "city": "Jieyang", "province": "Guangdong", "zh_name": "潮汕", "name": "潮汕", "name:en": "Chaoshan", "splitted": null, "degree": 16, "pop": 1677235.1 }, "geometry": { "type": "Polygon", "coordinates": [ [ [ 116.579486497297893, 23.967061660827298 ], [ 116.583921904686363, 23.973711781193188 ], [ 116.78229598984035, 23.574498865755054 ], [ 116.584795837904522, 23.374782033631718 ], [ 116.538328261650875, 23.423120981382233 ], [ 116.579486497297893, 23.967061660827298 ] ] ] } },
{ "type": "Feature", "properties": { "station_name_original": "Shamenbei", "osmid": 4525554463, "english_name": "Xiamen North Railway Station", "city": "Xiamen", "province": "Fujian", "zh_name": "厦门北", "name": "厦门北站", "name:en": "Xiamen North Railway Station", "splitted": null, "degree": 10, "pop": 2746471.5 }, "geometry": { "type": "Polygon", "coordinates": [ [ [ 117.739472184397101, 25.011200816146932 ], [ 117.996452360288771, 25.27844644644874 ], [ 118.087803362859333, 25.14385999942343 ], [ 118.305930210529368, 24.609143435258979 ], [ 118.000666799271244, 24.534520867902039 ], [ 117.738078358194727, 24.993085057556037 ], [ 117.739472184397101, 25.011200816146932 ] ] ] } },
{ "type": "Feature", "properties": { "station_name_original": "Boyuquan", "osmid": 4391476630, "english_name": "Boyuquan Railway Station", "city": "Gongzhuling", "province": "Jilin", "zh_name": null, "name": "鲅鱼圈", "name:en": "Bayuquan", "splitted": null, "degree": 12, "pop": 791867.0 }, "geometry": { "type": "Polygon", "coordinates": [ [ [ 122.380264883780981, 39.718532036959331 ], [ 121.325904719223715, 40.228707950388554 ], [ 121.36224367046907, 40.315885196392983 ], [ 121.672131698801806, 40.678484521841519 ], [ 121.714538728305925, 40.679833474572511 ], [ 122.534523911127451, 40.000654096245789 ], [ 122.380264883780981, 39.718532036959331 ] ] ] } },
{ "type": "Feature", "properties": { "station_name_original": "Qiandaohu", "osmid": 5907965300, "english_name": "Qiandao Lake Railway Station", "city": "Chun'an", "province": "Zhejiang", "zh_name": "千岛湖", "name": "千岛湖", "name:en": "Qiandaohu", "splitted": null, "degree": 7, "pop": 351568.06 }, "geometry": { "type": "Polygon", "coordinates": [ [ [ 118.699196189641142, 29.459740285169971 ], [ 118.702604849002796, 29.498619619459202 ], [ 119.349035624409836, 30.351574249272307 ], [ 119.406611914159996, 30.270237577911377 ], [ 119.447231854250418, 29.863304540754928 ], [ 119.110234219050056, 29.374091752313785 ], [ 118.902868044140476, 29.381672120553045 ], [ 118.699196189641142, 29.459740285169971 ] ] ] } },
{ "type": "Feature", "properties": { "station_name_original": "Tongrennan", "osmid": 2953807111, "english_name": "Tongren South Railway Station", "city": "Tongren", "province": "Guizhou", "zh_name": "铜仁南", "name": "铜仁南", "name:en": "Tongrennan", "splitted": null, "degree": 9, "pop": 768628.19 }, "geometry": { "type": "Polygon", "coordinates": [ [ [ 108.366845638462223, 27.869026308216863 ], [ 108.956583965602221, 27.466494249970467 ], [ 109.494742739512745, 26.66620281356872 ], [ 109.500480447723575, 26.643921328936909 ], [ 109.296109513456514, 26.623194423279383 ], [ 108.045388464270161, 27.91351782328071 ], [ 108.076984337868623, 28.012671186589209 ], [ 108.366845638462223, 27.869026308216863 ] ] ] } },
{ "type": "Feature", "properties": { "station_name_original": "Qingtian", "osmid": 7702364114, "english_name": "Qingtian Railway Station", "city": "Qingtian", "province": "Zhejiang", "zh_name": "青田", "name": "青田", "name:en": null, "splitted": null, "degree": 2, "pop": 1012982.8 }, "geometry": { "type": "Polygon", "coordinates": [ [ [ 119.285754939267306, 28.016202673856572 ], [ 119.318249942570105, 28.058069087943661 ], [ 120.561598085570438, 28.576231716671742 ], [ 120.494684075916595, 28.173054878036584 ], [ 120.328585385414357, 27.875380655128854 ], [ 120.257084345820786, 27.817151724739926 ], [ 119.926750907329776, 27.745118319344797 ], [ 119.210118763377181, 27.821458971589475 ], [ 119.285754939267306, 28.016202673856572 ] ] ] } },
{ "type": "Feature", "properties": { "station_name_original": "Wuyishandong", "osmid": 7252546318, "english_name": "Wuyishan East Railway Station", "city": "Wuyishan", "province": "Fujian", "zh_name": null, "name": "武夷山", "name:en": null, "splitted": null, "degree": 12, "pop": 360804.19 }, "geometry": { "type": "Polygon", "coordinates": [ [ [ 117.321605434071103, 27.621492710076105 ], [ 117.317601260117044, 27.655666524130968 ], [ 117.388508112931675, 27.777755551991572 ], [ 117.541075390853536, 27.908911038229434 ], [ 118.637080153503945, 27.570275775170316 ], [ 117.716029356806999, 27.233400613396274 ], [ 117.638900292085992, 27.274583604690065 ], [ 117.321605434071103, 27.621492710076105 ] ] ] } },
{ "type": "Feature", "properties": { "station_name_original": "Kaifengbei", "osmid": 6736774928, "english_name": "Kaifeng North Railway Station", "city": "Kaifeng", "province": "Henan", "zh_name": "开封北", "name": "开封北", "name:en": "Kaifengbei", "splitted": null, "degree": 4, "pop": 2972917.2 }, "geometry": { "type": "Polygon", "coordinates": [ [ [ 114.162425360695821, 34.45809585626521 ], [ 114.061829054083105, 34.506039495729262 ], [ 113.980308306825904, 34.99753762091148 ], [ 114.430612807898868, 35.266461066776849 ], [ 114.592451208861419, 35.259290850899447 ], [ 114.493091858705583, 34.445067973401819 ], [ 114.36569282842845, 34.426145536874238 ], [ 114.162425360695821, 34.45809585626521 ] ] ] } },
{ "type": "Feature", "properties": { "station_name_original": "Wuyibei", "osmid": 3469247631, "english_name": "Wuyi North Railway Station", "city": "Wuyi", "province": "Zhejiang", "zh_name": "武义北", "name": "武义北", "name:en": "Wuyi North", "splitted": null, "degree": 6, "pop": 433111.16 }, "geometry": { "type": "Polygon", "coordinates": [ [ [ 119.781972919226661, 28.721329614204016 ], [ 119.488583014571958, 28.523874767755615 ], [ 119.491671754744274, 28.628117572115759 ], [ 119.691529764568472, 28.968522232914424 ], [ 119.94226461617265, 29.183015890042089 ], [ 120.080296420820304, 29.11516786927033 ], [ 119.781972919226661, 28.721329614204016 ] ] ] } },
{ "type": "Feature", "properties": { "station_name_original": "Tengzhoudong", "osmid": 9262897538, "english_name": "Tengzhou East Railway Station", "city": "Tengzhou", "province": "Shandong", "zh_name": "滕州东", "name": "滕州东", "name:en": "Tengzhoudong", "splitted": null, "degree": 8, "pop": 2413916.5 }, "geometry": { "type": "Polygon", "coordinates": [ [ [ 116.696425154519218, 34.845585544297151 ], [ 116.530349049401849, 35.070785366265838 ], [ 117.147393358519537, 35.319418738831523 ], [ 117.430726402480033, 35.303974278869198 ], [ 117.639654882547916, 35.061133727949993 ], [ 117.661328061978111, 34.996768315680761 ], [ 116.696425154519218, 34.845585544297151 ] ] ] } },
{ "type": "Feature", "properties": { "station_name_original": "Jinzhounan", "osmid": 8431451881, "english_name": "Jinzhou South Railway Station", "city": "Jinzhou", "province": "Liaoning", "zh_name": "锦州南", "name": "锦州南", "name:en": "Jinzhounan", "splitted": null, "degree": 12, "pop": 1617781.5 }, "geometry": { "type": "Polygon", "coordinates": [ [ [ 120.687335013108921, 41.213838971204638 ], [ 120.761198492444919, 41.304641806611741 ], [ 121.289717617802182, 41.541900320165119 ], [ 121.656955462911441, 40.756829267807802 ], [ 121.672131698801806, 40.678484521841519 ], [ 121.36224367046907, 40.315885196392983 ], [ 120.687335013108921, 41.213838971204638 ] ] ] } },
{ "type": "Feature", "properties": { "station_name_original": "Guilinbei", "osmid": 2509040864, "english_name": "Guilin North Railway Station", "city": "Guilin", "province": "Guangxi", "zh_name": "桂林北", "name": "桂林北", "name:en": "Guilinbei", "splitted": null, "degree": 13, "pop": 463402.19 }, "geometry": { "type": "Polygon", "coordinates": [ [ [ 110.254132772183993, 25.30838614079487 ], [ 110.433006964208943, 25.554335483295272 ], [ 110.660901165887807, 25.313425966580191 ], [ 110.533062465773199, 25.221270221389066 ], [ 110.254132772183993, 25.30838614079487 ] ] ] } },
{ "type": "Feature", "properties": { "station_name_original": "Wuyuan", "osmid": 2517241085, "english_name": "Wuyuan Railway Station", "city": "Wuyuan", "province": "Jiangxi", "zh_name": null, "name": "婺源", "name:en": "Wuyuan", "splitted": null, "degree": 4, "pop": 350629.41 }, "geometry": { "type": "Polygon", "coordinates": [ [ [ 117.528353670775545, 29.121746762430824 ], [ 117.612121215678712, 29.656009664244277 ], [ 118.058368762392064, 29.538112822729165 ], [ 118.424876923409542, 29.286936100958698 ], [ 118.319820892512226, 29.114284119964417 ], [ 118.266307019155036, 29.076710821252192 ], [ 117.528353670775545, 29.121746762430824 ] ] ] } },
{ "type": "Feature", "properties": { "station_name_original": "Neijiangbei", "osmid": 8869763827, "english_name": "Neijiang North Railway Station", "city": "Neijiang", "province": "Sichuan", "zh_name": "内江北", "name": "内江北", "name:en": "Neijiangbei", "splitted": null, "degree": 11, "pop": 2745104.0 }, "geometry": { "type": "Polygon", "coordinates": [ [ [ 104.743350131155438, 29.222780021102604 ], [ 104.654472316943128, 29.341969875626408 ], [ 105.426023581772625, 30.214992739678571 ], [ 105.532732325799358, 30.071769768044543 ], [ 105.51176580934164, 30.006265397150337 ], [ 104.901840634944548, 29.137160581572473 ], [ 104.743350131155438, 29.222780021102604 ] ] ] } },
{ "type": "Feature", "properties": { "station_name_original": "Jixibei", "osmid": 9242148049, "english_name": "Jixi North Railway Station", "city": "Jixi", "province": "Anhui", "zh_name": "绩溪北", "name": "绩溪北", "name:en": "Jixibei", "splitted": null, "degree": 7, "pop": 202956.22 }, "geometry": { "type": "Polygon", "coordinates": [ [ [ 118.619671371767737, 29.708573022716042 ], [ 118.260631330270314, 30.12931473253942 ], [ 118.715432708487597, 30.217022482597166 ], [ 118.619671371767737, 29.708573022716042 ] ] ] } },
{ "type": "Feature", "properties": { "station_name_original": "Jiangshan", "osmid": 9527101298, "english_name": "Jiangshan Railway Station", "city": "Jiangshan", "province": "Zhejiang", "zh_name": null, "name": "江山", "name:en": null, "splitted": null, "degree": 7, "pop": 1006637.7 }, "geometry": { "type": "Polygon", "coordinates": [ [ [ 118.792572589053506, 28.005789132822557 ], [ 118.667298858370543, 28.143726742939698 ], [ 118.319820892512226, 29.114284119964417 ], [ 118.424876923409542, 29.286936100958698 ], [ 118.469456020688895, 29.302824677758828 ], [ 119.275220483778781, 28.04005678042121 ], [ 119.285754939267306, 28.016202673856572 ], [ 119.210118763377181, 27.821458971589475 ], [ 119.169270201702389, 27.779087865403739 ], [ 118.792572589053506, 28.005789132822557 ] ] ] } },
{ "type": "Feature", "properties": { "station_name_original": "Huainandong", "osmid": 4530501190, "english_name": "Huainan East Railway Station", "city": "Huainan", "province": "Anhui", "zh_name": "淮南东", "name": "淮南东", "name:en": "Huainan East", "splitted": null, "degree": 5, "pop": 629002.25 }, "geometry": { "type": "Polygon", "coordinates": [ [ [ 116.954833532933577, 32.739150265162401 ], [ 116.885522578491134, 33.192804766372092 ], [ 116.928618316087281, 33.18858817657329 ], [ 117.444708865696541, 32.600474493676494 ], [ 117.12202222051431, 32.562729146423926 ], [ 116.954833532933577, 32.739150265162401 ] ] ] } },
{ "type": "Feature", "properties": { "station_name_original": "Guangyuan", "osmid": 1532826989, "english_name": "Guangyuan Railway Station", "city": "Guangyuan", "province": "Sichuan", "zh_name": "广元", "name": "广元", "name:en": "Guangyuan", "splitted": null, "degree": 9, "pop": 938496.44 }, "geometry": { "type": "Polygon", "coordinates": [ [ [ 105.785617454642093, 32.096816153320454 ], [ 105.152102572295561, 33.359834280149819 ], [ 106.354626772954049, 32.174500001801945 ], [ 105.785617454642093, 32.096816153320454 ] ] ] } },
{ "type": "Feature", "properties": { "station_name_original": "Hanzhong", "osmid": 9295305367, "english_name": "Hanzhong Railway Station", "city": "Hanzhong", "province": "Shaanxi", "zh_name": "汉中", "name": "汉中", "name:en": "Hanzhong", "splitted": null, "degree": 9, "pop": 1895703.5 }, "geometry": { "type": "Polygon", "coordinates": [ [ [ 107.100050898918198, 31.899517461650046 ], [ 107.013918401544146, 31.971605399791301 ], [ 106.363500576954124, 33.761287813032418 ], [ 106.443371461371584, 33.825553242051015 ], [ 106.960526866380533, 33.741345796054709 ], [ 107.57383920939013, 31.92252451017858 ], [ 107.222389382903501, 31.816320351207107 ], [ 107.20053052391512, 31.829241949812953 ], [ 107.100050898918198, 31.899517461650046 ] ] ] } },
{ "type": "Feature", "properties": { "station_name_original": "Nanpingbei", "osmid": 7014731878, "english_name": "Nanping North Railway Station", "city": "Nanping", "province": "Fujian", "zh_name": null, "name": "延平", "name:en": "Yanping", "splitted": null, "degree": 8, "pop": 216945.48 }, "geometry": { "type": "Polygon", "coordinates": [ [ [ 118.396308450814601, 26.321963839251623 ], [ 118.217592560817167, 26.377311057367216 ], [ 118.152974584651574, 26.824393757912542 ], [ 118.558502492677079, 26.818414966345092 ], [ 118.396308450814601, 26.321963839251623 ] ] ] } },
{ "type": "Feature", "properties": { "station_name_original": "Changchun", "osmid": 9171411689, "english_name": "Changchun Railway Station", "city": "Changchun", "province": "Jilin", "zh_name": null, "name": "长春", "name:en": "Changchun", "splitted": null, "degree": 9, "pop": 3891850.8 }, "geometry": { "type": "Polygon", "coordinates": [ [ [ 125.729937015437514, 42.917094169879597 ], [ 125.426248881657671, 43.269356176166688 ], [ 125.105148938440081, 44.442229129821094 ], [ 125.439279457931192, 44.256642429404174 ], [ 125.729937015437514, 42.917094169879597 ] ] ] } },
{ "type": "Feature", "properties": { "station_name_original": "Wenling", "osmid": 9894368699, "english_name": "Wenling Railway Station", "city": "Wenling", "province": "Zhejiang", "zh_name": "温岭", "name": "温岭火车站", "name:en": "Wenling Railway Station", "splitted": null, "degree": 8, "pop": 1807569.6 }, "geometry": { "type": "Polygon", "coordinates": [ [ [ 159.746846600000026, -0.221111721942917 ], [ 129.072557492237848, 21.03606472277232 ], [ 124.700781232272234, 24.601240798098161 ], [ 123.035339472951947, 26.127576879571482 ], [ 121.058193194869474, 28.637833778051601 ], [ 121.075636779964356, 28.641308264530696 ], [ 148.918404195513091, 21.17892459049833 ], [ 159.746846600000026, 14.364449267033091 ], [ 159.746846600000026, -0.221111721942917 ] ] ] } },
{ "type": "Feature", "properties": { "station_name_original": "Lankaonan", "osmid": 3311834108, "english_name": "Lankao South Railway Station", "city": "Lankao", "province": "Henan", "zh_name": "兰考南", "name": "兰考南", "name:en": "Lankao South station", "splitted": null, "degree": 6, "pop": 3853900.5 }, "geometry": { "type": "Polygon", "coordinates": [ [ [ 114.82204648332872, 34.259401813376549 ], [ 114.493091858705583, 34.445067973401819 ], [ 114.592451208861419, 35.259290850899447 ], [ 115.156978134826176, 35.575941708936796 ], [ 115.274071578173888, 35.608991119235846 ], [ 114.852103891907717, 34.252825581285379 ], [ 114.82204648332872, 34.259401813376549 ] ] ] } },
{ "type": "Feature", "properties": { "station_name_original": "Wuhu", "osmid": 9235207765, "english_name": "Wuhu Railway Station", "city": "Wuhu", "province": "Anhui", "zh_name": null, "name": "芜湖", "name:en": "Wuhu", "splitted": null, "degree": 7, "pop": 1386786.9 }, "geometry": { "type": "Polygon", "coordinates": [ [ [ 118.175317564424205, 31.324542826458277 ], [ 118.157972820164247, 31.493165786167872 ], [ 118.221904177186161, 31.603224893411763 ], [ 118.775095401385045, 31.253275786649173 ], [ 118.175317564424205, 31.324542826458277 ] ] ] } },
{ "type": "Feature", "properties": { "station_name_original": "Liuan", "osmid": 5157242006, "english_name": "Lu'an Railway Station", "city": "Lu'an", "province": "Anhui", "zh_name": "六安", "name": "六安", "name:en": "Lu'an", "splitted": null, "degree": 6, "pop": 2662426.8 }, "geometry": { "type": "Polygon", "coordinates": [ [ [ 116.358191133187034, 30.93088671021799 ], [ 116.153004614210687, 32.140059554038608 ], [ 116.364327645162405, 32.203307918494716 ], [ 116.603233010750444, 32.171469958024893 ], [ 116.767257125046811, 32.114293007594391 ], [ 116.876785350844727, 31.877779342094822 ], [ 116.948052656143375, 31.217133323302924 ], [ 116.358191133187034, 30.93088671021799 ] ] ] } },
{ "type": "Feature", "properties": { "station_name_original": "Jiashannan", "osmid": 8151012920, "english_name": "Jiashan South Railway Station", "city": "Jiashan", "province": "Zhejiang", "zh_name": "嘉善南", "name": "嘉善南", "name:en": "Jiashannan", "splitted": null, "degree": 6, "pop": 1474306.2 }, "geometry": { "type": "Polygon", "coordinates": [ [ [ 120.687991888549746, 31.012849015794899 ], [ 120.840796228945379, 31.075160555060346 ], [ 120.847445507447645, 31.074989352045186 ], [ 121.23978063745335, 30.510019849991121 ], [ 121.06895427113767, 30.452575023541328 ], [ 120.676252673329259, 31.005808836959943 ], [ 120.687991888549746, 31.012849015794899 ] ] ] } },
{ "type": "Feature", "properties": { "station_name_original": "Maanshandong", "osmid": 3798940125, "english_name": "Ma'anshan East Railway Station", "city": "Ma'anshan", "province": "Anhui", "zh_name": "马鞍山东", "name": "马鞍山东", "name:en": "Maanshan East", "splitted": null, "degree": 4, "pop": 1042994.2 }, "geometry": { "type": "Polygon", "coordinates": [ [ [ 118.227560598906877, 31.663161571188809 ], [ 118.21761939862931, 31.74545616047245 ], [ 118.359342970877492, 31.845124714327977 ], [ 118.786517090860798, 31.667205667437617 ], [ 118.808853209308495, 31.597295544673489 ], [ 118.227560598906877, 31.663161571188809 ] ] ] } },
{ "type": "Feature", "properties": { "station_name_original": "Jiande", "osmid": 5907965299, "english_name": "Jiande Railway Station", "city": "Jiande", "province": "Zhejiang", "zh_name": "建德", "name": "建德", "name:en": "Jiande", "splitted": null, "degree": 5, "pop": 381183.03 }, "geometry": { "type": "Polygon", "coordinates": [ [ [ 119.350172846663739, 29.263454512045723 ], [ 119.110234219050056, 29.374091752313785 ], [ 119.447231854250418, 29.863304540754928 ], [ 119.727881009146088, 29.468237803099662 ], [ 119.71980796339605, 29.442666400429772 ], [ 119.662614580084323, 29.404004181681348 ], [ 119.350172846663739, 29.263454512045723 ] ] ] } },
{ "type": "Feature", "properties": { "station_name_original": "Quanjiao", "osmid": 5427515088, "english_name": "Quanjiao Railway Station", "city": "Quanjiao", "province": "Anhui", "zh_name": "全椒", "name": "全椒", "name:en": null, "splitted": null, "degree": 3, "pop": 455114.12 }, "geometry": { "type": "Polygon", "coordinates": [ [ [ 118.21761939862931, 31.74545616047245 ], [ 117.789568985629941, 32.091060369364143 ], [ 117.947576913380331, 32.226182823007463 ], [ 118.527729454825973, 32.068042250546789 ], [ 118.359342970877492, 31.845124714327977 ], [ 118.21761939862931, 31.74545616047245 ] ] ] } },
{ "type": "Feature", "properties": { "station_name_original": "Hainingxi", "osmid": 7161600097, "english_name": "Haining West Railway Station", "city": "Haining", "province": "Zhejiang", "zh_name": "海宁西", "name": "海宁西", "name:en": null, "splitted": null, "degree": 6, "pop": 1855205.1 }, "geometry": { "type": "Polygon", "coordinates": [ [ [ 120.214215698052598, 30.469082778117464 ], [ 120.300842409619904, 30.738588275025212 ], [ 120.324520367863613, 30.759230817200095 ], [ 120.571821031240148, 30.318763671045087 ], [ 120.398213649195966, 30.244861459644948 ], [ 120.214215698052598, 30.469082778117464 ] ] ] } },
{ "type": "Feature", "properties": { "station_name_original": "Langfang", "osmid": 7733885007, "english_name": "Langfang Railway Station", "city": "Langfang", "province": "Hebei", "zh_name": "廊坊", "name": "廊坊", "name:en": "Langfang", "splitted": null, "degree": 5, "pop": 4178879.0 }, "geometry": { "type": "Polygon", "coordinates": [ [ [ 117.365508627713453, 39.896275322973352 ], [ 116.945295817338277, 39.352616310451005 ], [ 116.528824734401013, 39.295840995765317 ], [ 116.379652180895548, 39.424487979780025 ], [ 116.371543543732727, 39.531327517588139 ], [ 116.99503164992187, 40.11078721241234 ], [ 117.221391125510408, 40.295371690003712 ], [ 117.357605847931623, 40.170954026512888 ], [ 117.37666032333648, 39.939238305419913 ], [ 117.365508627713453, 39.896275322973352 ] ] ] } },
{ "type": "Feature", "properties": { "station_name_original": "Yongchuandong", "osmid": 3500459007, "english_name": "Yongchuan East Railway Station", "city": "Yongchuan", "province": "Chongqing", "zh_name": "永川东", "name": "永川东", "name:en": "Yongchuan East", "splitted": null, "degree": 10, "pop": 1924488.2 }, "geometry": { "type": "Polygon", "coordinates": [ [ [ 105.95601146953058, 28.611732820629943 ], [ 105.696466295329344, 28.787620760061426 ], [ 105.930607542799621, 29.757625941630653 ], [ 106.178246145031395, 29.243564308251614 ], [ 106.116040471212841, 28.818753889424713 ], [ 106.106111744140094, 28.798425221814245 ], [ 105.95601146953058, 28.611732820629943 ] ] ] } },
{ "type": "Feature", "properties": { "station_name_original": "Shaodong", "osmid": 5559277115, "english_name": "Shaodong Railway Station", "city": "Shaodong", "province": "Hunan", "zh_name": "邵东", "name": "邵东", "name:en": "Shaodong", "splitted": null, "degree": 6, "pop": 872377.06 }, "geometry": { "type": "Polygon", "coordinates": [ [ [ 111.569035082869661, 27.385702967993627 ], [ 111.752324349010564, 27.534439232712344 ], [ 111.930931693841359, 27.367469067866121 ], [ 111.757596488412446, 26.941703109978519 ], [ 111.667126924728038, 26.930312742658725 ], [ 111.569035082869661, 27.385702967993627 ] ] ] } },
{ "type": "Feature", "properties": { "station_name_original": "Quanzhou", "osmid": 1879551038, "english_name": "Quanzhou Railway Station", "city": "Quanzhou", "province": "Fujian", "zh_name": "泉州", "name": "泉州", "name:en": "Quanzhou", "splitted": null, "degree": 11, "pop": 3420764.8 }, "geometry": { "type": "Polygon", "coordinates": [ [ [ 118.044468657338768, 25.444430258393396 ], [ 118.057567476060868, 25.468652470843146 ], [ 118.307828355876879, 25.558022577805708 ], [ 118.352745671788, 25.50893639538447 ], [ 118.823986493006885, 24.694017269377234 ], [ 118.087803362859333, 25.14385999942343 ], [ 117.996452360288771, 25.27844644644874 ], [ 118.044468657338768, 25.444430258393396 ] ] ] } },
{ "type": "Feature", "properties": { "station_name_original": "Xiaoxianbei", "osmid": 7232690208, "english_name": "Xiaoxian North Railway Station", "city": "Xiaoxian", "province": "Anhui", "zh_name": "萧县北", "name": "萧县北", "name:en": "Xiaoxianbei", "splitted": null, "degree": 8, "pop": 1088212.4 }, "geometry": { "type": "Polygon", "coordinates": [ [ [ 116.72594101620804, 34.222271047863828 ], [ 116.703970464705392, 34.683715853555185 ], [ 116.724921760886289, 34.773174170707911 ], [ 117.035328556233992, 34.565409777168128 ], [ 117.091039041822484, 34.047084290123557 ], [ 116.72594101620804, 34.222271047863828 ] ] ] } },
{ "type": "Feature", "properties": { "station_name_original": "Tonglingbei", "osmid": 6239494589, "english_name": "Tongling North Railway Station", "city": "Tongling", "province": "Anhui", "zh_name": "铜陵北", "name": "铜陵北", "name:en": "Tonglingbei", "splitted": null, "degree": 10, "pop": 204463.0 }, "geometry": { "type": "Polygon", "coordinates": [ [ [ 118.053732291653787, 30.77004776458984 ], [ 117.838360189592535, 31.133817977806366 ], [ 118.032316792967634, 31.168633772764032 ], [ 118.142125657758498, 30.907795629448938 ], [ 118.053732291653787, 30.77004776458984 ] ] ] } },
{ "type": "Feature", "properties": { "station_name_original": "Zunyi", "osmid": 3695331090, "english_name": "Zunyi Railway Station", "city": "Zunyi", "province": "Guizhou", "zh_name": "遵义", "name": "遵义", "name:en": "Zunyi", "splitted": null, "degree": 10, "pop": 2177121.0 }, "geometry": { "type": "Polygon", "coordinates": [ [ [ 107.519980438168119, 27.246816030657264 ], [ 106.468846387973358, 27.7674162086393 ], [ 108.026632721196606, 27.880083114488642 ], [ 107.849262143882925, 27.448172193049611 ], [ 107.642572873445189, 27.279335812583685 ], [ 107.519980438168119, 27.246816030657264 ] ] ] } },
{ "type": "Feature", "properties": { "station_name_original": "Zhongqingbei", "osmid": 654769359, "english_name": "Chongqing North Railway Station", "city": "Chongqing", "province": "Chongqing", "zh_name": "重庆北", "name": "重庆北", "name:en": "Chongqingbei", "splitted": null, "degree": 14, "pop": 4235018.5 }, "geometry": { "type": "Polygon", "coordinates": [ [ [ 106.392701408138038, 29.772663195326324 ], [ 106.614454021045503, 29.945799066889105 ], [ 106.720780873860576, 29.376985785314503 ], [ 106.639959466949378, 29.405438789435927 ], [ 106.558728500339186, 29.488510627751857 ], [ 106.392701408138038, 29.772663195326324 ] ] ] } },
{ "type": "Feature", "properties": { "station_name_original": "Yongzhou", "osmid": 4359529805, "english_name": "Yongzhou Railway Station", "city": "Yongzhou", "province": "Hunan", "zh_name": "永州", "name": "永州", "name:en": "Yongzhou", "splitted": null, "degree": 5, "pop": 1709845.8 }, "geometry": { "type": "Polygon", "coordinates": [ [ [ 111.962446180277993, 25.509258722732476 ], [ 111.633307327015757, 25.856406942423153 ], [ 111.32341677278859, 26.801528689750175 ], [ 111.351821283060033, 26.813748995967678 ], [ 111.516093080066113, 26.83756995975487 ], [ 112.121390126212745, 25.818728539584516 ], [ 111.962446180277993, 25.509258722732476 ] ] ] } },
{ "type": "Feature", "properties": { "station_name_original": "Chibibei", "osmid": 581776819, "english_name": "Chibi North Railway Station", "city": "Chibi", "province": "Hubei", "zh_name": "赤壁北", "name": "赤壁北", "name:en": "Chibibei", "splitted": null, "degree": 5, "pop": 2246401.2 }, "geometry": { "type": "Polygon", "coordinates": [ [ [ 113.368881451506056, 29.889728064623881 ], [ 113.742683757090532, 30.130183285624028 ], [ 113.960756583080965, 30.153873730182951 ], [ 114.464921552695486, 28.904713751415642 ], [ 114.40440749067605, 28.833697931518248 ], [ 114.398587480647919, 28.830518529941656 ], [ 114.148178552089732, 28.761507901586164 ], [ 113.851838309253154, 28.987812445803073 ], [ 113.368881451506056, 29.889728064623881 ] ] ] } },
{ "type": "Feature", "properties": { "station_name_original": "Yongchengbei", "osmid": 3311816585, "english_name": "Yongcheng North Railway Station", "city": "Yongcheng", "province": "Henan", "zh_name": "永城北", "name": "永城北", "name:en": null, "splitted": null, "degree": 6, "pop": 1540154.6 }, "geometry": { "type": "Polygon", "coordinates": [ [ [ 116.192881135907001, 33.940605093530557 ], [ 116.176675363686911, 34.008137946209544 ], [ 116.703970464705392, 34.683715853555185 ], [ 116.72594101620804, 34.222271047863828 ], [ 116.665062660484736, 34.103538574134355 ], [ 116.323698798767623, 33.71655090437406 ], [ 116.192881135907001, 33.940605093530557 ] ] ] } },
{ "type": "Feature", "properties": { "station_name_original": "Laiyang", "osmid": 582812682, "english_name": "Laiyang Railway Station", "city": "Laiyang", "province": "Shandong", "zh_name": "莱阳", "name": "莱阳", "name:en": "Láiyáng", "splitted": null, "degree": 12, "pop": 2238499.5 }, "geometry": { "type": "Polygon", "coordinates": [ [ [ 119.944536286169779, 37.388457998494289 ], [ 119.890551483981525, 37.509371304103738 ], [ 119.823163182666036, 38.284379180190122 ], [ 120.003354302653094, 38.363964687883794 ], [ 120.157970401356962, 38.196103959106509 ], [ 121.256859119282439, 36.237939070560074 ], [ 120.969085879759319, 36.411279213939444 ], [ 119.944536286169779, 37.388457998494289 ] ] ] } },
{ "type": "Feature", "properties": { "station_name_original": "Mianyang", "osmid": 1742504939, "english_name": "Mianyang Railway Station", "city": "Mianyang", "province": "Sichuan", "zh_name": "绵阳", "name": "绵阳", "name:en": "Mianyang", "splitted": null, "degree": 8, "pop": 3012424.5 }, "geometry": { "type": "Polygon", "coordinates": [ [ [ 105.228882605230538, 30.798855078475114 ], [ 105.105649774009066, 30.821021380220834 ], [ 104.36667858974549, 31.684437468369978 ], [ 105.136419077803652, 31.557683479591777 ], [ 105.341462004419952, 31.417539831957846 ], [ 105.352360724348429, 31.2797747245477 ], [ 105.335840619102143, 31.038903505960931 ], [ 105.228882605230538, 30.798855078475114 ] ] ] } },
{ "type": "Feature", "properties": { "station_name_original": "Zhengzhou", "osmid": 2751210016, "english_name": "Zhengzhou Railway Station", "city": "Zhengzhou", "province": "Henan", "zh_name": "郑州", "name": "郑州火车站", "name:en": "Zhengzhou Railway Station", "splitted": null, "degree": 12, "pop": 5553577.0 }, "geometry": { "type": "Polygon", "coordinates": [ [ [ 113.53076994786062, 35.066022222440701 ], [ 113.616492943821683, 35.142031952696193 ], [ 113.672505827921938, 35.110154283691223 ], [ 113.735963248792558, 34.507299485161994 ], [ 113.537213192386531, 34.475681958469814 ], [ 113.53076994786062, 35.066022222440701 ] ] ] } },
{ "type": "Feature", "properties": { "station_name_original": "Chizhou", "osmid": 9242148039, "english_name": "Chizhou Railway Station", "city": "Chizhou", "province": "Anhui", "zh_name": "池州", "name": "池州", "name:en": "Chizhou", "splitted": null, "degree": 2, "pop": 1039867.5 }, "geometry": { "type": "Polygon", "coordinates": [ [ [ 117.381846370577776, 29.980767976029881 ], [ 117.201724872999577, 31.150394525598426 ], [ 117.347895842748571, 31.155783784399759 ], [ 117.958217039308551, 30.463672792634163 ], [ 117.961754316588852, 30.384757305478448 ], [ 117.393819084599642, 29.978155080400807 ], [ 117.381846370577776, 29.980767976029881 ] ] ] } },
{ "type": "Feature", "properties": { "station_name_original": "Tongling", "osmid": 9521958023, "english_name": "Tongling Railway Station", "city": "Tongling", "province": "Anhui", "zh_name": "铜陵", "name": "铜陵", "name:en": "Tongling", "splitted": null, "degree": 7, "pop": 1053278.2 }, "geometry": { "type": "Polygon", "coordinates": [ [ [ 117.347895842748571, 31.155783784399759 ], [ 117.497955515874708, 31.22878445299423 ], [ 117.838360189592535, 31.133817977806366 ], [ 118.053732291653787, 30.77004776458984 ], [ 118.018729644581541, 30.586109610781417 ], [ 117.958217039308551, 30.463672792634163 ], [ 117.347895842748571, 31.155783784399759 ] ] ] } },
{ "type": "Feature", "properties": { "station_name_original": "Lilingdong", "osmid": 3021655200, "english_name": "Liling East Railway Station", "city": "Liling", "province": "Hunan", "zh_name": "醴陵东", "name": "醴陵东", "name:en": "Liling North", "splitted": null, "degree": 4, "pop": 1869720.8 }, "geometry": { "type": "Polygon", "coordinates": [ [ [ 113.605150840146763, 26.814398000953265 ], [ 113.524354141455561, 26.900059491026344 ], [ 113.257672941287439, 27.35052011660515 ], [ 113.350007621466617, 27.974408161636557 ], [ 113.685499493635476, 28.372976747397736 ], [ 113.789643114101011, 28.416940743089679 ], [ 113.605150840146763, 26.814398000953265 ] ] ] } },
{ "type": "Feature", "properties": { "station_name_original": "Yushannan", "osmid": 4610047848, "english_name": "Yushan South Railway Station", "city": "Yushan", "province": "Jiangxi", "zh_name": "玉山南", "name": "玉山南", "name:en": "Yushan South", "splitted": null, "degree": 8, "pop": 789405.69 }, "geometry": { "type": "Polygon", "coordinates": [ [ [ 118.266307019155036, 29.076710821252192 ], [ 118.319820892512226, 29.114284119964417 ], [ 118.667298858370543, 28.143726742939698 ], [ 118.242344328916445, 28.395288327368654 ], [ 118.041238926106232, 28.762810443206575 ], [ 118.266307019155036, 29.076710821252192 ] ] ] } },
{ "type": "Feature", "properties": { "station_name_original": "Shaoshannan", "osmid": 2953768282, "english_name": "Shaoshan South Railway Station", "city": "Shaoshan", "province": "Hunan", "zh_name": "韶山南", "name": "韶山南", "name:en": "Shaoshannan", "splitted": null, "degree": 5, "pop": 3975531.8 }, "geometry": { "type": "Polygon", "coordinates": [ [ [ 112.345911343824696, 27.612037463128559 ], [ 111.740219144067339, 29.04645263063798 ], [ 111.785900944069084, 29.052619905078959 ], [ 112.551679404476332, 28.520518347955647 ], [ 112.674377934213325, 28.274760612698508 ], [ 112.779733227178554, 27.721057585892225 ], [ 112.758403436567946, 27.607495164879492 ], [ 112.426027867125157, 27.48228719496128 ], [ 112.345911343824696, 27.612037463128559 ] ] ] } },
{ "type": "Feature", "properties": { "station_name_original": "Fuxin", "osmid": 4507866480, "english_name": "Fuxin Railway Station", "city": "Fuxin", "province": "Liaoning", "zh_name": "阜新", "name": "阜新", "name:en": "Fuxin", "splitted": null, "degree": 6, "pop": 1377380.6 }, "geometry": { "type": "Polygon", "coordinates": [ [ [ 121.318873027202812, 41.610481638604199 ], [ 120.75535905350165, 43.305407865856012 ], [ 121.191136379401001, 43.132988510990714 ], [ 121.971616208241144, 42.529725032611402 ], [ 121.983062462134328, 42.49948523337801 ], [ 121.968536633018047, 41.743876415176089 ], [ 121.318873027202812, 41.610481638604199 ] ] ] } },
{ "type": "Feature", "properties": { "station_name_original": "Songjiangnan", "osmid": 7160140850, "english_name": "Songjiang South Railway Station", "city": "Shanghai", "province": "Shanghai", "zh_name": null, "name": "上海松江", "name:en": "Shanghai Songjiang", "splitted": null, "degree": 5, "pop": 2960577.5 }, "geometry": { "type": "Polygon", "coordinates": [ [ [ 121.04553719904753, 31.115207471326961 ], [ 121.059043116024455, 31.122253886599474 ], [ 121.150474983508857, 31.142172532492381 ], [ 121.468953739341103, 31.005797108326114 ], [ 121.929553911839434, 30.612576786202325 ], [ 121.589009980626344, 30.515241550892274 ], [ 121.415555500665405, 30.527440341991426 ], [ 121.04553719904753, 31.115207471326961 ] ] ] } },
{ "type": "Feature", "properties": { "station_name_original": "Zhuozhoudong", "osmid": 2753104419, "english_name": "Zhuozhou East Railway Station", "city": "Zhuozhou", "province": "Hebei", "zh_name": "涿州东", "name": "涿州东", "name:en": "Zhuozhou East", "splitted": null, "degree": 5, "pop": 1962008.9 }, "geometry": { "type": "Polygon", "coordinates": [ [ [ 115.58879909656811, 39.803631132305533 ], [ 115.849729992960064, 39.880108599232649 ], [ 116.224973141128558, 39.649162812016669 ], [ 116.371543543732727, 39.531327517588139 ], [ 116.379652180895548, 39.424487979780025 ], [ 116.210487296116867, 39.287420073346169 ], [ 116.142799596710972, 39.280286881125001 ], [ 115.435798436613993, 39.722091658046089 ], [ 115.58879909656811, 39.803631132305533 ] ] ] } },
{ "type": "Feature", "properties": { "station_name_original": "Anqing", "osmid": 7882515905, "english_name": "Anqing Railway Station", "city": "Anqing", "province": "Anhui", "zh_name": "安庆", "name": "安庆", "name:en": "Anqing", "splitted": null, "degree": 1, "pop": 3616952.2 }, "geometry": { "type": "Polygon", "coordinates": [ [ [ 116.107394471620765, 30.676992474863244 ], [ 116.358191133187034, 30.93088671021799 ], [ 116.948052656143375, 31.217133323302924 ], [ 117.086213390577683, 31.19232865825159 ], [ 117.201724872999577, 31.150394525598426 ], [ 117.381846370577776, 29.980767976029881 ], [ 116.91143455187995, 29.911726477274577 ], [ 116.107394471620765, 30.676992474863244 ] ] ] } },
{ "type": "Feature", "properties": { "station_name_original": "Dingzhoudong", "osmid": 8401357513, "english_name": "Dingzhou East Railway Station", "city": "Dingzhou", "province": "Hebei", "zh_name": null, "name": "定州东", "name:en": null, "splitted": null, "degree": 6, "pop": 3389879.0 }, "geometry": { "type": "Polygon", "coordinates": [ [ [ 114.15789399574571, 39.418140851355062 ], [ 114.629074992237449, 39.564361009044838 ], [ 114.65544912025122, 39.564690348851251 ], [ 114.745605418237275, 39.554462659407569 ], [ 115.583093668759844, 38.314397049112017 ], [ 115.545153332234918, 38.283447844263335 ], [ 115.100480464495917, 38.18701106318462 ], [ 114.987949740233816, 38.234417756549703 ], [ 114.15789399574571, 39.418140851355062 ] ] ] } },
{ "type": "Feature", "properties": { "station_name_original": "Jianouxi", "osmid": 9524540936, "english_name": "Jian'ou West Railway Station", "city": "Jian'ou", "province": "Fujian", "zh_name": "建瓯西", "name": "建瓯西", "name:en": null, "splitted": null, "degree": 8, "pop": 1064928.5 }, "geometry": { "type": "Polygon", "coordinates": [ [ [ 118.152974584651574, 26.824393757912542 ], [ 117.849878763717626, 26.929504247633197 ], [ 117.716029356806999, 27.233400613396274 ], [ 118.637080153503945, 27.570275775170316 ], [ 119.159817580039672, 27.738178371123048 ], [ 119.166161539081187, 27.686426713864716 ], [ 118.998356216960957, 27.108022755957492 ], [ 118.558502492677079, 26.818414966345092 ], [ 118.152974584651574, 26.824393757912542 ] ] ] } },
{ "type": "Feature", "properties": { "station_name_original": "Zhaoyang", "osmid": 4507851963, "english_name": "Zhaoyang Railway Station", "city": "Zhaotong", "province": "Yunnan", "zh_name": null, "name": "辽宁朝阳", "name:en": "Liaoning Chaoyang", "splitted": null, "degree": 7, "pop": 1224613.4 }, "geometry": { "type": "Polygon", "coordinates": [ [ [ 119.028892267744794, 43.572247108037111 ], [ 118.285179906261945, 45.433791949411592 ], [ 119.381666794242236, 44.414854244069964 ], [ 120.761198492444919, 41.304641806611741 ], [ 120.687335013108921, 41.213838971204638 ], [ 120.454558836858141, 41.117510428929606 ], [ 119.028892267744794, 43.572247108037111 ] ] ] } },
{ "type": "Feature", "properties": { "station_name_original": "Gaobeidiandong", "osmid": 2753105922, "english_name": "Gaobeidian East Railway Station", "city": "Gaobeidian", "province": "Hebei", "zh_name": "高碑店东", "name": "高碑店东", "name:en": "Gaobeidian East", "splitted": null, "degree": 6, "pop": 1288341.2 }, "geometry": { "type": "Polygon", "coordinates": [ [ [ 115.463361583875255, 39.32342366025437 ], [ 115.112574369615388, 39.608532078412466 ], [ 115.435798436613993, 39.722091658046089 ], [ 116.142799596710972, 39.280286881125001 ], [ 115.971333031693106, 39.156301995615983 ], [ 115.463361583875255, 39.32342366025437 ] ] ] } },
{ "type": "Feature", "properties": { "station_name_original": "Minquanbei", "osmid": 3311797080, "english_name": "Minquan North Railway Station", "city": "Minquan", "province": "Henan", "zh_name": "民权北", "name": "民权北", "name:en": "Minquanbei", "splitted": null, "degree": 7, "pop": 6327060.5 }, "geometry": { "type": "Polygon", "coordinates": [ [ [ 115.274071578173888, 35.608991119235846 ], [ 115.748029519384147, 35.85099184303651 ], [ 115.79535168415164, 35.792895007706825 ], [ 115.885732485950683, 35.602128382622872 ], [ 115.199907955794004, 34.080397833636006 ], [ 115.178536146164106, 34.059521573675589 ], [ 115.085138631744684, 34.099462285535743 ], [ 114.852103891907717, 34.252825581285379 ], [ 115.274071578173888, 35.608991119235846 ] ] ] } },
{ "type": "Feature", "properties": { "station_name_original": "Lanzhouxi", "osmid": 3481086575, "english_name": "Lanzhou West Railway Station", "city": "Lanzhou", "province": "Gansu", "zh_name": "兰州西", "name": "兰州西", "name:en": "Lanzhouxi", "splitted": null, "degree": 5, "pop": 10217740.0 }, "geometry": { "type": "Polygon", "coordinates": [ [ [ 73.8932495, 75.956363 ], [ 78.723933855511362, 75.956363 ], [ 106.075471889449119, 39.293258457184734 ], [ 102.936833979439513, 33.611397713160358 ], [ 101.631348489060102, 33.301109755437047 ], [ 101.328277575737616, 33.261696492305283 ], [ 100.921686390635301, 33.219573968000894 ], [ 99.004724347154877, 33.162105896868049 ], [ 96.914958938256547, 33.116619431828347 ], [ 73.8932495, 34.126432679498613 ], [ 73.8932495, 75.956363 ] ] ] } },
{ "type": "Feature", "properties": { "station_name_original": "Nanningdong", "osmid": 4018271167, "english_name": "Nanning East Railway Station", "city": "Nanning", "province": "Guangxi", "zh_name": "南宁东", "name": "火车东站", "name:en": "Nanning East Railway Station", "splitted": null, "degree": 6, "pop": 2249700.2 }, "geometry": { "type": "Polygon", "coordinates": [ [ [ 109.134764324234411, 22.337505215581196 ], [ 108.485015954626761, 22.003095464242314 ], [ 108.208583748362187, 23.860321812104488 ], [ 108.368391127319654, 23.714747494136997 ], [ 109.134764324234411, 22.337505215581196 ] ] ] } },
{ "type": "Feature", "properties": { "station_name_original": "Ninghai", "osmid": 7714110159, "english_name": "Ninghai Railway Station", "city": "Ninghai", "province": "Zhejiang", "zh_name": "宁海", "name": "宁海", "name:en": "Ninghai", "splitted": null, "degree": 6, "pop": 1052705.1 }, "geometry": { "type": "Polygon", "coordinates": [ [ [ 120.73485533822533, 29.335620904948509 ], [ 120.75572977527878, 29.401634412514898 ], [ 120.956300025701182, 29.559761196085208 ], [ 123.246070329000602, 29.203642109206108 ], [ 125.346151355667303, 28.731697971326827 ], [ 122.903435337257164, 28.895966829022449 ], [ 120.773556827673545, 29.320993835618626 ], [ 120.73485533822533, 29.335620904948509 ] ] ] } },
{ "type": "Feature", "properties": { "station_name_original": "Baojinan", "osmid": 7276282773, "english_name": "Baoji South Railway Station", "city": "Baoji", "province": "Shaanxi", "zh_name": "宝鸡南", "name": "宝鸡南", "name:en": "Baoji South", "splitted": null, "degree": 6, "pop": 3332048.0 }, "geometry": { "type": "Polygon", "coordinates": [ [ [ 107.238384267726005, 37.041257789425075 ], [ 107.595250054884943, 37.857515971282673 ], [ 107.954444683480844, 37.708397869764624 ], [ 107.333963788161867, 33.771868717613202 ], [ 107.300616535562241, 33.76311156730371 ], [ 106.960526866380533, 33.741345796054709 ], [ 106.443371461371584, 33.825553242051015 ], [ 106.676291492657967, 35.313178023864985 ], [ 107.238384267726005, 37.041257789425075 ] ] ] } },
{ "type": "Feature", "properties": { "station_name_original": "Shaoxingdong", "osmid": 5382282762, "english_name": "Shaoxing East Railway Station", "city": "Shaoxing", "province": "Zhejiang", "zh_name": "绍兴东", "name": "绍兴东", "name:en": "Shaoxingdong", "splitted": null, "degree": 4, "pop": 1805892.6 }, "geometry": { "type": "Polygon", "coordinates": [ [ [ 120.75572977527878, 29.401634412514898 ], [ 120.631361807034651, 29.655461775398351 ], [ 120.722381411196551, 30.30788772459632 ], [ 120.838552929420814, 30.376605825994545 ], [ 120.963624624366133, 30.387118242549214 ], [ 121.058130897564681, 29.705632913633512 ], [ 120.956300025701182, 29.559761196085208 ], [ 120.75572977527878, 29.401634412514898 ] ] ] } },
{ "type": "Feature", "properties": { "station_name_original": "Gaomibei", "osmid": 5285771422, "english_name": "Gaomi North Railway Station", "city": "Gaomi", "province": "Shandong", "zh_name": "高密北", "name": "高密北", "name:en": "Gomi North", "splitted": null, "degree": 8, "pop": 1746028.5 }, "geometry": { "type": "Polygon", "coordinates": [ [ [ 119.890551483981525, 37.509371304103738 ], [ 119.944536286169779, 37.388457998494289 ], [ 120.067006799758431, 36.794939339674471 ], [ 119.906191078423888, 36.434789037257445 ], [ 119.413307028699009, 36.5045625686516 ], [ 119.890551483981525, 37.509371304103738 ] ] ] } },
{ "type": "Feature", "properties": { "station_name_original": "Xinhuanan", "osmid": 2953780254, "english_name": "Xinhua South Railway Station", "city": "Xinhua", "province": "Hunan", "zh_name": "新化南", "name": "新化南", "name:en": "Xinhua South", "splitted": null, "degree": 6, "pop": 2380799.5 }, "geometry": { "type": "Polygon", "coordinates": [ [ [ 110.887366045174943, 27.454759501861272 ], [ 110.736926599814154, 29.157370473740045 ], [ 110.851916139631157, 29.188034993530962 ], [ 110.94102485498361, 29.181806012146495 ], [ 111.569365210484818, 29.045585823935561 ], [ 111.572810283177731, 28.661024543354657 ], [ 111.28823147983141, 27.453537208795172 ], [ 111.065322451893778, 27.410852224116862 ], [ 110.887366045174943, 27.454759501861272 ] ] ] } },
{ "type": "Feature", "properties": { "station_name_original": "Wuwei", "osmid": 7243088379, "english_name": "Wuwei Railway Station", "city": "Wuwei", "province": "Anhui", "zh_name": "无为", "name": "无为", "name:en": "Wuwei", "splitted": null, "degree": 6, "pop": 709464.5 }, "geometry": { "type": "Polygon", "coordinates": [ [ [ 117.838360189592535, 31.133817977806366 ], [ 117.497955515874708, 31.22878445299423 ], [ 117.655846342886846, 31.423646484087222 ], [ 118.157972820164247, 31.493165786167872 ], [ 118.175317564424205, 31.324542826458277 ], [ 118.169236655251041, 31.279774568081873 ], [ 118.032316792967634, 31.168633772764032 ], [ 117.838360189592535, 31.133817977806366 ] ] ] } },
{ "type": "Feature", "properties": { "station_name_original": "Yuhang", "osmid": 9866117271, "english_name": "Yuhang Railway Station", "city": "Hangzhou", "province": "Zhejiang", "zh_name": null, "name": "火车西站", "name:en": "West Railway Station", "splitted": null, "degree": 6, "pop": 1981780.2 }, "geometry": { "type": "Polygon", "coordinates": [ [ [ 119.406611914159996, 30.270237577911377 ], [ 119.349035624409836, 30.351574249272307 ], [ 119.285563104706426, 30.627934619492876 ], [ 119.363879095428373, 30.622984978013736 ], [ 120.098206554672672, 30.399798879899539 ], [ 120.096084343940376, 30.330733080572458 ], [ 120.046792641366736, 30.153162377123376 ], [ 119.656603396323789, 30.145149865736382 ], [ 119.406611914159996, 30.270237577911377 ] ] ] } },
{ "type": "Feature", "properties": { "station_name_original": "Minchinan", "osmid": 742843780, "english_name": "Minqing South Railway Station", "city": "Minqing", "province": "Fujian", "zh_name": null, "name": "渑池南", "name:en": "Mianchi South", "splitted": null, "degree": 8, "pop": 1801955.4 }, "geometry": { "type": "Polygon", "coordinates": [ [ [ 111.340686048902796, 33.483497521553247 ], [ 111.337408064823734, 33.516317825866295 ], [ 111.493648540071618, 35.032377603929156 ], [ 111.741425997965635, 35.258865942188031 ], [ 112.226282027408374, 35.516406307987914 ], [ 111.984291438343419, 33.702879808336533 ], [ 111.739494419341597, 33.577542910859215 ], [ 111.340686048902796, 33.483497521553247 ] ] ] } },
{ "type": "Feature", "properties": { "station_name_original": "Fuyang", "osmid": 5907956116, "english_name": "Fuyang Railway Station", "city": "Fuyang", "province": "Anhui", "zh_name": "阜阳", "name": "富阳", "name:en": "Fuyang", "splitted": null, "degree": 4, "pop": 844554.44 }, "geometry": { "type": "Polygon", "coordinates": [ [ [ 119.956046136933608, 29.776241436574374 ], [ 119.656603396323789, 30.145149865736382 ], [ 120.046792641366736, 30.153162377123376 ], [ 120.257174672585123, 29.988144216012643 ], [ 119.956046136933608, 29.776241436574374 ] ] ] } },
{ "type": "Feature", "properties": { "station_name_original": "Baiyangdian", "osmid": 9269060395, "english_name": "Baiyangdian Railway Station", "city": "Anxin", "province": "Hebei", "zh_name": "白洋淀", "name": "白洋淀", "name:en": null, "splitted": null, "degree": 8, "pop": 902603.5 }, "geometry": { "type": "Polygon", "coordinates": [ [ [ 116.016459867540533, 38.588007401835597 ], [ 115.463361583875255, 39.32342366025437 ], [ 115.971333031693106, 39.156301995615983 ], [ 116.016459867540533, 38.588007401835597 ] ] ] } },
{ "type": "Feature", "properties": { "station_name_original": "Yangquanbei", "osmid": 2505163524, "english_name": "Yangquan North Railway Station", "city": "Yangquan", "province": "Shanxi", "zh_name": "阳泉北", "name": "阳泉北", "name:en": "Yangquanbei", "splitted": null, "degree": 2, "pop": 1976966.9 }, "geometry": { "type": "Polygon", "coordinates": [ [ [ 113.051594837823743, 37.866940969431099 ], [ 112.969805662550527, 38.076156376059416 ], [ 113.210789503586184, 38.623018247783676 ], [ 113.861365217638934, 39.418508518549466 ], [ 113.93733039406969, 39.390062332125957 ], [ 114.015920041866991, 38.659875752640978 ], [ 113.924845981157574, 37.752708791163208 ], [ 113.707339443647683, 37.262867878201554 ], [ 113.504151225752693, 37.033502110866358 ], [ 113.489241732839901, 37.054253026343815 ], [ 113.051594837823743, 37.866940969431099 ] ] ] } },
{ "type": "Feature", "properties": { "station_name_original": "Deyang", "osmid": 2099675139, "english_name": "Deyang Railway Station", "city": "Deyang", "province": "Sichuan", "zh_name": "德阳", "name": "德阳", "name:en": "Deyang", "splitted": null, "degree": 6, "pop": 1589231.6 }, "geometry": { "type": "Polygon", "coordinates": [ [ [ 103.75162397324128, 31.987311606343258 ], [ 104.848147660871263, 30.825593426897246 ], [ 104.722803066964246, 30.805630704920489 ], [ 101.328277575737616, 33.261696492305283 ], [ 101.631348489060102, 33.301109755437047 ], [ 103.75162397324128, 31.987311606343258 ] ] ] } },
{ "type": "Feature", "properties": { "station_name_original": "Xiaoganbei", "osmid": 9263921398, "english_name": "Xiaogan North Railway Station", "city": "Xiaogan", "province": "Hubei", "zh_name": "孝感北", "name": "孝感北", "name:en": "Xiaogan North", "splitted": null, "degree": 5, "pop": 1235905.6 }, "geometry": { "type": "Polygon", "coordinates": [ [ [ 114.053599531787583, 31.272727636653602 ], [ 113.987675929252973, 31.326077390425858 ], [ 113.790098772114376, 31.665267949978304 ], [ 113.802173056192473, 31.824748513571802 ], [ 114.888200813559209, 31.944696597668642 ], [ 114.624876991160804, 31.440842726397232 ], [ 114.262403936755945, 31.185193558568248 ], [ 114.053599531787583, 31.272727636653602 ] ] ] } },
{ "type": "Feature", "properties": { "station_name_original": "Lingbaoxi", "osmid": 7238008797, "english_name": "Lingbao West Railway Station", "city": "Lingbao", "province": "Henan", "zh_name": "灵宝西", "name": "灵宝西", "name:en": "Lingbaoxi", "splitted": null, "degree": 6, "pop": 1758033.6 }, "geometry": { "type": "Polygon", "coordinates": [ [ [ 110.371811704118954, 32.711654616252147 ], [ 110.389472501569415, 34.708030159536676 ], [ 110.71952841171634, 34.901831552065559 ], [ 110.861347830342908, 34.821693036425685 ], [ 111.337408064823734, 33.516317825866295 ], [ 111.340686048902796, 33.483497521553247 ], [ 110.371811704118954, 32.711654616252147 ] ] ] } },
{ "type": "Feature", "properties": { "station_name_original": "Huludaobei", "osmid": 1582507182, "english_name": "Huludao North Railway Station", "city": "Huludao", "province": "Liaoning", "zh_name": "葫芦岛北", "name": "葫芦岛北", "name:en": "Huludaobei", "splitted": null, "degree": 9, "pop": 1217789.8 }, "geometry": { "type": "Polygon", "coordinates": [ [ [ 120.233672136601399, 40.883903701705854 ], [ 120.454558836858141, 41.117510428929606 ], [ 120.687335013108921, 41.213838971204638 ], [ 121.36224367046907, 40.315885196392983 ], [ 121.325904719223715, 40.228707950388554 ], [ 121.059028456125716, 39.964559880046181 ], [ 120.233672136601399, 40.883903701705854 ] ] ] } },
{ "type": "Feature", "properties": { "station_name_original": "Qingzhoushibei", "osmid": 5322560852, "english_name": "Qingzhou City North Railway Station", "city": "Qingzhou", "province": "Shandong", "zh_name": "青州市北", "name": "青州市北", "name:en": "Qingzhoushibei", "splitted": null, "degree": 7, "pop": 1338039.4 }, "geometry": { "type": "Polygon", "coordinates": [ [ [ 118.897188924491232, 38.282194207707946 ], [ 118.966485888343925, 38.305731150758774 ], [ 118.903270605360206, 37.204278932497282 ], [ 118.65042194108095, 36.657483664177356 ], [ 118.461488783795545, 36.893262588189643 ], [ 118.897188924491232, 38.282194207707946 ] ] ] } },
{ "type": "Feature", "properties": { "station_name_original": "Jilin", "osmid": 7923463054, "english_name": "Jilin Railway Station", "city": "Jilin", "province": "Jilin", "zh_name": "吉林", "name": "吉林", "name:en": "Jilin", "splitted": null, "degree": 5, "pop": 3119186.2 }, "geometry": { "type": "Polygon", "coordinates": [ [ [ 125.927437938675638, 42.580967765046069 ], [ 126.036674846648438, 43.295214809763188 ], [ 127.006034176620417, 44.576687940844216 ], [ 127.066541966041711, 44.538388061939507 ], [ 126.501379617398968, 41.388551876978255 ], [ 126.228028913132363, 41.548875284736617 ], [ 126.141114012894789, 41.604264887902829 ], [ 125.927437938675638, 42.580967765046069 ] ] ] } },
{ "type": "Feature", "properties": { "station_name_original": "Jinshanbei", "osmid": 2597030792, "english_name": "Jinshan North Railway Station", "city": "Shanghai", "province": "Shanghai", "zh_name": "金山北", "name": "金山北", "name:en": "Jinshan North", "splitted": null, "degree": 6, "pop": 729558.0 }, "geometry": { "type": "Polygon", "coordinates": [ [ [ 120.847445507447645, 31.074989352045186 ], [ 120.950012735893239, 31.105927991635046 ], [ 121.04553719904753, 31.115207471326961 ], [ 121.415555500665405, 30.527440341991426 ], [ 121.23978063745335, 30.510019849991121 ], [ 120.847445507447645, 31.074989352045186 ] ] ] } },
{ "type": "Feature", "properties": { "station_name_original": "Pingyang", "osmid": 7714110147, "english_name": "Pingyang Railway Station", "city": "Pingyang", "province": "Zhejiang", "zh_name": "平阳", "name": "平阳", "name:en": "Pingyang", "splitted": null, "degree": 3, "pop": 1174698.8 }, "geometry": { "type": "Polygon", "coordinates": [ [ [ 121.824859824466756, 27.085125828309323 ], [ 122.873303512799083, 26.265080200389274 ], [ 123.035339472951947, 26.127576879571482 ], [ 124.700781232272234, 24.601240798098161 ], [ 120.842705782329986, 27.082195687229792 ], [ 120.345954381245079, 27.754335663265998 ], [ 121.151737887487187, 27.547152794239992 ], [ 121.824859824466756, 27.085125828309323 ] ] ] } },
{ "type": "Feature", "properties": { "station_name_original": "Haichengxi", "osmid": 2747847515, "english_name": "Haicheng West Railway Station", "city": "Haicheng", "province": "Liaoning", "zh_name": "海城西", "name": "海城西", "name:en": "Haichengxi", "splitted": null, "degree": 12, "pop": 1007922.2 }, "geometry": { "type": "Polygon", "coordinates": [ [ [ 122.991579560618945, 40.405456383256634 ], [ 122.307980281583241, 40.952812022037939 ], [ 122.382908252069313, 41.110404076456433 ], [ 122.62191172134159, 41.213516329452389 ], [ 123.187078233412478, 40.509089579878669 ], [ 122.991579560618945, 40.405456383256634 ] ] ] } },
{ "type": "Feature", "properties": { "station_name_original": "Guangzhoubei", "osmid": 5250585004, "english_name": "Guangzhou North Railway Station", "city": "Guangzhou", "province": "Guangdong", "zh_name": "广州北", "name": "广州北站", "name:en": "Guangzhou North Railway Station", "splitted": null, "degree": 4, "pop": 5983932.5 }, "geometry": { "type": "Polygon", "coordinates": [ [ [ 112.888761490484796, 23.42611152726084 ], [ 112.873573753431799, 23.476717285869928 ], [ 113.796290543930809, 23.670957204420869 ], [ 113.960254642373414, 23.6398491460636 ], [ 113.944595194934735, 23.58784485082175 ], [ 113.592483193219067, 23.267241243177548 ], [ 113.538123423172664, 23.236394076660623 ], [ 113.200693515436129, 23.180424717762527 ], [ 112.988672224878457, 23.300663422270301 ], [ 112.888761490484796, 23.42611152726084 ] ] ] } },
{ "type": "Feature", "properties": { "station_name_original": "Tonglu", "osmid": 5907959824, "english_name": "Tonglu Railway Station", "city": "Tonglu", "province": "Zhejiang", "zh_name": "桐庐", "name": "桐庐", "name:en": "Tonglu", "splitted": null, "degree": 4, "pop": 584577.19 }, "geometry": { "type": "Polygon", "coordinates": [ [ [ 119.447231854250418, 29.863304540754928 ], [ 119.406611914159996, 30.270237577911377 ], [ 119.656603396323789, 30.145149865736382 ], [ 119.956046136933608, 29.776241436574374 ], [ 119.935462479832978, 29.625769527075864 ], [ 119.727881009146088, 29.468237803099662 ], [ 119.447231854250418, 29.863304540754928 ] ] ] } },
{ "type": "Feature", "properties": { "station_name_original": "Tianshuinan", "osmid": 3682237011, "english_name": "Tianshui South Railway Station", "city": "Tianshui", "province": "Gansu", "zh_name": null, "name": "天水南", "name:en": "Tianshui South", "splitted": null, "degree": 6, "pop": 2838650.5 }, "geometry": { "type": "Polygon", "coordinates": [ [ [ 104.536924151629393, 33.602336139312229 ], [ 104.243067600256722, 33.667269461466809 ], [ 104.346799694725149, 33.762592855554466 ], [ 106.676291492657967, 35.313178023864985 ], [ 106.443371461371584, 33.825553242051015 ], [ 106.363500576954124, 33.761287813032418 ], [ 105.725732531139741, 33.601494401744397 ], [ 105.036299852131748, 33.520566023015419 ], [ 104.536924151629393, 33.602336139312229 ] ] ] } },
{ "type": "Feature", "properties": { "station_name_original": "Gaoan", "osmid": 2828212883, "english_name": "Gao'an Railway Station", "city": "Gao'an", "province": "Jiangxi", "zh_name": "高安", "name": "高安", "name:en": "Gao'an", "splitted": null, "degree": 4, "pop": 1272358.1 }, "geometry": { "type": "Polygon", "coordinates": [ [ [ 114.40440749067605, 28.833697931518248 ], [ 114.464921552695486, 28.904713751415642 ], [ 114.699386716923797, 29.082757829084986 ], [ 114.963236881041851, 29.12175360219074 ], [ 115.06033931369376, 29.119922137589 ], [ 115.234909850722602, 29.031687596096322 ], [ 115.474598570259289, 28.843385249677514 ], [ 115.643240194430334, 28.391742882135066 ], [ 115.53560746438967, 28.241604300470836 ], [ 115.230741543856496, 28.111511855114678 ], [ 114.40440749067605, 28.833697931518248 ] ] ] } },
{ "type": "Feature", "properties": { "station_name_original": "Qidong", "osmid": 5141988543, "english_name": "Qidong Railway Station", "city": "Qidong", "province": "Jiangsu", "zh_name": null, "name": "祁东", "name:en": "Qidong", "splitted": null, "degree": 4, "pop": 968275.75 }, "geometry": { "type": "Polygon", "coordinates": [ [ [ 112.429227714388517, 26.6057035083278 ], [ 112.244120367034355, 26.218183948640888 ], [ 111.786303293579238, 26.932610901144823 ], [ 112.172705952635027, 26.986863595070581 ], [ 112.429227714388517, 26.6057035083278 ] ] ] } },
{ "type": "Feature", "properties": { "station_name_original": "Miluodong", "osmid": 8396912755, "english_name": "Miluo East Railway Station", "city": "Miluo", "province": "Hunan", "zh_name": "汨罗东", "name": "汨罗东", "name:en": "Miluo East", "splitted": null, "degree": 5, "pop": 3525086.0 }, "geometry": { "type": "Polygon", "coordinates": [ [ [ 112.551679404476332, 28.520518347955647 ], [ 111.785900944069084, 29.052619905078959 ], [ 112.007754197871563, 29.179708980199806 ], [ 113.851838309253154, 28.987812445803073 ], [ 114.148178552089732, 28.761507901586164 ], [ 113.99334820884394, 28.552193935687932 ], [ 113.789643114101011, 28.416940743089679 ], [ 113.685499493635476, 28.372976747397736 ], [ 112.551679404476332, 28.520518347955647 ] ] ] } },
{ "type": "Feature", "properties": { "station_name_original": "Leqing", "osmid": 7714110151, "english_name": "Leqing Railway Station", "city": "Leqing", "province": "Zhejiang", "zh_name": "乐清", "name": "乐清", "name:en": "Yueqing", "splitted": null, "degree": 5, "pop": 1366889.2 }, "geometry": { "type": "Polygon", "coordinates": [ [ [ 121.151737887487187, 27.547152794239992 ], [ 120.795799656579774, 27.859120399306651 ], [ 120.745983840968336, 28.349746367769161 ], [ 121.824859824466756, 27.085125828309323 ], [ 121.151737887487187, 27.547152794239992 ] ] ] } },
{ "type": "Feature", "properties": { "station_name_original": "Dangshannan", "osmid": 7232690207, "english_name": "Dangshan South Railway Station", "city": "Dangshan", "province": "Anhui", "zh_name": "砀山南", "name": "砀山南", "name:en": null, "splitted": null, "degree": 8, "pop": 4019738.2 }, "geometry": { "type": "Polygon", "coordinates": [ [ [ 116.024352911763586, 34.236166736489132 ], [ 115.990478404901367, 34.588555403621903 ], [ 116.062178251698697, 35.377698240389904 ], [ 116.530349049401849, 35.070785366265838 ], [ 116.696425154519218, 34.845585544297151 ], [ 116.724921760886289, 34.773174170707911 ], [ 116.703970464705392, 34.683715853555185 ], [ 116.176675363686911, 34.008137946209544 ], [ 116.024352911763586, 34.236166736489132 ] ] ] } },
{ "type": "Feature", "properties": { "station_name_original": "Shaoyangbei", "osmid": 2953774880, "english_name": "Shaoyang North Railway Station", "city": "Shaoyang", "province": "Hunan", "zh_name": "邵阳北", "name": "邵阳北", "name:en": "Shaoyang North", "splitted": null, "degree": 7, "pop": 1163714.1 }, "geometry": { "type": "Polygon", "coordinates": [ [ [ 111.34597414345879, 27.412467621396434 ], [ 111.28823147983141, 27.453537208795172 ], [ 111.572810283177731, 28.661024543354657 ], [ 111.754852439369969, 27.615404389553706 ], [ 111.752324349010564, 27.534439232712344 ], [ 111.569035082869661, 27.385702967993627 ], [ 111.34597414345879, 27.412467621396434 ] ] ] } },
{ "type": "Feature", "properties": { "station_name_original": "Wuyishanbei", "osmid": 7726025998, "english_name": "Wuyishan North Railway Station", "city": "Wuyishan", "province": "Fujian", "zh_name": "武夷山北", "name": "武夷山北", "name:en": "Wuyishanbei", "splitted": null, "degree": 10, "pop": 350589.66 }, "geometry": { "type": "Polygon", "coordinates": [ [ [ 117.541075390853536, 27.908911038229434 ], [ 117.644869144810471, 28.007366155453301 ], [ 118.792572589053506, 28.005789132822557 ], [ 119.169270201702389, 27.779087865403739 ], [ 119.159817580039672, 27.738178371123048 ], [ 118.637080153503945, 27.570275775170316 ], [ 117.541075390853536, 27.908911038229434 ] ] ] } },
{ "type": "Feature", "properties": { "station_name_original": "Gaomi", "osmid": 2333425137, "english_name": "Gaomi Railway Station", "city": "Gaomi", "province": "Shandong", "zh_name": "高密", "name": "高密", "name:en": "Gaomi", "splitted": null, "degree": 8, "pop": 1213560.8 }, "geometry": { "type": "Polygon", "coordinates": [ [ [ 119.214032139011181, 36.072426767433051 ], [ 119.402250928516992, 36.48883173753547 ], [ 119.413307028699009, 36.5045625686516 ], [ 119.906191078423888, 36.434789037257445 ], [ 119.908268661275244, 36.167144368084131 ], [ 119.588522118029104, 36.044937538889855 ], [ 119.214032139011181, 36.072426767433051 ] ] ] } },
{ "type": "Feature", "properties": { "station_name_original": "Liuzhou", "osmid": 7691165939, "english_name": "Liuzhou Railway Station", "city": "Liuzhou", "province": "Guangxi", "zh_name": "柳州", "name": "柳州", "name:en": "Liuzhou", "splitted": null, "degree": 6, "pop": 4017816.0 }, "geometry": { "type": "Polygon", "coordinates": [ [ [ 107.787582420521431, 24.567366328302519 ], [ 108.697878848247512, 25.017786573978192 ], [ 108.816101005100251, 25.037941602384617 ], [ 110.29275565976603, 23.855598282989927 ], [ 110.125539634396432, 23.824344557469203 ], [ 107.66961498506268, 24.453064154608501 ], [ 107.787582420521431, 24.567366328302519 ] ] ] } },
{ "type": "Feature", "properties": { "station_name_original": "Dehuixi", "osmid": 3878763459, "english_name": "Dehui West Railway Station", "city": "Dehui", "province": "Jilin", "zh_name": "德惠西", "name": "德惠西", "name:en": "Dehuixi", "splitted": null, "degree": 5, "pop": 2017873.8 }, "geometry": { "type": "Polygon", "coordinates": [ [ [ 124.27740331359611, 45.225897570506802 ], [ 124.432690616714638, 45.269216047078643 ], [ 124.985350090651266, 45.374926222521324 ], [ 126.233454480881804, 44.492302073140181 ], [ 126.074242989488496, 44.283883287733303 ], [ 125.439279457931192, 44.256642429404174 ], [ 125.105148938440081, 44.442229129821094 ], [ 124.098970154664968, 45.159079708729372 ], [ 124.27740331359611, 45.225897570506802 ] ] ] } },
{ "type": "Feature", "properties": { "station_name_original": "Yanglingnan", "osmid": 2691462623, "english_name": "Yangling South Railway Station", "city": "Yangling", "province": "Shaanxi", "zh_name": "杨凌南", "name": "杨陵南", "name:en": "Yanglingnan", "splitted": null, "degree": 4, "pop": 2849852.5 }, "geometry": { "type": "Polygon", "coordinates": [ [ [ 107.811519157041488, 33.897237837041196 ], [ 107.973457971919728, 37.446887705373499 ], [ 108.392323719521329, 34.277154742081891 ], [ 108.27478052641041, 33.85484819342782 ], [ 107.811519157041488, 33.897237837041196 ] ] ] } },
{ "type": "Feature", "properties": { "station_name_original": "Yantainan", "osmid": 3315767559, "english_name": "Yantai South Railway Station", "city": "Yantai", "province": "Shandong", "zh_name": "烟台南", "name": "烟台南", "name:en": "Yantainan", "splitted": null, "degree": 8, "pop": 627286.31 }, "geometry": { "type": "Polygon", "coordinates": [ [ [ 121.505079465256813, 37.052709162195384 ], [ 121.13201407051389, 37.46859617694755 ], [ 121.518900568532459, 37.500798314438192 ], [ 121.505079465256813, 37.052709162195384 ] ] ] } },
{ "type": "Feature", "properties": { "station_name_original": "Weihai", "osmid": 1565198993, "english_name": "Weihai Railway Station", "city": "Weihai", "province": "Shandong", "zh_name": "威海", "name": "威海", "name:en": "Weihai", "splitted": null, "degree": 5, "pop": 616756.94 }, "geometry": { "type": "Polygon", "coordinates": [ [ [ 121.893854173861854, 37.146172513917087 ], [ 121.893623141175922, 37.188954346619369 ], [ 122.827368261637062, 38.47555370478684 ], [ 123.350695093725975, 38.295303268388267 ], [ 122.569150341446843, 37.564163480822451 ], [ 121.893854173861854, 37.146172513917087 ] ] ] } },
{ "type": "Feature", "properties": { "station_name_original": "Chaohudong", "osmid": 9242148036, "english_name": "Chaohu East Railway Station", "city": "Chaohu", "province": "Anhui", "zh_name": "巢湖东", "name": "巢湖东", "name:en": null, "splitted": null, "degree": 6, "pop": 971430.12 }, "geometry": { "type": "Polygon", "coordinates": [ [ [ 117.655846342886846, 31.423646484087222 ], [ 117.776841733497633, 32.089949629110059 ], [ 117.789568985629941, 32.091060369364143 ], [ 118.21761939862931, 31.74545616047245 ], [ 118.227560598906877, 31.663161571188809 ], [ 118.221904177186161, 31.603224893411763 ], [ 118.157972820164247, 31.493165786167872 ], [ 117.655846342886846, 31.423646484087222 ] ] ] } },
{ "type": "Feature", "properties": { "station_name_original": "Suzhouyuanqu", "osmid": 9242148028, "english_name": "Suzhou Industrial Park Railway Station", "city": "Suzhou", "province": "Jiangsu", "zh_name": "苏州园区", "name": "苏州园区", "name:en": null, "splitted": null, "degree": 7, "pop": 1077416.8 }, "geometry": { "type": "Polygon", "coordinates": [ [ [ 120.687991888549746, 31.012849015794899 ], [ 120.653676596671758, 31.366839680997696 ], [ 120.758397116754367, 31.45215231175478 ], [ 120.836678835324406, 31.15420727584592 ], [ 120.840796228945379, 31.075160555060346 ], [ 120.687991888549746, 31.012849015794899 ] ] ] } },
{ "type": "Feature", "properties": { "station_name_original": "Leiyangxi", "osmid": 8393714002, "english_name": "Leiyang West Railway Station", "city": "Leiyang", "province": "Hunan", "zh_name": "耒阳西", "name": "耒阳西", "name:en": "Leiyangxi", "splitted": null, "degree": 8, "pop": 3093209.5 }, "geometry": { "type": "Polygon", "coordinates": [ [ [ 112.177724340495558, 25.892162609298264 ], [ 112.244120367034355, 26.218183948640888 ], [ 112.429227714388517, 26.6057035083278 ], [ 112.432970100395281, 26.607994527259788 ], [ 113.614731109000985, 26.800560591677513 ], [ 113.801571016711975, 26.6447101983611 ], [ 113.818511541456232, 26.331064573498182 ], [ 112.177724340495558, 25.892162609298264 ] ] ] } },
{ "type": "Feature", "properties": { "station_name_original": "Dalian", "osmid": 10751695362, "english_name": "Dalian Railway Station", "city": "Dalian", "province": "Liaoning", "zh_name": "大连", "name": "大连站", "name:en": "Dalian Railway Station", "splitted": null, "degree": 8, "pop": 2223828.5 }, "geometry": { "type": "Polygon", "coordinates": [ [ [ 120.172153256464924, 38.558777809970792 ], [ 120.218466727721534, 38.638939933395896 ], [ 121.909893190487267, 39.03820864286525 ], [ 122.663530033113176, 38.697723363550281 ], [ 122.791469452368517, 38.489840356451175 ], [ 121.762570522779839, 38.188064558750511 ], [ 120.138973850861603, 38.479656045582622 ], [ 120.172153256464924, 38.558777809970792 ] ] ] } },
{ "type": "Feature", "properties": { "station_name_original": "Qiyang", "osmid": 3975677440, "english_name": "Qiyang Railway Station", "city": "Qiyang", "province": "Hunan", "zh_name": "祁阳", "name": "祁阳", "name:en": "Qiyang", "splitted": null, "degree": 3, "pop": 950374.56 }, "geometry": { "type": "Polygon", "coordinates": [ [ [ 112.177724340495558, 25.892162609298264 ], [ 112.121390126212745, 25.818728539584516 ], [ 111.516093080066113, 26.83756995975487 ], [ 111.667126924728038, 26.930312742658725 ], [ 111.757596488412446, 26.941703109978519 ], [ 111.786303293579238, 26.932610901144823 ], [ 112.244120367034355, 26.218183948640888 ], [ 112.177724340495558, 25.892162609298264 ] ] ] } },
{ "type": "Feature", "properties": { "station_name_original": "Huizhounan", "osmid": 10787152718, "english_name": "Huizhou South Railway Station", "city": "Huizhou", "province": "Guangdong", "zh_name": "惠州南", "name": "惠州南", "name:en": "Huizhou South", "splitted": null, "degree": 9, "pop": 4676784.0 }, "geometry": { "type": "Polygon", "coordinates": [ [ [ 113.944595194934735, 23.58784485082175 ], [ 113.960254642373414, 23.6398491460636 ], [ 114.50505363742802, 24.159407128324936 ], [ 114.727172927646507, 24.278993452851999 ], [ 114.852586225431693, 24.094383639046214 ], [ 114.552772808843343, 22.782404769507732 ], [ 114.152526217323484, 22.961025782192788 ], [ 114.005578777328992, 23.240574995570228 ], [ 113.944595194934735, 23.58784485082175 ] ] ] } },
{ "type": "Feature", "properties": { "station_name_original": "Linhai", "osmid": 7714110157, "english_name": "Linhai Railway Station", "city": "Linhai", "province": "Zhejiang", "zh_name": "临海", "name": "临海", "name:en": "Linhai", "splitted": null, "degree": 6, "pop": 1389743.0 }, "geometry": { "type": "Polygon", "coordinates": [ [ [ 120.658292825618062, 28.71221330943127 ], [ 120.630716676939727, 28.874321872574502 ], [ 120.62541613302993, 29.094506161306626 ], [ 120.714645255053952, 29.310271345580531 ], [ 120.73485533822533, 29.335620904948509 ], [ 120.773556827673545, 29.320993835618626 ], [ 121.467434800234543, 28.859519068603941 ], [ 121.075636779964356, 28.641308264530696 ], [ 121.058193194869474, 28.637833778051601 ], [ 120.678963050216666, 28.704493561195463 ], [ 120.658292825618062, 28.71221330943127 ] ] ] } },
{ "type": "Feature", "properties": { "station_name_original": "Zouping", "osmid": 9255881285, "english_name": "Zouping Railway Station", "city": "Zouping", "province": "Shandong", "zh_name": "邹平", "name": "邹平", "name:en": "Zouping", "splitted": null, "degree": 6, "pop": 1539281.9 }, "geometry": { "type": "Polygon", "coordinates": [ [ [ 117.608126346248838, 36.782287289266989 ], [ 117.628298300736958, 37.556002125197892 ], [ 117.893731999763204, 36.802005044285906 ], [ 117.875170257008691, 36.113330170977882 ], [ 117.808755692831966, 36.116709326610916 ], [ 117.608126346248838, 36.782287289266989 ] ] ] } },
{ "type": "Feature", "properties": { "station_name_original": "Changtuxi", "osmid": 3880520952, "english_name": "Changtu West Railway Station", "city": "Changtu", "province": "Liaoning", "zh_name": "昌图西", "name": "昌图西", "name:en": null, "splitted": null, "degree": 7, "pop": 980669.81 }, "geometry": { "type": "Polygon", "coordinates": [ [ [ 123.235223881430471, 43.148278676611667 ], [ 123.262224553925719, 43.403724868503616 ], [ 123.439786033394086, 43.78946660174455 ], [ 125.447305495183883, 41.715183371090205 ], [ 123.235223881430471, 43.148278676611667 ] ] ] } },
{ "type": "Feature", "properties": { "station_name_original": "Cangnan", "osmid": 7714110146, "english_name": "Cangnan Railway Station", "city": "Cangnan", "province": "Zhejiang", "zh_name": "苍南", "name": "苍南", "name:en": null, "splitted": null, "degree": 4, "pop": 969583.12 }, "geometry": { "type": "Polygon", "coordinates": [ [ [ 120.454387422376243, 27.264655592896112 ], [ 119.926750907329776, 27.745118319344797 ], [ 120.257084345820786, 27.817151724739926 ], [ 120.345954381245079, 27.754335663265998 ], [ 120.842705782329986, 27.082195687229792 ], [ 120.454387422376243, 27.264655592896112 ] ] ] } },
{ "type": "Feature", "properties": { "station_name_original": "Zhijiang", "osmid": 2953799860, "english_name": "Zhijiang Railway Station", "city": "Zhijiang", "province": "Hubei", "zh_name": "芷江", "name": "芷江", "name:en": "Zhijiang", "splitted": null, "degree": 7, "pop": 806943.38 }, "geometry": { "type": "Polygon", "coordinates": [ [ [ 109.387328467855696, 27.429024449744091 ], [ 109.402852824881279, 27.561407588243291 ], [ 109.722159318547824, 28.072523967321317 ], [ 109.866538659108556, 27.226724054390854 ], [ 109.720598444959549, 26.588464024931906 ], [ 109.647787247415238, 26.591993582786873 ], [ 109.500480447723575, 26.643921328936909 ], [ 109.494742739512745, 26.66620281356872 ], [ 109.387328467855696, 27.429024449744091 ] ] ] } },
{ "type": "Feature", "properties": { "station_name_original": "Kaiyuanxi", "osmid": 3881554929, "english_name": "Kaiyuan West Railway Station", "city": "Kaiyuan", "province": "Liaoning", "zh_name": "开原西", "name": "开原西", "name:en": "Kaiyuan West", "splitted": null, "degree": 7, "pop": 856694.25 }, "geometry": { "type": "Polygon", "coordinates": [ [ [ 123.17060636645823, 42.871314543997016 ], [ 123.168177676152368, 42.892076109560911 ], [ 123.235223881430471, 43.148278676611667 ], [ 125.447305495183883, 41.715183371090205 ], [ 125.449721804476198, 41.713047733240721 ], [ 124.699493314908381, 41.8092135160474 ], [ 124.466876446894275, 41.861676840578362 ], [ 123.17060636645823, 42.871314543997016 ] ] ] } },
{ "type": "Feature", "properties": { "station_name_original": "Rongchangbei", "osmid": 3500459043, "english_name": "Rongchang North Railway Station", "city": "Rongchang", "province": "Chongqing", "zh_name": "荣昌北", "name": "荣昌北", "name:en": "Rongchangbei", "splitted": null, "degree": 11, "pop": 1743830.1 }, "geometry": { "type": "Polygon", "coordinates": [ [ [ 105.51176580934164, 30.006265397150337 ], [ 105.532732325799358, 30.071769768044543 ], [ 105.728877535456434, 29.973473168774859 ], [ 105.747392422803998, 29.950856722190998 ], [ 105.617616889843532, 28.823806489231462 ], [ 105.431748927632583, 28.889632561837022 ], [ 105.409406886285595, 28.908504918120943 ], [ 105.51176580934164, 30.006265397150337 ] ] ] } },
{ "type": "Feature", "properties": { "station_name_original": "Longyou", "osmid": 1651805298, "english_name": "Longyou Railway Station", "city": "Longyou", "province": "Zhejiang", "zh_name": "龙游", "name": "龙游", "name:en": "Longyou", "splitted": null, "degree": 6, "pop": 905466.56 }, "geometry": { "type": "Polygon", "coordinates": [ [ [ 119.285754939267306, 28.016202673856572 ], [ 119.275220483778781, 28.04005678042121 ], [ 118.902868044140476, 29.381672120553045 ], [ 119.110234219050056, 29.374091752313785 ], [ 119.350172846663739, 29.263454512045723 ], [ 119.491671754744274, 28.628117572115759 ], [ 119.488583014571958, 28.523874767755615 ], [ 119.318249942570105, 28.058069087943661 ], [ 119.285754939267306, 28.016202673856572 ] ] ] } },
{ "type": "Feature", "properties": { "station_name_original": "Zhangqiubei", "osmid": 9255881286, "english_name": "Zhangqiu North Railway Station", "city": "Zhangqiu", "province": "Shandong", "zh_name": "章丘北", "name": "章丘北", "name:en": "Zhangqiubei Railway Station", "splitted": null, "degree": 3, "pop": 1415804.1 }, "geometry": { "type": "Polygon", "coordinates": [ [ [ 117.308563954359812, 37.619486333259616 ], [ 117.322755950387005, 37.650381880558967 ], [ 117.58994484672283, 37.77801578293095 ], [ 117.628298300736958, 37.556002125197892 ], [ 117.608126346248838, 36.782287289266989 ], [ 117.323831999548801, 36.734743606548321 ], [ 117.218644081750597, 37.345465420994294 ], [ 117.308563954359812, 37.619486333259616 ] ] ] } },
{ "type": "Feature", "properties": { "station_name_original": "Fuzhoudong", "osmid": 2867845403, "english_name": "Fuzhou East Railway Station", "city": "Fuzhou", "province": "Fujian", "zh_name": "福州东", "name": "抚州东", "name:en": "Fuzhou East", "splitted": null, "degree": 6, "pop": 1192361.6 }, "geometry": { "type": "Polygon", "coordinates": [ [ [ 116.343119742127826, 27.915854821055451 ], [ 116.495759556205044, 28.675635017214482 ], [ 116.789452800387124, 28.601017920313918 ], [ 116.862292644866173, 27.915239842212603 ], [ 116.343119742127826, 27.915854821055451 ] ] ] } },
{ "type": "Feature", "properties": { "station_name_original": "Rizhaoxi", "osmid": 11816673880, "english_name": "Rizhao West Railway Station", "city": "Rizhao", "province": "Shandong", "zh_name": "日照西", "name": "日照西", "name:en": "Rizhao West", "splitted": null, "degree": 9, "pop": 1424704.2 }, "geometry": { "type": "Polygon", "coordinates": [ [ [ 119.268152804204945, 35.340947038117463 ], [ 119.02488117161225, 35.987526444967777 ], [ 119.107710687155958, 36.007942538245715 ], [ 120.14297982900564, 34.925979966573195 ], [ 119.930132902056826, 34.878113788549896 ], [ 119.268152804204945, 35.340947038117463 ] ] ] } },
{ "type": "Feature", "properties": { "station_name_original": "Yiyang", "osmid": 655354700, "english_name": "Yiyang Railway Station", "city": "Yiyang", "province": "Hunan", "zh_name": null, "name": "弋阳", "name:en": "Yiyang East", "splitted": null, "degree": 4, "pop": 919775.69 }, "geometry": { "type": "Polygon", "coordinates": [ [ [ 117.141941476092754, 28.726448987388725 ], [ 117.260148319959512, 28.860829372551265 ], [ 117.383970704119605, 28.887812333382293 ], [ 117.693284480271444, 28.652497134927422 ], [ 117.740068266236705, 28.322505041945259 ], [ 117.644869144810471, 28.007366155453301 ], [ 117.541075390853536, 27.908911038229434 ], [ 117.388508112931675, 27.777755551991572 ], [ 117.141941476092754, 28.726448987388725 ] ] ] } },
{ "type": "Feature", "properties": { "station_name_original": "Ziyangbei", "osmid": 7817200570, "english_name": "Ziyang North Railway Station", "city": "Ziyang", "province": "Sichuan", "zh_name": "资阳北", "name": "资阳北站", "name:en": "Ziyang North Railway Station", "splitted": null, "degree": 12, "pop": 2118191.0 }, "geometry": { "type": "Polygon", "coordinates": [ [ [ 104.267167525788523, 29.846096633688358 ], [ 104.256709948702294, 29.998628160441005 ], [ 105.255923132798401, 30.715630885082888 ], [ 105.337257906893285, 30.561173669313185 ], [ 105.379026896297191, 30.316116413831544 ], [ 104.345133968070101, 29.714996267427029 ], [ 104.292206043580663, 29.764047232294903 ], [ 104.267167525788523, 29.846096633688358 ] ] ] } },
{ "type": "Feature", "properties": { "station_name_original": "Jinxiannan", "osmid": 2866481152, "english_name": "Jinxian South Railway Station", "city": "Jinxian", "province": "Jiangxi", "zh_name": "进贤南", "name": "进贤南", "name:en": "Jinxian South", "splitted": null, "degree": 6, "pop": 1295426.8 }, "geometry": { "type": "Polygon", "coordinates": [ [ [ 115.960581145306108, 28.395577597415123 ], [ 116.368622982539264, 28.787589398484446 ], [ 116.495759556205044, 28.675635017214482 ], [ 116.343119742127826, 27.915854821055451 ], [ 116.186630834456722, 27.838700725925275 ], [ 115.960581145306108, 28.395577597415123 ] ] ] } },
{ "type": "Feature", "properties": { "station_name_original": "Qingzhoushi", "osmid": 4071777100, "english_name": "Qingzhou City Railway Station", "city": "Qingzhou", "province": "Shandong", "zh_name": "青州市", "name": "青州市", "name:en": "Qingzhoushi", "splitted": null, "degree": 4, "pop": 1468693.0 }, "geometry": { "type": "Polygon", "coordinates": [ [ [ 118.355071235625715, 35.990429419012642 ], [ 118.248705533228716, 36.031997357674676 ], [ 118.27008161188084, 36.660718047171862 ], [ 118.461488783795545, 36.893262588189643 ], [ 118.65042194108095, 36.657483664177356 ], [ 118.530586827234742, 36.000211997589105 ], [ 118.44500809048624, 35.983403060829851 ], [ 118.355071235625715, 35.990429419012642 ] ] ] } },
{ "type": "Feature", "properties": { "station_name_original": "Zhengdingjichang", "osmid": 8401357512, "english_name": "Zhengding Airport Railway Station", "city": "Zhengding", "province": "Hebei", "zh_name": "正定机场", "name": "正定机场", "name:en": null, "splitted": null, "degree": 6, "pop": 1994148.6 }, "geometry": { "type": "Polygon", "coordinates": [ [ [ 114.015920041866991, 38.659875752640978 ], [ 113.93733039406969, 39.390062332125957 ], [ 114.15789399574571, 39.418140851355062 ], [ 114.987949740233816, 38.234417756549703 ], [ 114.761360796841942, 38.110257728062926 ], [ 114.496632914570043, 38.217809571576126 ], [ 114.015920041866991, 38.659875752640978 ] ] ] } },
{ "type": "Feature", "properties": { "station_name_original": "Hengshanxi", "osmid": 8393752518, "english_name": "Hengshan West Railway Station", "city": "Hengshan", "province": "Hunan", "zh_name": "衡山西", "name": "衡山西", "name:en": "Hengshan West", "splitted": null, "degree": 8, "pop": 1259763.8 }, "geometry": { "type": "Polygon", "coordinates": [ [ [ 112.620427626794296, 27.103341812998003 ], [ 112.40273747549827, 27.424059196675124 ], [ 112.426027867125157, 27.48228719496128 ], [ 112.758403436567946, 27.607495164879492 ], [ 113.257672941287439, 27.35052011660515 ], [ 113.524354141455561, 26.900059491026344 ], [ 112.620427626794296, 27.103341812998003 ] ] ] } },
{ "type": "Feature", "properties": { "station_name_original": "Hefei", "osmid": 8506490006, "english_name": "Hefei Railway Station", "city": "Hefei", "province": "Anhui", "zh_name": "合肥", "name": "合肥火车站", "name:en": "Hefei Railway Station", "splitted": null, "degree": 8, "pop": 2797908.0 }, "geometry": { "type": "Polygon", "coordinates": [ [ [ 117.086638084701264, 31.908007516919618 ], [ 117.710235494934153, 32.12729174492258 ], [ 117.738755202512905, 32.105573600364217 ], [ 117.411311941532077, 31.80912206839141 ], [ 117.086638084701264, 31.908007516919618 ] ] ] } },
{ "type": "Feature", "properties": { "station_name_original": "Qingyuan", "osmid": 4994290716, "english_name": "Qingyuan Railway Station", "city": "Qingyuan", "province": "Guangdong", "zh_name": "清远", "name": "清远", "name:en": "Qingyuan", "splitted": null, "degree": 6, "pop": 1929827.9 }, "geometry": { "type": "Polygon", "coordinates": [ [ [ 112.873573753431799, 23.476717285869928 ], [ 112.626363505831165, 23.719984007005191 ], [ 112.717794220657694, 24.169478386936138 ], [ 113.796290543930809, 23.670957204420869 ], [ 112.873573753431799, 23.476717285869928 ] ] ] } },
{ "type": "Feature", "properties": { "station_name_original": "Zizhongbei", "osmid": 3500461696, "english_name": "Zizhong North Railway Station", "city": "Zizhong", "province": "Sichuan", "zh_name": "资中北", "name": "资中北", "name:en": "Zizhongbei", "splitted": null, "degree": 9, "pop": 1543028.6 }, "geometry": { "type": "Polygon", "coordinates": [ [ [ 104.454038770138055, 29.49334181175109 ], [ 104.345133968070101, 29.714996267427029 ], [ 105.379026896297191, 30.316116413831544 ], [ 105.426023581772625, 30.214992739678571 ], [ 104.654472316943128, 29.341969875626408 ], [ 104.454038770138055, 29.49334181175109 ] ] ] } },
{ "type": "Feature", "properties": { "station_name_original": "Shapingba", "osmid": 1855149602, "english_name": "Shapingba Railway Station", "city": "Chongqing", "province": "Chongqing", "zh_name": "沙坪坝", "name": "沙坪坝", "name:en": "Shapingba", "splitted": null, "degree": 7, "pop": 2247177.8 }, "geometry": { "type": "Polygon", "coordinates": [ [ [ 106.295050376729975, 29.728500679757531 ], [ 106.392701408138038, 29.772663195326324 ], [ 106.558728500339186, 29.488510627751857 ], [ 106.329290449615044, 29.574818016306907 ], [ 106.295050376729975, 29.728500679757531 ] ] ] } },
{ "type": "Feature", "properties": { "station_name_original": "Gutianbei", "osmid": 9524540937, "english_name": "Gutian North Railway Station", "city": "Gutian", "province": "Fujian", "zh_name": "古田北", "name": "古田北", "name:en": null, "splitted": null, "degree": 5, "pop": 463794.25 }, "geometry": { "type": "Polygon", "coordinates": [ [ [ 118.527733280555765, 26.088982555291508 ], [ 118.396308450814601, 26.321963839251623 ], [ 118.558502492677079, 26.818414966345092 ], [ 118.998356216960957, 27.108022755957492 ], [ 119.077928873638626, 26.755322265376574 ], [ 118.527733280555765, 26.088982555291508 ] ] ] } },
{ "type": "Feature", "properties": { "station_name_original": "Qingdaoxi", "osmid": 9549447313, "english_name": "Qingdao West Railway Station", "city": "Qingdao", "province": "Shandong", "zh_name": "青岛西", "name": "青岛西", "name:en": "Qingdaoxi", "splitted": null, "degree": 11, "pop": 992267.88 }, "geometry": { "type": "Polygon", "coordinates": [ [ [ 119.588522118029104, 36.044937538889855 ], [ 119.908268661275244, 36.167144368084131 ], [ 120.061361420642498, 36.136249160062206 ], [ 120.567266449547589, 35.009677135564885 ], [ 119.588522118029104, 36.044937538889855 ] ] ] } },
{ "type": "Feature", "properties": { "station_name_original": "Xupunan", "osmid": 2953786996, "english_name": "Xupu South Railway Station", "city": "Xupu", "province": "Hunan", "zh_name": "叙浦南", "name": "溆浦南", "name:en": "Xupu South", "splitted": null, "degree": 6, "pop": 1749796.0 }, "geometry": { "type": "Polygon", "coordinates": [ [ [ 110.066373296759764, 28.992984916313763 ], [ 110.41130481818611, 29.132354021403696 ], [ 110.736926599814154, 29.157370473740045 ], [ 110.887366045174943, 27.454759501861272 ], [ 110.791926364788708, 27.362920472106236 ], [ 110.452574440865149, 27.3463253344541 ], [ 110.277760577259173, 27.63074461717401 ], [ 110.066373296759764, 28.992984916313763 ] ] ] } },
{ "type": "Feature", "properties": { "station_name_original": "Ruian", "osmid": 7714110148, "english_name": "Rui'an Railway Station", "city": "Rui'an", "province": "Zhejiang", "zh_name": "瑞安", "name": "瑞安", "name:en": "Rui'an", "splitted": null, "degree": 3, "pop": 1749060.4 }, "geometry": { "type": "Polygon", "coordinates": [ [ [ 120.345954381245079, 27.754335663265998 ], [ 120.257084345820786, 27.817151724739926 ], [ 120.328585385414357, 27.875380655128854 ], [ 120.780380555485124, 27.864974032766241 ], [ 120.795799656579774, 27.859120399306651 ], [ 121.151737887487187, 27.547152794239992 ], [ 120.345954381245079, 27.754335663265998 ] ] ] } },
{ "type": "Feature", "properties": { "station_name_original": "Bazhouxi", "osmid": 3931584035, "english_name": "Bazhou West Railway Station", "city": "Bazhou", "province": "Hebei", "zh_name": "霸州西", "name": "霸州西", "name:en": "Bazhouxi", "splitted": null, "degree": 5, "pop": 1378465.6 }, "geometry": { "type": "Polygon", "coordinates": [ [ [ 116.210487296116867, 39.287420073346169 ], [ 116.379652180895548, 39.424487979780025 ], [ 116.528824734401013, 39.295840995765317 ], [ 116.592505337770433, 38.720283703922881 ], [ 116.229385675289421, 38.527290547253941 ], [ 116.210487296116867, 39.287420073346169 ] ] ] } },
{ "type": "Feature", "properties": { "station_name_original": "Longhui", "osmid": 5559277118, "english_name": "Longhui Railway Station", "city": "Longhui", "province": "Hunan", "zh_name": "隆回", "name": "隆回", "name:en": "Longhui", "splitted": null, "degree": 5, "pop": 1052849.8 }, "geometry": { "type": "Polygon", "coordinates": [ [ [ 110.879899431451889, 26.647090416187446 ], [ 110.791926364788708, 27.362920472106236 ], [ 110.887366045174943, 27.454759501861272 ], [ 111.065322451893778, 27.410852224116862 ], [ 111.252676021160966, 26.793739429075284 ], [ 110.879899431451889, 26.647090416187446 ] ] ] } },
{ "type": "Feature", "properties": { "station_name_original": "Guidingbei", "osmid": 2874016882, "english_name": "Guiding North Railway Station", "city": "Guiding", "province": "Guizhou", "zh_name": "贵定北", "name": "贵定北", "name:en": "Guidingbei", "splitted": null, "degree": 5, "pop": 713240.44 }, "geometry": { "type": "Polygon", "coordinates": [ [ [ 107.002042994378357, 26.749864334024771 ], [ 107.124023666106083, 26.976122448551482 ], [ 107.287916512941052, 27.140161603729524 ], [ 107.519980438168119, 27.246816030657264 ], [ 107.642572873445189, 27.279335812583685 ], [ 107.549827476690012, 26.503217092541103 ], [ 107.512592402794795, 26.472361566241872 ], [ 106.99270935034059, 26.686340776449612 ], [ 107.002042994378357, 26.749864334024771 ] ] ] } },
{ "type": "Feature", "properties": { "station_name_original": "Quanzhounan", "osmid": 8154570904, "english_name": "Quanzhou South Railway Station", "city": "Quanzhou", "province": "Fujian", "zh_name": null, "name": "全州南", "name:en": null, "splitted": null, "degree": 4, "pop": 1446660.2 }, "geometry": { "type": "Polygon", "coordinates": [ [ [ 110.427785977026943, 26.380203671458165 ], [ 110.722578910170469, 26.489472636238361 ], [ 111.633307327015757, 25.856406942423153 ], [ 111.962446180277993, 25.509258722732476 ], [ 111.953449573071623, 25.429310474352771 ], [ 111.84340470087713, 25.392804534956824 ], [ 111.471624051005705, 25.315753686470607 ], [ 111.192582165678132, 25.358252525964069 ], [ 110.427785977026943, 26.380203671458165 ] ] ] } },
{ "type": "Feature", "properties": { "station_name_original": "Xixianbei", "osmid": 10666136336, "english_name": "Xixian North Railway Station", "city": "Xixian", "province": "Henan", "zh_name": null, "name": "黟县东", "name:en": "Yixiandong", "splitted": null, "degree": 7, "pop": 288334.41 }, "geometry": { "type": "Polygon", "coordinates": [ [ [ 117.612121215678712, 29.656009664244277 ], [ 117.393819084599642, 29.978155080400807 ], [ 117.961754316588852, 30.384757305478448 ], [ 118.078250792745081, 30.333453019074042 ], [ 118.243030997297836, 30.138801302142458 ], [ 118.058368762392064, 29.538112822729165 ], [ 117.612121215678712, 29.656009664244277 ] ] ] } },
{ "type": "Feature", "properties": { "station_name_original": "Longchangbei", "osmid": 7158189078, "english_name": "Longchang North Railway Station", "city": "Longchang", "province": "Sichuan", "zh_name": "隆昌北", "name": "隆昌北", "name:en": "Longchangbei", "splitted": null, "degree": 12, "pop": 1778238.9 }, "geometry": { "type": "Polygon", "coordinates": [ [ [ 104.936806699265105, 29.104944050408651 ], [ 104.901840634944548, 29.137160581572473 ], [ 105.51176580934164, 30.006265397150337 ], [ 105.409406886285595, 28.908504918120943 ], [ 104.936806699265105, 29.104944050408651 ] ] ] } },
{ "type": "Feature", "properties": { "station_name_original": "Binhaixi", "osmid": 3657675428, "english_name": "Binhai West Railway Station", "city": "Binhai", "province": "Jiangsu", "zh_name": "滨海西", "name": "滨海西", "name:en": "Binhaixi", "splitted": null, "degree": 5, "pop": 1411977.0 }, "geometry": { "type": "Polygon", "coordinates": [ [ [ 117.828197326568699, 37.990510691220912 ], [ 117.57574436121115, 38.265792799391733 ], [ 117.49286345098956, 39.339377364649771 ], [ 118.649062593526764, 38.220484660179103 ], [ 118.139941935139944, 38.049693031920405 ], [ 117.828197326568699, 37.990510691220912 ] ] ] } },
{ "type": "Feature", "properties": { "station_name_original": "Beidaihe", "osmid": 2349729507, "english_name": "Beidaihe Railway Station", "city": "Qinhuangdao", "province": "Hebei", "zh_name": "北戴河", "name": "北戴河", "name:en": "Beidaihe", "splitted": null, "degree": 4, "pop": 1053070.6 }, "geometry": { "type": "Polygon", "coordinates": [ [ [ 119.033412786721229, 38.342386402791888 ], [ 119.042662396915389, 40.43331679073642 ], [ 119.118454023413292, 40.478497875860917 ], [ 119.764515270385203, 39.5112262782784 ], [ 120.172153256464924, 38.558777809970792 ], [ 120.138973850861603, 38.479656045582622 ], [ 120.003354302653094, 38.363964687883794 ], [ 119.823163182666036, 38.284379180190122 ], [ 119.033412786721229, 38.342386402791888 ] ] ] } },
{ "type": "Feature", "properties": { "station_name_original": "Zhengzhouxi", "osmid": 742843791, "english_name": "Zhengzhou West Railway Station", "city": "Zhengzhou", "province": "Henan", "zh_name": "郑州西", "name": "郑州西", "name:en": "Zhengzhou West", "splitted": null, "degree": 6, "pop": 2189962.0 }, "geometry": { "type": "Polygon", "coordinates": [ [ [ 113.215611624159649, 34.370070112751229 ], [ 113.213171773678624, 34.370541014396778 ], [ 113.135579367002762, 34.909058824108591 ], [ 113.53076994786062, 35.066022222440701 ], [ 113.537213192386531, 34.475681958469814 ], [ 113.461893182947051, 34.428214678060677 ], [ 113.215611624159649, 34.370070112751229 ] ] ] } },
{ "type": "Feature", "properties": { "station_name_original": "Sansui", "osmid": 2953809308, "english_name": "Sansui Railway Station", "city": "Sansui", "province": "Guizhou", "zh_name": "三穗", "name": "三穗", "name:en": "Sansui", "splitted": null, "degree": 7, "pop": 1171578.6 }, "geometry": { "type": "Polygon", "coordinates": [ [ [ 107.849262143882925, 27.448172193049611 ], [ 108.026632721196606, 27.880083114488642 ], [ 108.045388464270161, 27.91351782328071 ], [ 109.296109513456514, 26.623194423279383 ], [ 108.901856234340968, 26.450378095683686 ], [ 108.409810994256333, 26.498646584340154 ], [ 107.849262143882925, 27.448172193049611 ] ] ] } },
{ "type": "Feature", "properties": { "station_name_original": "Panjin", "osmid": 9169258499, "english_name": "Panjin Railway Station", "city": "Panjin", "province": "Liaoning", "zh_name": "盘锦", "name": "盘锦", "name:en": null, "splitted": null, "degree": 8, "pop": 1219404.8 }, "geometry": { "type": "Polygon", "coordinates": [ [ [ 121.672131698801806, 40.678484521841519 ], [ 121.656955462911441, 40.756829267807802 ], [ 122.084791270549431, 41.551915140613424 ], [ 122.382908252069313, 41.110404076456433 ], [ 122.307980281583241, 40.952812022037939 ], [ 121.999422459551383, 40.755725687216447 ], [ 121.714538728305925, 40.679833474572511 ], [ 121.672131698801806, 40.678484521841519 ] ] ] } },
{ "type": "Feature", "properties": { "station_name_original": "Shanwei", "osmid": 2719758936, "english_name": "Shanwei Railway Station", "city": "Shanwei", "province": "Guangdong", "zh_name": "汕尾", "name": "汕尾", "name:en": "Shanwei", "splitted": null, "degree": 9, "pop": 1158589.1 }, "geometry": { "type": "Polygon", "coordinates": [ [ [ 126.909429008836213, -7.3722308 ], [ 115.260685734211435, 21.406286649283 ], [ 115.277825974790773, 23.542867693814074 ], [ 125.025867014556923, 1.943249777459315 ], [ 128.962371732690286, -7.3722308 ], [ 126.909429008836213, -7.3722308 ] ] ] } },
{ "type": "Feature", "properties": { "station_name_original": "Dongkou", "osmid": 5559277119, "english_name": "Dongkou Railway Station", "city": "Dongkou", "province": "Hunan", "zh_name": null, "name": "洞口", "name:en": null, "splitted": null, "degree": 4, "pop": 1634916.0 }, "geometry": { "type": "Polygon", "coordinates": [ [ [ 109.991710883568203, 26.4901210482114 ], [ 110.452574440865149, 27.3463253344541 ], [ 110.791926364788708, 27.362920472106236 ], [ 110.879899431451889, 26.647090416187446 ], [ 110.722578910170469, 26.489472636238361 ], [ 110.427785977026943, 26.380203671458165 ], [ 110.149179784095722, 26.370408264541233 ], [ 109.991710883568203, 26.4901210482114 ] ] ] } },
{ "type": "Feature", "properties": { "station_name_original": "Guangmingcheng", "osmid": 1945711687, "english_name": "Guangming City Railway Station", "city": "Shenzhen", "province": "Guangdong", "zh_name": "光明城", "name": "光明城", "name:en": "Guangmingcheng", "splitted": null, "degree": 4, "pop": 9305491.0 }, "geometry": { "type": "Polygon", "coordinates": [ [ [ 114.005578777328992, 23.240574995570228 ], [ 114.152526217323484, 22.961025782192788 ], [ 114.139773322548379, 22.768151656956103 ], [ 113.733595968326057, 22.518184673404438 ], [ 113.710742350216819, 22.581239101952395 ], [ 114.005578777328992, 23.240574995570228 ] ] ] } },
{ "type": "Feature", "properties": { "station_name_original": "Danyangbei", "osmid": 2830170172, "english_name": "Danyang North Railway Station", "city": "Danyang", "province": "Jiangsu", "zh_name": "丹阳北", "name": "丹阳北", "name:en": "Danyangbei", "splitted": null, "degree": 6, "pop": 2548427.5 }, "geometry": { "type": "Polygon", "coordinates": [ [ [ 119.599767375121743, 32.177782664161086 ], [ 119.979355778622462, 32.674396614192183 ], [ 120.179941975447733, 32.598557818710582 ], [ 119.710071070042531, 31.761145241823609 ], [ 119.675874559325109, 31.716269849158788 ], [ 119.599767375121743, 32.177782664161086 ] ] ] } },
{ "type": "Feature", "properties": { "station_name_original": "Guiyangdong", "osmid": 3059393382, "english_name": "Guiyang East Railway Station", "city": "Guiyang", "province": "Guizhou", "zh_name": "贵阳东", "name": "贵阳东", "name:en": "Guiyangdong", "splitted": null, "degree": 14, "pop": 734247.12 }, "geometry": { "type": "Polygon", "coordinates": [ [ [ 106.927645619645219, 26.308356017098614 ], [ 106.627122141197603, 26.766256407545139 ], [ 107.002042994378357, 26.749864334024771 ], [ 106.99270935034059, 26.686340776449612 ], [ 106.927645619645219, 26.308356017098614 ] ] ] } },
{ "type": "Feature", "properties": { "station_name_original": "Linzibei", "osmid": 6202567108, "english_name": "Linzi North Railway Station", "city": "Zibo", "province": "Shandong", "zh_name": "临淄北", "name": "临淄北", "name:en": "Linzibei", "splitted": null, "degree": 6, "pop": 2480181.5 }, "geometry": { "type": "Polygon", "coordinates": [ [ [ 118.139941935139944, 38.049693031920405 ], [ 118.649062593526764, 38.220484660179103 ], [ 118.897188924491232, 38.282194207707946 ], [ 118.461488783795545, 36.893262588189643 ], [ 118.27008161188084, 36.660718047171862 ], [ 118.178443699889669, 36.880473494003319 ], [ 118.139941935139944, 38.049693031920405 ] ] ] } },
{ "type": "Feature", "properties": { "station_name_original": "Jimobei", "osmid": 3914198648, "english_name": "Jimo North Railway Station", "city": "Qingdao", "province": "Shandong", "zh_name": "即墨北", "name": "即墨北", "name:en": "Jimobei", "splitted": null, "degree": 7, "pop": 1708186.9 }, "geometry": { "type": "Polygon", "coordinates": [ [ [ 120.969085879759319, 36.411279213939444 ], [ 121.256859119282439, 36.237939070560074 ], [ 121.274448574552835, 36.222934112495452 ], [ 120.22215175921977, 36.297957455468847 ], [ 120.214797481147897, 36.569670706092403 ], [ 120.969085879759319, 36.411279213939444 ] ] ] } },
{ "type": "Feature", "properties": { "station_name_original": "Wafangdianxi", "osmid": 9179735859, "english_name": "Wafangdian West Railway Station", "city": "Wafangdian", "province": "Liaoning", "zh_name": "瓦房店西", "name": "瓦房店西", "name:en": null, "splitted": null, "degree": 8, "pop": 866000.94 }, "geometry": { "type": "Polygon", "coordinates": [ [ [ 121.13207419897708, 39.545039647070872 ], [ 120.904728788005116, 39.626591137533609 ], [ 121.059028456125716, 39.964559880046181 ], [ 121.325904719223715, 40.228707950388554 ], [ 122.380264883780981, 39.718532036959331 ], [ 122.397727497868829, 39.448132694639149 ], [ 121.13207419897708, 39.545039647070872 ] ] ] } },
{ "type": "Feature", "properties": { "station_name_original": "Luanhe", "osmid": 9276824793, "english_name": "Luanhe Railway Station", "city": "Luanping", "province": "Hebei", "zh_name": null, "name": "滦河", "name:en": null, "splitted": null, "degree": 3, "pop": 3429307.5 }, "geometry": { "type": "Polygon", "coordinates": [ [ [ 118.170048129055388, 40.269970038367745 ], [ 118.216939622879892, 40.302211692064581 ], [ 118.627256767372586, 40.447069319282299 ], [ 119.042662396915389, 40.43331679073642 ], [ 119.033412786721229, 38.342386402791888 ], [ 119.026981970497772, 38.341286290034375 ], [ 118.86898037048428, 38.574204404756138 ], [ 118.170048129055388, 40.269970038367745 ] ] ] } },
{ "type": "Feature", "properties": { "station_name_original": "Hengshuibei", "osmid": 9512632284, "english_name": "Hengshui North Railway Station", "city": "Hengshui", "province": "Hebei", "zh_name": "衡水北", "name": "衡水北", "name:en": null, "splitted": null, "degree": 6, "pop": 3717248.5 }, "geometry": { "type": "Polygon", "coordinates": [ [ [ 115.531527643838658, 36.788741387267315 ], [ 115.284245852630832, 37.182361706174518 ], [ 115.545153332234918, 38.283447844263335 ], [ 115.583093668759844, 38.314397049112017 ], [ 116.065138583863856, 38.346867999391087 ], [ 116.071802779561096, 38.333238551271101 ], [ 115.624747628585041, 36.698441425143606 ], [ 115.531527643838658, 36.788741387267315 ] ] ] } },
{ "type": "Feature", "properties": { "station_name_original": "Shengfang", "osmid": 3949357977, "english_name": "Shengfang Railway Station", "city": "Bazhou", "province": "Hebei", "zh_name": "胜芳", "name": "胜芳", "name:en": "Shengfang", "splitted": null, "degree": 5, "pop": 1116383.4 }, "geometry": { "type": "Polygon", "coordinates": [ [ [ 116.592505337770433, 38.720283703922881 ], [ 116.528824734401013, 39.295840995765317 ], [ 116.945295817338277, 39.352616310451005 ], [ 116.949568840984526, 39.265074610795864 ], [ 116.802545558489541, 38.722422825056306 ], [ 116.592505337770433, 38.720283703922881 ] ] ] } },
{ "type": "Feature", "properties": { "station_name_original": "Dingyuan", "osmid": 7104703253, "english_name": "Dingyuan Railway Station", "city": "Dingyuan", "province": "Anhui", "zh_name": "定远", "name": "定远", "name:en": "Dingyuan", "splitted": null, "degree": 5, "pop": 1302337.5 }, "geometry": { "type": "Polygon", "coordinates": [ [ [ 117.526894959651429, 32.33859402297081 ], [ 117.495586724499958, 32.567307938614043 ], [ 118.037948362231845, 33.232540548793914 ], [ 118.307020762644271, 33.141420462767869 ], [ 118.536346633598527, 32.971766457811874 ], [ 117.947576913380331, 32.226182823007463 ], [ 117.789568985629941, 32.091060369364143 ], [ 117.776841733497633, 32.089949629110059 ], [ 117.738755202512905, 32.105573600364217 ], [ 117.710235494934153, 32.12729174492258 ], [ 117.526894959651429, 32.33859402297081 ] ] ] } },
{ "type": "Feature", "properties": { "station_name_original": "Gongyinan", "osmid": 742604118, "english_name": "Gongyi South Railway Station", "city": "Gongyi", "province": "Henan", "zh_name": "巩义南", "name": "巩义南", "name:en": "Gongyi South", "splitted": null, "degree": 6, "pop": 2741488.0 }, "geometry": { "type": "Polygon", "coordinates": [ [ [ 112.581632988874034, 35.22895987387318 ], [ 113.135579367002762, 34.909058824108591 ], [ 113.213171773678624, 34.370541014396778 ], [ 112.928887434006967, 34.231788276794219 ], [ 112.75316007623006, 34.196739623879935 ], [ 112.581632988874034, 35.22895987387318 ] ] ] } },
{ "type": "Feature", "properties": { "station_name_original": "Haerbin", "osmid": 13062977471, "english_name": "Harbin Railway Station", "city": "Harbin", "province": "Heilongjiang", "zh_name": "哈尔滨", "name": "哈尔滨站", "name:en": "Harbin Railway Station", "splitted": null, "degree": 13, "pop": 2925635.5 }, "geometry": { "type": "Polygon", "coordinates": [ [ [ 126.772147086691305, 45.560139724747557 ], [ 126.55465179658799, 45.778564864184041 ], [ 127.032813001299317, 46.290997629232017 ], [ 127.034909248225219, 46.151455804300618 ], [ 126.772147086691305, 45.560139724747557 ] ] ] } },
{ "type": "Feature", "properties": { "station_name_original": "Zhangzhou", "osmid": 5100559665, "english_name": "Zhangzhou Railway Station", "city": "Zhangzhou", "province": "Fujian", "zh_name": "漳州", "name": "漳州", "name:en": "Zhangzhou Railway Station", "splitted": null, "degree": 8, "pop": 1480342.2 }, "geometry": { "type": "Polygon", "coordinates": [ [ [ 117.402275909524448, 24.378172323786448 ], [ 117.670968765683639, 24.782673781530871 ], [ 117.91857166134325, 24.20014650546932 ], [ 117.919865021163275, 24.158381278621221 ], [ 117.402275909524448, 24.378172323786448 ] ] ] } },
{ "type": "Feature", "properties": { "station_name_original": "Gaoyixi", "osmid": 2753124016, "english_name": "Gaoyi West Railway Station", "city": "Gaoyi", "province": "Hebei", "zh_name": "高邑西", "name": "高邑西", "name:en": "Gaoyi West", "splitted": null, "degree": 4, "pop": 1512813.0 }, "geometry": { "type": "Polygon", "coordinates": [ [ [ 113.707339443647683, 37.262867878201554 ], [ 113.924845981157574, 37.752708791163208 ], [ 114.608093367252408, 37.831198065795199 ], [ 114.678067344121786, 37.815024914711351 ], [ 114.926560936059801, 37.588530978254852 ], [ 114.992732976199989, 37.410524029948661 ], [ 113.707339443647683, 37.262867878201554 ] ] ] } },
{ "type": "Feature", "properties": { "station_name_original": "Sanmenxian", "osmid": 7714110158, "english_name": "Sanmenxia Railway Station", "city": "Sanmenxia", "province": "Henan", "zh_name": null, "name": "三门县", "name:en": "Sanmenxian", "splitted": null, "degree": 5, "pop": 539990.12 }, "geometry": { "type": "Polygon", "coordinates": [ [ [ 121.467434800234543, 28.859519068603941 ], [ 120.773556827673545, 29.320993835618626 ], [ 122.903435337257164, 28.895966829022449 ], [ 121.467434800234543, 28.859519068603941 ] ] ] } },
{ "type": "Feature", "properties": { "station_name_original": "Jinzhai", "osmid": 4664182640, "english_name": "Jinzhai Railway Station", "city": "Jinzhai", "province": "Anhui", "zh_name": "金寨", "name": "金寨", "name:en": "Jinzhai", "splitted": null, "degree": 4, "pop": 2333270.8 }, "geometry": { "type": "Polygon", "coordinates": [ [ [ 115.930687512659773, 30.666416791536086 ], [ 115.721548590205984, 30.851295851187817 ], [ 115.16456135440157, 32.109206302995233 ], [ 115.26130771849779, 32.150652994036477 ], [ 115.73265889057835, 32.234127857880729 ], [ 116.153004614210687, 32.140059554038608 ], [ 116.358191133187034, 30.93088671021799 ], [ 116.107394471620765, 30.676992474863244 ], [ 116.055080445129619, 30.668452815959334 ], [ 115.930687512659773, 30.666416791536086 ] ] ] } },
{ "type": "Feature", "properties": { "station_name_original": "Fuzhounan", "osmid": 7076314532, "english_name": "Fuzhou South Railway Station", "city": "Fuzhou", "province": "Fujian", "zh_name": "抚州南", "name": "福州火车南站", "name:en": "Fuzhou South Railway Station", "splitted": null, "degree": 6, "pop": 1711280.4 }, "geometry": { "type": "Polygon", "coordinates": [ [ [ 119.151464405213559, 25.939746093441926 ], [ 119.453047872215294, 26.111138761482369 ], [ 119.790378859747065, 25.825366265070993 ], [ 119.182180536539093, 25.837536230606968 ], [ 119.151464405213559, 25.939746093441926 ] ] ] } },
{ "type": "Feature", "properties": { "station_name_original": "Jiujiang", "osmid": 2988920235, "english_name": "Jiujiang Railway Station", "city": "Jiujiang", "province": "Jiangxi", "zh_name": "九江", "name": "九江", "name:en": "Jiujiang", "splitted": null, "degree": 8, "pop": 1800707.2 }, "geometry": { "type": "Polygon", "coordinates": [ [ [ 115.74542852847118, 30.276941026249421 ], [ 115.758742309834901, 30.447794022254239 ], [ 115.930687512659773, 30.666416791536086 ], [ 116.055080445129619, 30.668452815959334 ], [ 116.159860611181671, 29.507036749456791 ], [ 116.120841234136023, 29.435479776144778 ], [ 115.799592766337426, 29.81788045953331 ], [ 115.74542852847118, 30.276941026249421 ] ] ] } },
{ "type": "Feature", "properties": { "station_name_original": "Fuyubei", "osmid": 6099991220, "english_name": "Fuyu North Railway Station", "city": "Fuyu", "province": "Jilin", "zh_name": "富裕北", "name": "扶余北", "name:en": "Fuyubei", "splitted": null, "degree": 5, "pop": 1137035.1 }, "geometry": { "type": "Polygon", "coordinates": [ [ [ 126.809858061827455, 44.731824897751622 ], [ 126.233454480881804, 44.492302073140181 ], [ 124.985350090651266, 45.374926222521324 ], [ 125.318377897353386, 45.537886596314827 ], [ 125.624124656069881, 45.53921828172453 ], [ 126.79675306045084, 44.789160520382715 ], [ 126.800506039848472, 44.782574866365486 ], [ 126.809858061827455, 44.731824897751622 ] ] ] } },
{ "type": "Feature", "properties": { "station_name_original": "Longyan", "osmid": 638704454, "english_name": "Longyan Railway Station", "city": "Longyan", "province": "Fujian", "zh_name": "龙岩", "name": "龙岩", "name:en": "Longyan", "splitted": null, "degree": 16, "pop": 1029446.4 }, "geometry": { "type": "Polygon", "coordinates": [ [ [ 116.699940542253756, 24.475105372378298 ], [ 116.653743308886973, 24.527325028586873 ], [ 116.94479785269391, 25.305964263897369 ], [ 117.266544092370935, 24.974372785091784 ], [ 116.699940542253756, 24.475105372378298 ] ] ] } },
{ "type": "Feature", "properties": { "station_name_original": "Jingxian", "osmid": 9524548104, "english_name": "Jingxian Railway Station", "city": "Jingxian", "province": "Anhui", "zh_name": null, "name": "泾县", "name:en": null, "splitted": null, "degree": 8, "pop": 735619.94 }, "geometry": { "type": "Polygon", "coordinates": [ [ [ 117.958217039308551, 30.463672792634163 ], [ 118.018729644581541, 30.586109610781417 ], [ 118.75287729803371, 30.961552614187401 ], [ 118.974572423213075, 30.965037013839758 ], [ 118.98776861265911, 30.9520538641592 ], [ 119.1282896082012, 30.73676663102998 ], [ 118.078250792745081, 30.333453019074042 ], [ 117.961754316588852, 30.384757305478448 ], [ 117.958217039308551, 30.463672792634163 ] ] ] } },
{ "type": "Feature", "properties": { "station_name_original": "Wuxixinqu", "osmid": 9242148027, "english_name": "Wuxi New District Railway Station", "city": "Wuxi", "province": "Jiangsu", "zh_name": "无锡新区", "name": "无锡新区", "name:en": "Wuxi New Distric", "splitted": null, "degree": 7, "pop": 856789.31 }, "geometry": { "type": "Polygon", "coordinates": [ [ [ 120.125732253717018, 31.320595973296147 ], [ 120.120980738521794, 31.335437451362548 ], [ 120.379453726772041, 31.578014583812152 ], [ 120.50571544920642, 31.491497060308451 ], [ 120.243012442308256, 31.213280725145896 ], [ 120.125732253717018, 31.320595973296147 ] ] ] } },
{ "type": "Feature", "properties": { "station_name_original": "Huangshibei", "osmid": 12732524418, "english_name": "Huangshi North Railway Station", "city": "Huangshi", "province": "Hubei", "zh_name": "黄石北", "name": "黄石北", "name:en": "Huangshibei", "splitted": null, "degree": 8, "pop": 1422689.8 }, "geometry": { "type": "Polygon", "coordinates": [ [ [ 115.010324262150917, 30.363095913478631 ], [ 115.69746903394946, 30.41353188539879 ], [ 115.492567189082436, 30.235293783155559 ], [ 115.371421448050143, 30.176174540427684 ], [ 115.263434340515744, 30.147597231002287 ], [ 114.820945319726832, 30.184394615675032 ], [ 115.010324262150917, 30.363095913478631 ] ] ] } },
{ "type": "Feature", "properties": { "station_name_original": "Xinhuangxi", "osmid": 2953805433, "english_name": "Xinhuang West Railway Station", "city": "Xinhuang", "province": "Hunan", "zh_name": "新晃西", "name": "新晃西", "name:en": "Xinhuangxi", "splitted": null, "degree": 5, "pop": 262828.06 }, "geometry": { "type": "Polygon", "coordinates": [ [ [ 109.494742739512745, 26.66620281356872 ], [ 108.956583965602221, 27.466494249970467 ], [ 109.387328467855696, 27.429024449744091 ], [ 109.494742739512745, 26.66620281356872 ] ] ] } },
{ "type": "Feature", "properties": { "station_name_original": "Nanling", "osmid": 9521935585, "english_name": "Nanling Railway Station", "city": "Nanling", "province": "Anhui", "zh_name": null, "name": "南陵", "name:en": "Nanling", "splitted": null, "degree": 7, "pop": 492768.84 }, "geometry": { "type": "Polygon", "coordinates": [ [ [ 118.018729644581541, 30.586109610781417 ], [ 118.053732291653787, 30.77004776458984 ], [ 118.142125657758498, 30.907795629448938 ], [ 118.362468961462653, 31.038676690649382 ], [ 118.75287729803371, 30.961552614187401 ], [ 118.018729644581541, 30.586109610781417 ] ] ] } },
{ "type": "Feature", "properties": { "station_name_original": "Shenzhenpingshan", "osmid": 6708620732, "english_name": "Shenzhen Pingshan Railway Station", "city": "Shenzhen", "province": "Guangdong", "zh_name": "深圳坪山", "name": "深圳坪山", "name:en": "Shenzhen Pingshan", "splitted": null, "degree": 6, "pop": 4625119.5 }, "geometry": { "type": "Polygon", "coordinates": [ [ [ 114.266927919170399, 22.498546365276074 ], [ 114.184894896864407, 22.630467238858628 ], [ 114.139773322548379, 22.768151656956103 ], [ 114.152526217323484, 22.961025782192788 ], [ 114.552772808843343, 22.782404769507732 ], [ 114.77284713560941, 22.377420389419889 ], [ 114.783443449622851, 22.296819018458084 ], [ 114.266927919170399, 22.498546365276074 ] ] ] } },
{ "type": "Feature", "properties": { "station_name_original": "Shamen", "osmid": 8870472891, "english_name": "Xiamen Railway Station", "city": "Xiamen", "province": "Fujian", "zh_name": "厦门", "name": "厦门火车站", "name:en": "Xiamen Railway Station", "splitted": null, "degree": 6, "pop": 2714362.0 }, "geometry": { "type": "Polygon", "coordinates": [ [ [ 142.741858181806492, -7.3722308 ], [ 127.50732727348381, 11.464445813287616 ], [ 119.157542563207443, 22.329466537409939 ], [ 117.919865021163275, 24.158381278621221 ], [ 117.91857166134325, 24.20014650546932 ], [ 118.000666799271244, 24.534520867902039 ], [ 118.305930210529368, 24.609143435258979 ], [ 148.477607128104324, -7.3722308 ], [ 142.741858181806492, -7.3722308 ] ] ] } },
{ "type": "Feature", "properties": { "station_name_original": "Shuijiahu", "osmid": 8012738240, "english_name": "Shuijiahu Railway Station", "city": "Yunmeng", "province": "Hubei", "zh_name": "水家湖", "name": "水家湖", "name:en": "Shuijiahu", "splitted": null, "degree": 6, "pop": 406282.5 }, "geometry": { "type": "Polygon", "coordinates": [ [ [ 116.968581949859583, 32.228778604300395 ], [ 117.12202222051431, 32.562729146423926 ], [ 117.444708865696541, 32.600474493676494 ], [ 117.495586724499958, 32.567307938614043 ], [ 117.526894959651429, 32.33859402297081 ], [ 116.968581949859583, 32.228778604300395 ] ] ] } },
{ "type": "Feature", "properties": { "station_name_original": "Fuyuanbei", "osmid": 3328330803, "english_name": "Fuyuan North Railway Station", "city": "Fuyuan", "province": "Heilongjiang", "zh_name": "富源北", "name": "富源北", "name:en": "Fuyuanbei", "splitted": null, "degree": 5, "pop": 2368922.5 }, "geometry": { "type": "Polygon", "coordinates": [ [ [ 104.810480420903517, 23.213061132657753 ], [ 104.522196279533475, 23.694535098440472 ], [ 103.649897888825208, 27.130818384815868 ], [ 104.112848129787238, 26.920384451205894 ], [ 104.768215096005306, 24.415454024097073 ], [ 104.979194861270258, 22.997352112654337 ], [ 104.810480420903517, 23.213061132657753 ] ] ] } },
{ "type": "Feature", "properties": { "station_name_original": "Gaizhouxi", "osmid": 2427157471, "english_name": "Gaizhou West Railway Station", "city": "Gaizhou", "province": "Liaoning", "zh_name": "盖州西", "name": "盖州西", "name:en": "Gaizhou West", "splitted": null, "degree": 11, "pop": 400421.88 }, "geometry": { "type": "Polygon", "coordinates": [ [ [ 122.534523911127451, 40.000654096245789 ], [ 121.714538728305925, 40.679833474572511 ], [ 121.999422459551383, 40.755725687216447 ], [ 122.761486090985528, 40.222839559698052 ], [ 122.534523911127451, 40.000654096245789 ] ] ] } },
{ "type": "Feature", "properties": { "station_name_original": "Gongzhulingnan", "osmid": 4111704869, "english_name": "Gongzhuling South Railway Station", "city": "Gongzhuling", "province": "Jilin", "zh_name": "公主岭南", "name": "公主岭南", "name:en": "Gongzhuling South", "splitted": null, "degree": 6, "pop": 2783996.2 }, "geometry": { "type": "Polygon", "coordinates": [ [ [ 125.927437938675638, 42.580967765046069 ], [ 126.141114012894789, 41.604264887902829 ], [ 126.130430967721637, 41.606023934452296 ], [ 123.585675581509165, 44.468162633908882 ], [ 123.612693729042533, 44.993698672565422 ], [ 125.426248881657671, 43.269356176166688 ], [ 125.729937015437514, 42.917094169879597 ], [ 125.927437938675638, 42.580967765046069 ] ] ] } },
{ "type": "Feature", "properties": { "station_name_original": "Dongandong", "osmid": 5144292957, "english_name": "Dong'an East Railway Station", "city": "Dong'an", "province": "Hunan", "zh_name": "东安东", "name": "东安东", "name:en": "Dong'andong", "splitted": null, "degree": 3, "pop": 804341.75 }, "geometry": { "type": "Polygon", "coordinates": [ [ [ 110.722578910170469, 26.489472636238361 ], [ 110.879899431451889, 26.647090416187446 ], [ 111.252676021160966, 26.793739429075284 ], [ 111.32341677278859, 26.801528689750175 ], [ 111.633307327015757, 25.856406942423153 ], [ 110.722578910170469, 26.489472636238361 ] ] ] } },
{ "type": "Feature", "properties": { "station_name_original": "Jiaozhoubei", "osmid": 8253269139, "english_name": "Jiaozhou North Railway Station", "city": "Jiaozhou", "province": "Shandong", "zh_name": "胶州北", "name": "胶州北站", "name:en": "Jiaozhou North Railway Station", "splitted": null, "degree": 9, "pop": 1077956.9 }, "geometry": { "type": "Polygon", "coordinates": [ [ [ 120.067006799758431, 36.794939339674471 ], [ 120.214797481147897, 36.569670706092403 ], [ 120.22215175921977, 36.297957455468847 ], [ 120.167172650473844, 36.219334631050977 ], [ 120.061361420642498, 36.136249160062206 ], [ 119.908268661275244, 36.167144368084131 ], [ 119.906191078423888, 36.434789037257445 ], [ 120.067006799758431, 36.794939339674471 ] ] ] } },
{ "type": "Feature", "properties": { "station_name_original": "Panjinbei", "osmid": 11630746913, "english_name": "Panjin North Railway Station", "city": "Panjin", "province": "Liaoning", "zh_name": "盘锦北", "name": "盘锦北", "name:en": "Panjinbei", "splitted": null, "degree": 10, "pop": 674428.12 }, "geometry": { "type": "Polygon", "coordinates": [ [ [ 121.656955462911441, 40.756829267807802 ], [ 121.289717617802182, 41.541900320165119 ], [ 121.318873027202812, 41.610481638604199 ], [ 121.968536633018047, 41.743876415176089 ], [ 122.062193531428647, 41.679000178897418 ], [ 122.084791270549431, 41.551915140613424 ], [ 121.656955462911441, 40.756829267807802 ] ] ] } },
{ "type": "Feature", "properties": { "station_name_original": "Beipiao", "osmid": 4507849536, "english_name": "Beipiao Railway Station", "city": "Beipiao", "province": "Liaoning", "zh_name": "北票", "name": "北票", "name:en": null, "splitted": null, "degree": 2, "pop": 942477.12 }, "geometry": { "type": "Polygon", "coordinates": [ [ [ 119.381666794242236, 44.414854244069964 ], [ 120.75535905350165, 43.305407865856012 ], [ 121.318873027202812, 41.610481638604199 ], [ 121.289717617802182, 41.541900320165119 ], [ 120.761198492444919, 41.304641806611741 ], [ 119.381666794242236, 44.414854244069964 ] ] ] } },
{ "type": "Feature", "properties": { "station_name_original": "Huishan", "osmid": 1983465568, "english_name": "Huishan Railway Station", "city": "Wuxi", "province": "Jiangsu", "zh_name": "惠山", "name": "惠山", "name:en": "Huishan", "splitted": null, "degree": 7, "pop": 2221451.5 }, "geometry": { "type": "Polygon", "coordinates": [ [ [ 120.079383713865994, 31.409548300185079 ], [ 120.035011656098021, 31.457692673745687 ], [ 120.243844003306677, 31.98935339309482 ], [ 120.532830516047397, 32.371751338329467 ], [ 120.368812907557455, 31.787874934797347 ], [ 120.079383713865994, 31.409548300185079 ] ] ] } },
{ "type": "Feature", "properties": { "station_name_original": "Yichangdong", "osmid": 539460541, "english_name": "Yichang East Railway Station", "city": "Yichang", "province": "Hubei", "zh_name": "宜昌东", "name": "宜昌东", "name:en": "Yichangdong", "splitted": null, "degree": 5, "pop": 2879125.8 }, "geometry": { "type": "Polygon", "coordinates": [ [ [ 110.94102485498361, 29.181806012146495 ], [ 110.851916139631157, 29.188034993530962 ], [ 110.865519088002216, 31.995139896649622 ], [ 111.891833946093897, 31.294598410034062 ], [ 110.94102485498361, 29.181806012146495 ] ] ] } },
{ "type": "Feature", "properties": { "station_name_original": "Jingde", "osmid": 13048463742, "english_name": "Jingde Railway Station", "city": "Jingde", "province": "Anhui", "zh_name": "旌德", "name": "旌德", "name:en": "Jingde", "splitted": null, "degree": 6, "pop": 537244.06 }, "geometry": { "type": "Polygon", "coordinates": [ [ [ 118.078250792745081, 30.333453019074042 ], [ 119.1282896082012, 30.73676663102998 ], [ 119.173314342783499, 30.696671087477064 ], [ 118.715432708487597, 30.217022482597166 ], [ 118.260631330270314, 30.12931473253942 ], [ 118.243030997297836, 30.138801302142458 ], [ 118.078250792745081, 30.333453019074042 ] ] ] } },
{ "type": "Feature", "properties": { "station_name_original": "Yingdexi", "osmid": 2764430330, "english_name": "Yingde West Railway Station", "city": "Yingde", "province": "Guangdong", "zh_name": "英德西", "name": "英德西", "name:en": "Yingde West", "splitted": null, "degree": 6, "pop": 1545447.2 }, "geometry": { "type": "Polygon", "coordinates": [ [ [ 112.717794220657694, 24.169478386936138 ], [ 112.603867785812113, 24.676068378700105 ], [ 112.649641991182406, 24.673869912797716 ], [ 114.50505363742802, 24.159407128324936 ], [ 113.960254642373414, 23.6398491460636 ], [ 113.796290543930809, 23.670957204420869 ], [ 112.717794220657694, 24.169478386936138 ] ] ] } },
{ "type": "Feature", "properties": { "station_name_original": "Hangzhou", "osmid": 7299090915, "english_name": "Hangzhou Railway Station", "city": "Hangzhou", "province": "Zhejiang", "zh_name": "杭州", "name": "杭州", "name:en": "Hangzhou", "splitted": null, "degree": 5, "pop": 2960755.5 }, "geometry": { "type": "Polygon", "coordinates": [ [ [ 120.257174672585123, 29.988144216012643 ], [ 120.046792641366736, 30.153162377123376 ], [ 120.096084343940376, 30.330733080572458 ], [ 120.353383181559252, 30.16931558995768 ], [ 120.279362180188286, 29.988238306661824 ], [ 120.257174672585123, 29.988144216012643 ] ] ] } },
{ "type": "Feature", "properties": { "station_name_original": "Ezhou", "osmid": 12732524417, "english_name": "Ezhou Railway Station", "city": "Ezhou", "province": "Hubei", "zh_name": "鄂州", "name": "鄂州", "name:en": "Ezhou", "splitted": null, "degree": 4, "pop": 907441.88 }, "geometry": { "type": "Polygon", "coordinates": [ [ [ 114.62586380656731, 30.075139576472498 ], [ 114.576496977493235, 30.135482664460447 ], [ 114.816999347395694, 30.522912161353343 ], [ 115.010324262150917, 30.363095913478631 ], [ 114.820945319726832, 30.184394615675032 ], [ 114.62586380656731, 30.075139576472498 ] ] ] } },
{ "type": "Feature", "properties": { "station_name_original": "Baigou", "osmid": 3947949904, "english_name": "Baigou Railway Station", "city": "Baoding", "province": "Hebei", "zh_name": "白沟", "name": "白沟", "name:en": "Baigou", "splitted": null, "degree": 5, "pop": 1577145.8 }, "geometry": { "type": "Polygon", "coordinates": [ [ [ 116.096243193628922, 38.411973325546789 ], [ 116.016459867540533, 38.588007401835597 ], [ 115.971333031693106, 39.156301995615983 ], [ 116.142799596710972, 39.280286881125001 ], [ 116.210487296116867, 39.287420073346169 ], [ 116.229385675289421, 38.527290547253941 ], [ 116.096243193628922, 38.411973325546789 ] ] ] } },
{ "type": "Feature", "properties": { "station_name_original": "Minqingbei", "osmid": 9524540938, "english_name": "Minqing North Railway Station", "city": "Minqing", "province": "Fujian", "zh_name": "闽清北", "name": "闽清北", "name:en": null, "splitted": null, "degree": 5, "pop": 355179.03 }, "geometry": { "type": "Polygon", "coordinates": [ [ [ 118.527733280555765, 26.088982555291508 ], [ 119.077928873638626, 26.755322265376574 ], [ 119.172890471565921, 26.579773082312897 ], [ 119.199072689181762, 26.471155444589485 ], [ 119.048099526318737, 26.09003305538403 ], [ 118.538311761861777, 26.024301992064807 ], [ 118.527733280555765, 26.088982555291508 ] ] ] } },
{ "type": "Feature", "properties": { "station_name_original": "Dayebei", "osmid": 3097125157, "english_name": "Daye North Railway Station", "city": "Daye", "province": "Hubei", "zh_name": "大冶北", "name": "大冶北", "name:en": "Dayebei", "splitted": null, "degree": 7, "pop": 772068.19 }, "geometry": { "type": "Polygon", "coordinates": [ [ [ 114.62586380656731, 30.075139576472498 ], [ 114.820945319726832, 30.184394615675032 ], [ 115.263434340515744, 30.147597231002287 ], [ 114.686371648982771, 29.885546007903486 ], [ 114.62586380656731, 30.075139576472498 ] ] ] } },
{ "type": "Feature", "properties": { "station_name_original": "Machengbei", "osmid": 7199441363, "english_name": "Macheng North Railway Station", "city": "Macheng", "province": "Hubei", "zh_name": "麻城北", "name": "麻城北", "name:en": null, "splitted": null, "degree": 6, "pop": 1715106.0 }, "geometry": { "type": "Polygon", "coordinates": [ [ [ 114.624876991160804, 31.440842726397232 ], [ 114.888200813559209, 31.944696597668642 ], [ 115.095998877530832, 32.123878683783147 ], [ 115.16456135440157, 32.109206302995233 ], [ 115.721548590205984, 30.851295851187817 ], [ 114.931855907765296, 30.849106251779883 ], [ 114.624876991160804, 31.440842726397232 ] ] ] } },
{ "type": "Feature", "properties": { "station_name_original": "Yangxin", "osmid": 1769587486, "english_name": "Yangxin Railway Station", "city": "Yangxin", "province": "Hubei", "zh_name": "阳新", "name": "阳新", "name:en": "Yangxin", "splitted": null, "degree": 10, "pop": 757442.12 }, "geometry": { "type": "Polygon", "coordinates": [ [ [ 114.699386716923797, 29.082757829084986 ], [ 114.717263716475358, 29.48105628954967 ], [ 115.371421448050143, 30.176174540427684 ], [ 115.492567189082436, 30.235293783155559 ], [ 114.963236881041851, 29.12175360219074 ], [ 114.699386716923797, 29.082757829084986 ] ] ] } },
{ "type": "Feature", "properties": { "station_name_original": "Yandangshan", "osmid": 7714110153, "english_name": "Yandangshan Railway Station", "city": "Leqing", "province": "Zhejiang", "zh_name": "雁荡山", "name": "雁荡山", "name:en": "Yandangshan", "splitted": null, "degree": 7, "pop": 774489.38 }, "geometry": { "type": "Polygon", "coordinates": [ [ [ 123.035339472951947, 26.127576879571482 ], [ 122.873303512799083, 26.265080200389274 ], [ 120.678963050216666, 28.704493561195463 ], [ 121.058193194869474, 28.637833778051601 ], [ 123.035339472951947, 26.127576879571482 ] ] ] } },
{ "type": "Feature", "properties": { "station_name_original": "Puning", "osmid": 10555760577, "english_name": "Puning Railway Station", "city": "Puning", "province": "Guangdong", "zh_name": "普宁", "name": "普宁", "name:en": "Puning", "splitted": null, "degree": 8, "pop": 3127059.0 }, "geometry": { "type": "Polygon", "coordinates": [ [ [ 116.570176805699916, 22.810045475455333 ], [ 116.597844931145133, 22.663461775987354 ], [ 115.730920373462794, 23.530928700779373 ], [ 116.021409583718352, 23.535521055464393 ], [ 116.243924439198736, 23.447736835097007 ], [ 116.570176805699916, 22.810045475455333 ] ] ] } },
{ "type": "Feature", "properties": { "station_name_original": "Chaoyang", "osmid": 2832361211, "english_name": "Chaoyang Railway Station", "city": "Chaoyang", "province": "Liaoning", "zh_name": "朝阳", "name": "潮阳", "name:en": "Chaoyang", "splitted": null, "degree": 6, "pop": 2434838.2 }, "geometry": { "type": "Polygon", "coordinates": [ [ [ 116.243924439198736, 23.447736835097007 ], [ 116.395099502335512, 23.505808899887011 ], [ 116.538328261650875, 23.423120981382233 ], [ 116.584795837904522, 23.374782033631718 ], [ 116.570176805699916, 22.810045475455333 ], [ 116.243924439198736, 23.447736835097007 ] ] ] } },
{ "type": "Feature", "properties": { "station_name_original": "Benxi", "osmid": 3525580953, "english_name": "Benxi Railway Station", "city": "Benxi", "province": "Liaoning", "zh_name": "本溪", "name": "本溪", "name:en": "Benxi", "splitted": null, "degree": 8, "pop": 1045761.7 }, "geometry": { "type": "Polygon", "coordinates": [ [ [ 123.45776772481068, 41.277966453544309 ], [ 124.699493314908381, 41.8092135160474 ], [ 125.449721804476198, 41.713047733240721 ], [ 125.632228132223631, 41.645606806783931 ], [ 125.266881750581248, 41.479876122976563 ], [ 124.269233383585416, 41.170803409375722 ], [ 123.458710461734967, 41.237624657585172 ], [ 123.45776772481068, 41.277966453544309 ] ] ] } },
{ "type": "Feature", "properties": { "station_name_original": "Laibinbei", "osmid": 3677192583, "english_name": "Laibin North Railway Station", "city": "Laibin", "province": "Guangxi", "zh_name": "来宾北", "name": "来宾北", "name:en": "Laibinbei", "splitted": null, "degree": 3, "pop": 1743132.8 }, "geometry": { "type": "Polygon", "coordinates": [ [ [ 107.63835125717101, 24.431585836167294 ], [ 107.66961498506268, 24.453064154608501 ], [ 110.125539634396432, 23.824344557469203 ], [ 109.405998245539166, 23.417959819506908 ], [ 108.368391127319654, 23.714747494136997 ], [ 108.208583748362187, 23.860321812104488 ], [ 107.63835125717101, 24.431585836167294 ] ] ] } },
{ "type": "Feature", "properties": { "station_name_original": "Dandong", "osmid": 582810252, "english_name": "Dandong Railway Station", "city": "Dandong", "province": "Liaoning", "zh_name": "丹东", "name": "丹东", "name:en": "Dandong", "splitted": null, "degree": 4, "pop": 780735.81 }, "geometry": { "type": "Polygon", "coordinates": [ [ [ 129.878775459974605, 36.117186090027388 ], [ 131.072907679476771, 33.530685843064532 ], [ 127.890535343619931, 35.644871277892044 ], [ 124.190101771871213, 40.091771269955714 ], [ 126.228028913132363, 41.548875284736617 ], [ 126.501379617398968, 41.388551876978255 ], [ 126.862307843134644, 41.0969266887274 ], [ 127.410981457898032, 40.446518794563886 ], [ 127.853535877620359, 39.779107885363153 ], [ 129.878775459974605, 36.117186090027388 ] ] ] } },
{ "type": "Feature", "properties": { "station_name_original": "Lushan", "osmid": 1769587482, "english_name": "Lushan Railway Station", "city": "Lushan", "province": "Jiangxi", "zh_name": null, "name": "庐山", "name:en": "Lushan", "splitted": null, "degree": 10, "pop": 423016.0 }, "geometry": { "type": "Polygon", "coordinates": [ [ [ 115.716778095293463, 29.495295822637466 ], [ 115.799592766337426, 29.81788045953331 ], [ 116.120841234136023, 29.435479776144778 ], [ 116.101147901387591, 29.345139470486 ], [ 115.716778095293463, 29.495295822637466 ] ] ] } },
{ "type": "Feature", "properties": { "station_name_original": "Jianyangnan", "osmid": 3500462638, "english_name": "Jianyang South Railway Station", "city": "Jianyang", "province": "Sichuan", "zh_name": "简阳南", "name": "简阳南", "name:en": "Jianyang South", "splitted": null, "degree": 6, "pop": 1732769.8 }, "geometry": { "type": "Polygon", "coordinates": [ [ [ 104.256709948702294, 29.998628160441005 ], [ 104.244281826718918, 30.028851698020986 ], [ 104.185221425983954, 30.294344793525703 ], [ 104.185217035547282, 30.29494497099672 ], [ 104.197942584502115, 30.317569421917753 ], [ 104.427008916993003, 30.632303463983153 ], [ 104.565497378686274, 30.732891459145346 ], [ 104.650343290351344, 30.778800133235222 ], [ 104.722803066964246, 30.805630704920489 ], [ 104.848147660871263, 30.825593426897246 ], [ 105.105649774009066, 30.821021380220834 ], [ 105.228882605230538, 30.798855078475114 ], [ 105.255923132798401, 30.715630885082888 ], [ 104.256709948702294, 29.998628160441005 ] ] ] } },
{ "type": "Feature", "properties": { "station_name_original": "Dazunan", "osmid": 9334658570, "english_name": "Dazu South Railway Station", "city": "Dazu", "province": "Chongqing", "zh_name": "大足南", "name": "大足南", "name:en": null, "splitted": null, "degree": 10, "pop": 948422.44 }, "geometry": { "type": "Polygon", "coordinates": [ [ [ 105.696466295329344, 28.787620760061426 ], [ 105.617616889843532, 28.823806489231462 ], [ 105.747392422803998, 29.950856722190998 ], [ 105.92812180470473, 29.771950807432034 ], [ 105.930607542799621, 29.757625941630653 ], [ 105.696466295329344, 28.787620760061426 ] ] ] } },
{ "type": "Feature", "properties": { "station_name_original": "Huyi", "osmid": 9527263756, "english_name": "Huyi Railway Station", "city": "Xi'an", "province": "Shaanxi", "zh_name": "鄠邑", "name": "鄠邑", "name:en": "Huyi", "splitted": null, "degree": 5, "pop": 1963726.5 }, "geometry": { "type": "Polygon", "coordinates": [ [ [ 108.532526813880168, 34.248347425149092 ], [ 108.994553354250129, 34.064099852984604 ], [ 109.432643540662198, 33.682669809047113 ], [ 109.913612962511962, 32.838558206021212 ], [ 109.994921939472775, 32.609099648673116 ], [ 109.754310423137596, 32.490929081396779 ], [ 109.477707167014998, 32.408390390767813 ], [ 108.27478052641041, 33.85484819342782 ], [ 108.392323719521329, 34.277154742081891 ], [ 108.532526813880168, 34.248347425149092 ] ] ] } },
{ "type": "Feature", "properties": { "station_name_original": "Yuchengdong", "osmid": 4039416861, "english_name": "Yucheng East Railway Station", "city": "Yucheng", "province": "Shandong", "zh_name": "禹城东", "name": "禹城东", "name:en": null, "splitted": null, "degree": 5, "pop": 2393545.0 }, "geometry": { "type": "Polygon", "coordinates": [ [ [ 115.726244892139903, 36.327014444828706 ], [ 115.694918114467072, 36.477805983567542 ], [ 117.308563954359812, 37.619486333259616 ], [ 117.218644081750597, 37.345465420994294 ], [ 117.155431517371071, 37.252186876438465 ], [ 116.4214829457989, 36.680547303469545 ], [ 115.726244892139903, 36.327014444828706 ] ] ] } },
{ "type": "Feature", "properties": { "station_name_original": "Dangtudong", "osmid": 2987518504, "english_name": "Dangtu East Railway Station", "city": "Dangtu", "province": "Anhui", "zh_name": "当涂东", "name": "当涂东", "name:en": "Dangtu East", "splitted": null, "degree": 2, "pop": 635194.75 }, "geometry": { "type": "Polygon", "coordinates": [ [ [ 118.221904177186161, 31.603224893411763 ], [ 118.227560598906877, 31.663161571188809 ], [ 118.808853209308495, 31.597295544673489 ], [ 118.812570305134628, 31.591080019152365 ], [ 118.893977283691854, 31.197426512424503 ], [ 118.775095401385045, 31.253275786649173 ], [ 118.221904177186161, 31.603224893411763 ] ] ] } },
{ "type": "Feature", "properties": { "station_name_original": "Pingyuandong", "osmid": 4039416860, "english_name": "Pingyuan East Railway Station", "city": "Pingyuan", "province": "Shandong", "zh_name": "平原东", "name": "平原东", "name:en": "Pingyuan East", "splitted": null, "degree": 5, "pop": 1764981.5 }, "geometry": { "type": "Polygon", "coordinates": [ [ [ 115.633933149457249, 36.684292103802463 ], [ 115.815533286246975, 36.872547091730354 ], [ 117.109966129837588, 37.686658390379485 ], [ 117.322755950387005, 37.650381880558967 ], [ 117.308563954359812, 37.619486333259616 ], [ 115.694918114467072, 36.477805983567542 ], [ 115.633933149457249, 36.684292103802463 ] ] ] } },
{ "type": "Feature", "properties": { "station_name_original": "Shanghaixi", "osmid": 6898405622, "english_name": "Shanghai West Railway Station", "city": "Shanghai", "province": "Shanghai", "zh_name": "上海西", "name": "上海西站", "name:en": "Shanghai West Railway Station", "splitted": null, "degree": 5, "pop": 3096563.2 }, "geometry": { "type": "Polygon", "coordinates": [ [ [ 121.400939787431184, 31.178773623121529 ], [ 121.344709561157231, 31.244183680543387 ], [ 121.66040732132889, 32.823140181786989 ], [ 121.929766023853176, 32.97853910076811 ], [ 121.400939787431184, 31.178773623121529 ] ] ] } },
{ "type": "Feature", "properties": { "station_name_original": "Minggangdong", "osmid": 8396976232, "english_name": "Minggang East Railway Station", "city": "Minggang", "province": "Henan", "zh_name": "明港东", "name": "明港东", "name:en": null, "splitted": null, "degree": 3, "pop": 1344809.5 }, "geometry": { "type": "Polygon", "coordinates": [ [ [ 113.311250624183074, 32.581277870904806 ], [ 113.312087985124322, 32.583811107604653 ], [ 113.34536820011138, 32.633185056209804 ], [ 114.652523182061444, 32.852670832217719 ], [ 114.68833730323604, 32.823151540765657 ], [ 114.814219322968242, 32.514440779849082 ], [ 113.592861120890774, 32.174382896173256 ], [ 113.348966275352737, 32.463380276636222 ], [ 113.311250624183074, 32.581277870904806 ] ] ] } },
{ "type": "Feature", "properties": { "station_name_original": "Niuheliang", "osmid": 4507807331, "english_name": "Niuheliang Railway Station", "city": "Chaoyang", "province": "Liaoning", "zh_name": "牛河梁", "name": "牛河梁", "name:en": "Niuheliang", "splitted": null, "degree": 6, "pop": 2713501.0 }, "geometry": { "type": "Polygon", "coordinates": [ [ [ 118.285179906261945, 45.433791949411592 ], [ 119.028892267744794, 43.572247108037111 ], [ 119.55051944353545, 41.873466922740811 ], [ 119.636667572253344, 40.625219947588469 ], [ 119.538910375749083, 40.58723472301083 ], [ 119.182551557622503, 40.531130037108802 ], [ 117.98189016382301, 45.795710492051093 ], [ 118.285179906261945, 45.433791949411592 ] ] ] } },
{ "type": "Feature", "properties": { "station_name_original": "Qinan", "osmid": 3682215468, "english_name": "Qin'an Railway Station", "city": "Qin'an", "province": "Gansu", "zh_name": "秦安", "name": "秦安", "name:en": "Qin'an", "splitted": null, "degree": 4, "pop": 2325993.0 }, "geometry": { "type": "Polygon", "coordinates": [ [ [ 104.346799694725149, 33.762592855554466 ], [ 107.238384267726005, 37.041257789425075 ], [ 106.676291492657967, 35.313178023864985 ], [ 104.346799694725149, 33.762592855554466 ] ] ] } },
{ "type": "Feature", "properties": { "station_name_original": "Xinganbei", "osmid": 7830203476, "english_name": "Xingan North Railway Station", "city": "Xingan", "province": "Jiangxi", "zh_name": null, "name": "兴安北", "name:en": "Xing'an North", "splitted": null, "degree": 3, "pop": 632349.12 }, "geometry": { "type": "Polygon", "coordinates": [ [ [ 110.128461447572107, 25.93648262925165 ], [ 110.149179784095722, 26.370408264541233 ], [ 110.427785977026943, 26.380203671458165 ], [ 111.192582165678132, 25.358252525964069 ], [ 110.879222822895017, 25.282909883111277 ], [ 110.660901165887807, 25.313425966580191 ], [ 110.433006964208943, 25.554335483295272 ], [ 110.128461447572107, 25.93648262925165 ] ] ] } },
{ "type": "Feature", "properties": { "station_name_original": "Jiangyou", "osmid": 1742504938, "english_name": "Jiangyou Railway Station", "city": "Jiangyou", "province": "Sichuan", "zh_name": "江油", "name": "江油", "name:en": "Jiangyou", "splitted": null, "degree": 5, "pop": 936283.88 }, "geometry": { "type": "Polygon", "coordinates": [ [ [ 104.36667858974549, 31.684437468369978 ], [ 103.75162397324128, 31.987311606343258 ], [ 101.631348489060102, 33.301109755437047 ], [ 102.936833979439513, 33.611397713160358 ], [ 103.749491429412998, 33.650530963170866 ], [ 105.136419077803652, 31.557683479591777 ], [ 104.36667858974549, 31.684437468369978 ] ] ] } },
{ "type": "Feature", "properties": { "station_name_original": "Bishan", "osmid": 3500459008, "english_name": "Bishan Railway Station", "city": "Bishan", "province": "Chongqing", "zh_name": null, "name": "璧山", "name:en": "Bishan", "splitted": null, "degree": 9, "pop": 1385004.8 }, "geometry": { "type": "Polygon", "coordinates": [ [ [ 105.930607542799621, 29.757625941630653 ], [ 105.92812180470473, 29.771950807432034 ], [ 106.295050376729975, 29.728500679757531 ], [ 106.329290449615044, 29.574818016306907 ], [ 106.326075654743747, 29.400880510347694 ], [ 106.178246145031395, 29.243564308251614 ], [ 105.930607542799621, 29.757625941630653 ] ] ] } },
{ "type": "Feature", "properties": { "station_name_original": "Fenghua", "osmid": 7714110160, "english_name": "Fenghua Railway Station", "city": "Fenghua", "province": "Zhejiang", "zh_name": "奉化", "name": "奉化", "name:en": "Fenghua", "splitted": null, "degree": 5, "pop": 1105504.1 }, "geometry": { "type": "Polygon", "coordinates": [ [ [ 120.956300025701182, 29.559761196085208 ], [ 121.058130897564681, 29.705632913633512 ], [ 121.247372730023997, 29.824936280597772 ], [ 123.246070329000602, 29.203642109206108 ], [ 120.956300025701182, 29.559761196085208 ] ] ] } },
{ "type": "Feature", "properties": { "station_name_original": "Qingsheng", "osmid": 6487873950, "english_name": "Qingsheng Railway Station", "city": "Foshan", "province": "Guangdong", "zh_name": "庆盛", "name": "庆盛", "name:en": "Qingsheng", "splitted": null, "degree": 4, "pop": 2979455.8 }, "geometry": { "type": "Polygon", "coordinates": [ [ [ 113.270455989987624, 22.741019338305222 ], [ 113.538123423172664, 23.236394076660623 ], [ 113.592483193219067, 23.267241243177548 ], [ 113.568506778418751, 22.688650600569677 ], [ 113.270455989987624, 22.741019338305222 ] ] ] } },
{ "type": "Feature", "properties": { "station_name_original": "Jingdezhenbei", "osmid": 2988925898, "english_name": "Jingdezhen North Railway Station", "city": "Jingdezhen", "province": "Jiangxi", "zh_name": "景德镇北", "name": "景德镇北", "name:en": null, "splitted": null, "degree": 3, "pop": 1260556.4 }, "geometry": { "type": "Polygon", "coordinates": [ [ [ 116.91010570250053, 29.908463309240457 ], [ 116.91143455187995, 29.911726477274577 ], [ 117.381846370577776, 29.980767976029881 ], [ 117.393819084599642, 29.978155080400807 ], [ 117.612121215678712, 29.656009664244277 ], [ 117.528353670775545, 29.121746762430824 ], [ 117.383970704119605, 28.887812333382293 ], [ 117.260148319959512, 28.860829372551265 ], [ 116.823309513794328, 29.39926760076338 ], [ 116.91010570250053, 29.908463309240457 ] ] ] } },
{ "type": "Feature", "properties": { "station_name_original": "Yantai", "osmid": 582812869, "english_name": "Yantai Railway Station", "city": "Yantai", "province": "Shandong", "zh_name": "烟台", "name": "烟台", "name:en": "Yantai", "splitted": null, "degree": 3, "pop": 1921700.8 }, "geometry": { "type": "Polygon", "coordinates": [ [ [ 120.40748434935044, 37.976499841706598 ], [ 120.157970401356962, 38.196103959106509 ], [ 120.003354302653094, 38.363964687883794 ], [ 120.138973850861603, 38.479656045582622 ], [ 121.762570522779839, 38.188064558750511 ], [ 121.747400017447291, 37.994787387382409 ], [ 121.518900568532459, 37.500798314438192 ], [ 121.13201407051389, 37.46859617694755 ], [ 120.40748434935044, 37.976499841706598 ] ] ] } },
{ "type": "Feature", "properties": { "station_name_original": "Xiangyangdong", "osmid": 7713231790, "english_name": "Xiangyang East Railway Station", "city": "Xiangyang", "province": "Hubei", "zh_name": "襄阳东", "name": "襄阳东", "name:en": "Xiangyangdong", "splitted": null, "degree": 8, "pop": 3880124.5 }, "geometry": { "type": "Polygon", "coordinates": [ [ [ 110.865519088002216, 31.995139896649622 ], [ 110.703890786724841, 32.226886000471552 ], [ 112.490395086071118, 32.318433311144638 ], [ 112.604457412364454, 31.366249857734058 ], [ 112.554167550681171, 31.1812984011104 ], [ 112.549175051585848, 31.179321353450085 ], [ 112.174530112072603, 31.198238883676652 ], [ 111.891833946093897, 31.294598410034062 ], [ 110.865519088002216, 31.995139896649622 ] ] ] } },
{ "type": "Feature", "properties": { "station_name_original": "Xianyangqindu", "osmid": 1532510499, "english_name": "Xianyang Qindu Railway Station", "city": "Xianyang", "province": "Shaanxi", "zh_name": null, "name": "咸阳", "name:en": "Xianyang", "splitted": null, "degree": 3, "pop": 2515962.0 }, "geometry": { "type": "Polygon", "coordinates": [ [ [ 107.973457971919728, 37.446887705373499 ], [ 107.957194501928441, 37.707432429101011 ], [ 108.280179108730692, 37.650659667633569 ], [ 108.376469078549633, 37.275085318674364 ], [ 108.836055016938772, 34.335951418355748 ], [ 108.532526813880168, 34.248347425149092 ], [ 108.392323719521329, 34.277154742081891 ], [ 107.973457971919728, 37.446887705373499 ] ] ] } },
{ "type": "Feature", "properties": { "station_name_original": "Tianjin", "osmid": 11060813848, "english_name": "Tianjin Railway Station", "city": "Tianjin", "province": "Tianjin", "zh_name": "天津", "name": "天津站", "name:en": "Tianjin Station", "splitted": null, "degree": 8, "pop": 3890262.2 }, "geometry": { "type": "Polygon", "coordinates": [ [ [ 117.397814244334882, 39.647582278085437 ], [ 117.430709283591753, 39.462187244488028 ], [ 117.242409728693403, 38.888082622066193 ], [ 117.145340441122045, 39.066664989013539 ], [ 117.397814244334882, 39.647582278085437 ] ] ] } },
{ "type": "Feature", "properties": { "station_name_original": "Sanmingbei", "osmid": 2501318815, "english_name": "Sanming North Railway Station", "city": "Sanming", "province": "Fujian", "zh_name": "三明北", "name": "三明北", "name:en": "Sanmingbei", "splitted": null, "degree": 8, "pop": 241365.88 }, "geometry": { "type": "Polygon", "coordinates": [ [ [ 117.577924414748708, 26.477403341849058 ], [ 117.806170548417839, 26.712191664982477 ], [ 118.024661392418167, 26.36345043146126 ], [ 117.847021769166432, 26.07831638574854 ], [ 117.577924414748708, 26.477403341849058 ] ] ] } },
{ "type": "Feature", "properties": { "station_name_original": "Fuqing", "osmid": 1878843430, "english_name": "Fuqing Railway Station", "city": "Fuqing", "province": "Fujian", "zh_name": "福清", "name": "福清", "name:en": "Fuqing", "splitted": null, "degree": 4, "pop": 1772634.9 }, "geometry": { "type": "Polygon", "coordinates": [ [ [ 159.746846600000026, -7.3722308 ], [ 149.962441571581536, -7.3722308 ], [ 127.919034001746184, 15.781979919174766 ], [ 119.143153620664734, 25.736064131464776 ], [ 119.182180536539093, 25.837536230606968 ], [ 119.790378859747065, 25.825366265070993 ], [ 122.248513160537485, 24.958095807318255 ], [ 122.780185395469019, 24.678658860758691 ], [ 129.072557492237848, 21.03606472277232 ], [ 159.746846600000026, -0.221111721942917 ], [ 159.746846600000026, -7.3722308 ] ] ] } },
{ "type": "Feature", "properties": { "station_name_original": "Puwan", "osmid": 2832751253, "english_name": "Puwan Railway Station", "city": "Dalian", "province": "Liaoning", "zh_name": null, "name": "金普", "name:en": null, "splitted": null, "degree": 6, "pop": 964618.94 }, "geometry": { "type": "Polygon", "coordinates": [ [ [ 121.909893190487267, 39.03820864286525 ], [ 121.13207419897708, 39.545039647070872 ], [ 122.397727497868829, 39.448132694639149 ], [ 122.663530033113176, 38.697723363550281 ], [ 121.909893190487267, 39.03820864286525 ] ] ] } },
{ "type": "Feature", "properties": { "station_name_original": "Mouping", "osmid": 3315768037, "english_name": "Mouping Railway Station", "city": "Yantai", "province": "Shandong", "zh_name": "牟平", "name": "牟平", "name:en": "Muping", "splitted": null, "degree": 3, "pop": 655454.19 }, "geometry": { "type": "Polygon", "coordinates": [ [ [ 121.893854173861854, 37.146172513917087 ], [ 121.715305444187393, 36.553220948973625 ], [ 121.505079465256813, 37.052709162195384 ], [ 121.518900568532459, 37.500798314438192 ], [ 121.747400017447291, 37.994787387382409 ], [ 121.893623141175922, 37.188954346619369 ], [ 121.893854173861854, 37.146172513917087 ] ] ] } },
{ "type": "Feature", "properties": { "station_name_original": "Nanchang", "osmid": 2375669728, "english_name": "Nanchang Railway Station", "city": "Nanchang", "province": "Jiangxi", "zh_name": "南昌", "name": "南昌火车站", "name:en": "Nanchang Railway Station", "splitted": null, "degree": 10, "pop": 3942223.5 }, "geometry": { "type": "Polygon", "coordinates": [ [ [ 115.960581145306108, 28.395577597415123 ], [ 115.928331765198351, 28.402747082698617 ], [ 115.796851246125982, 28.824920625382234 ], [ 116.301444014605693, 28.97457628475367 ], [ 116.368622982539264, 28.787589398484446 ], [ 115.960581145306108, 28.395577597415123 ] ] ] } },
{ "type": "Feature", "properties": { "station_name_original": "Dongjiakou", "osmid": 6182217379, "english_name": "Dongjiakou Railway Station", "city": "Weifang", "province": "Shandong", "zh_name": "东家口", "name": "董家口火车站", "name:en": "Dongjiakou Railway Station", "splitted": null, "degree": 2, "pop": 1032054.1 }, "geometry": { "type": "Polygon", "coordinates": [ [ [ 119.107710687155958, 36.007942538245715 ], [ 119.214032139011181, 36.072426767433051 ], [ 119.588522118029104, 36.044937538889855 ], [ 120.567266449547589, 35.009677135564885 ], [ 120.611228225875408, 34.941816036069021 ], [ 120.383462837109619, 34.921446042189302 ], [ 120.14297982900564, 34.925979966573195 ], [ 119.107710687155958, 36.007942538245715 ] ] ] } },
{ "type": "Feature", "properties": { "station_name_original": "Puanxian", "osmid": 3328330804, "english_name": "Puan Railway Station", "city": "Puan", "province": "Guizhou", "zh_name": null, "name": "普安县", "name:en": "Pu'an", "splitted": null, "degree": 5, "pop": 4034559.0 }, "geometry": { "type": "Polygon", "coordinates": [ [ [ 104.979194861270258, 22.997352112654337 ], [ 104.768215096005306, 24.415454024097073 ], [ 104.683447558439568, 26.70782584638571 ], [ 105.025064920964695, 26.57953720423971 ], [ 105.807760429933083, 23.411918743043902 ], [ 105.175792134886947, 22.680853883445149 ], [ 104.979194861270258, 22.997352112654337 ] ] ] } },
{ "type": "Feature", "properties": { "station_name_original": "Shuangchengbei", "osmid": 1488712226, "english_name": "Shuangcheng North Railway Station", "city": "Shuangcheng", "province": "Heilongjiang", "zh_name": "双城北", "name": "双城北", "name:en": "Shuangchengbei", "splitted": null, "degree": 4, "pop": 695000.94 }, "geometry": { "type": "Polygon", "coordinates": [ [ [ 126.693711297767067, 45.263350029853648 ], [ 126.79675306045084, 44.789160520382715 ], [ 125.624124656069881, 45.53921828172453 ], [ 126.182492814833168, 45.772157463537951 ], [ 126.29041191574494, 45.704601935052146 ], [ 126.693711297767067, 45.263350029853648 ] ] ] } },
{ "type": "Feature", "properties": { "station_name_original": "Fuyangxi", "osmid": 4592130192, "english_name": "Fuyang West Railway Station", "city": "Fuyang", "province": "Zhejiang", "zh_name": "富阳西", "name": "阜阳西", "name:en": "Fuyangxi", "splitted": null, "degree": 15, "pop": 3419591.0 }, "geometry": { "type": "Polygon", "coordinates": [ [ [ 115.26130771849779, 32.150652994036477 ], [ 115.579223850206645, 33.00693114561011 ], [ 116.097883672065322, 33.055414385370632 ], [ 115.73265889057835, 32.234127857880729 ], [ 115.26130771849779, 32.150652994036477 ] ] ] } },
{ "type": "Feature", "properties": { "station_name_original": "Qishan", "osmid": 2820611675, "english_name": "Qishan Railway Station", "city": "Qishan", "province": "Shaanxi", "zh_name": "岐山", "name": "岐山", "name:en": "Qishan", "splitted": null, "degree": 3, "pop": 1614914.1 }, "geometry": { "type": "Polygon", "coordinates": [ [ [ 107.954444683480844, 37.708397869764624 ], [ 107.957194501928441, 37.707432429101011 ], [ 107.973457971919728, 37.446887705373499 ], [ 107.811519157041488, 33.897237837041196 ], [ 107.517260264988337, 33.756152068708559 ], [ 107.333963788161867, 33.771868717613202 ], [ 107.954444683480844, 37.708397869764624 ] ] ] } },
{ "type": "Feature", "properties": { "station_name_original": "Zhaoqingdong", "osmid": 9195330007, "english_name": "Zhaoqing East Railway Station", "city": "Zhaoqing", "province": "Guangdong", "zh_name": "肇庆东", "name": "肇庆东", "name:en": "Zhaoqingdong", "splitted": null, "degree": 6, "pop": 1842132.6 }, "geometry": { "type": "Polygon", "coordinates": [ [ [ 112.545221562566908, 22.728322865489261 ], [ 112.266216319373825, 23.451960429098431 ], [ 112.626363505831165, 23.719984007005191 ], [ 112.873573753431799, 23.476717285869928 ], [ 112.888761490484796, 23.42611152726084 ], [ 112.548251003345115, 22.728826713679737 ], [ 112.545221562566908, 22.728322865489261 ] ] ] } },
{ "type": "Feature", "properties": { "station_name_original": "Fanchangxi", "osmid": 9242148044, "english_name": "Fanchang West Railway Station", "city": "Fanchang", "province": "Anhui", "zh_name": "繁昌西", "name": "繁昌西", "name:en": null, "splitted": null, "degree": 2, "pop": 297885.03 }, "geometry": { "type": "Polygon", "coordinates": [ [ [ 118.032316792967634, 31.168633772764032 ], [ 118.169236655251041, 31.279774568081873 ], [ 118.362468961462653, 31.038676690649382 ], [ 118.142125657758498, 30.907795629448938 ], [ 118.032316792967634, 31.168633772764032 ] ] ] } },
{ "type": "Feature", "properties": { "station_name_original": "Suizhongbei", "osmid": 1582507290, "english_name": "Suizhong North Railway Station", "city": "Suizhong", "province": "Liaoning", "zh_name": "绥中北", "name": "绥中北", "name:en": "Suizhongbei", "splitted": null, "degree": 4, "pop": 522912.19 }, "geometry": { "type": "Polygon", "coordinates": [ [ [ 119.799900381486196, 40.630854569175483 ], [ 120.222098315504283, 40.881084704348623 ], [ 120.233672136601399, 40.883903701705854 ], [ 121.059028456125716, 39.964559880046181 ], [ 120.904728788005116, 39.626591137533609 ], [ 120.619443018909323, 39.351792716257705 ], [ 119.799900381486196, 40.630854569175483 ] ] ] } },
{ "type": "Feature", "properties": { "station_name_original": "Lufeng", "osmid": 1732278092, "english_name": "Lufeng Railway Station", "city": "Lufeng", "province": "Guangdong", "zh_name": null, "name": "陆丰", "name:en": "Lufeng", "splitted": null, "degree": 6, "pop": 1223347.4 }, "geometry": { "type": "Polygon", "coordinates": [ [ [ 115.277825974790773, 23.542867693814074 ], [ 115.250004231535371, 23.668124457877497 ], [ 115.494999392689522, 23.604597968109168 ], [ 115.618661058668181, 23.5567613723587 ], [ 123.099475620920913, 6.596070587861724 ], [ 125.025867014556923, 1.943249777459315 ], [ 115.277825974790773, 23.542867693814074 ] ] ] } },
{ "type": "Feature", "properties": { "station_name_original": "Xinminbei", "osmid": 4507873121, "english_name": "Xinmin North Railway Station", "city": "Xinmin", "province": "Liaoning", "zh_name": "新民北", "name": "新民北", "name:en": "Xinminbei", "splitted": null, "degree": 5, "pop": 496277.44 }, "geometry": { "type": "Polygon", "coordinates": [ [ [ 123.204300715639619, 42.189090604470891 ], [ 123.040614986518506, 41.770617046291513 ], [ 122.538001712820147, 41.808167602986209 ], [ 122.551076324672266, 42.118978204571512 ], [ 123.12878884741761, 42.560494254637284 ], [ 123.21238268766335, 42.213618255825232 ], [ 123.204300715639619, 42.189090604470891 ] ] ] } },
{ "type": "Feature", "properties": { "station_name_original": "Qijiangdong", "osmid": 3695373142, "english_name": "Qijiang East Railway Station", "city": "Qijiang", "province": "Chongqing", "zh_name": "綦江东", "name": "綦江东", "name:en": "Qijiang West", "splitted": null, "degree": 6, "pop": 1243327.8 }, "geometry": { "type": "Polygon", "coordinates": [ [ [ 106.106111744140094, 28.798425221814245 ], [ 106.116040471212841, 28.818753889424713 ], [ 106.762319167617875, 29.335142278170004 ], [ 107.146936783345751, 29.250767486221925 ], [ 107.424635195955219, 29.022319852966927 ], [ 106.106111744140094, 28.798425221814245 ] ] ] } },
{ "type": "Feature", "properties": { "station_name_original": "Wawushan", "osmid": 2760645643, "english_name": "Wawushan Railway Station", "city": "Hongya", "province": "Sichuan", "zh_name": "瓦屋山", "name": "瓦屋山", "name:en": "Wawushan Railway Station", "splitted": null, "degree": 5, "pop": 541011.5 }, "geometry": { "type": "Polygon", "coordinates": [ [ [ 118.974572423213075, 30.965037013839758 ], [ 118.894003419742418, 31.197383019209326 ], [ 119.334791103927358, 31.850303857857096 ], [ 119.550408758160629, 31.694898046756467 ], [ 118.98776861265911, 30.9520538641592 ], [ 118.974572423213075, 30.965037013839758 ] ] ] } },
{ "type": "Feature", "properties": { "station_name_original": "Yongannan", "osmid": 4665343372, "english_name": "Yong'an South Railway Station", "city": "Yong'an", "province": "Fujian", "zh_name": "永安南", "name": "永安南", "name:en": "Yong'annan", "splitted": null, "degree": 5, "pop": 409035.97 }, "geometry": { "type": "Polygon", "coordinates": [ [ [ 116.832812341930349, 26.072350751052753 ], [ 116.801797394684598, 26.258349056399535 ], [ 117.009626631480771, 26.368669445508793 ], [ 117.088659683790638, 26.359487712183086 ], [ 117.821758400472902, 25.85614077965457 ], [ 117.85199392807128, 25.756809144436961 ], [ 116.990478630034829, 25.802052047044224 ], [ 116.832812341930349, 26.072350751052753 ] ] ] } },
{ "type": "Feature", "properties": { "station_name_original": "Jiangning", "osmid": 2830239653, "english_name": "Jiangning Railway Station", "city": "Nanjing", "province": "Jiangsu", "zh_name": "江宁", "name": "江宁", "name:en": "Jiangning", "splitted": null, "degree": 5, "pop": 675181.94 }, "geometry": { "type": "Polygon", "coordinates": [ [ [ 118.784106173789951, 31.769996649941124 ], [ 118.783332842395552, 31.772072201382421 ], [ 118.868213880879892, 32.031248901287597 ], [ 118.872093410562996, 32.033892041442115 ], [ 119.000156227188043, 32.02449607256569 ], [ 119.057481965945897, 31.982420399024587 ], [ 118.784106173789951, 31.769996649941124 ] ] ] } },
{ "type": "Feature", "properties": { "station_name_original": "Lianyungang", "osmid": 4050213966, "english_name": "Lianyungang Railway Station", "city": "Lianyungang", "province": "Jiangsu", "zh_name": "连云港", "name": "连云港", "name:en": "Lianyungang", "splitted": null, "degree": 6, "pop": 2330099.8 }, "geometry": { "type": "Polygon", "coordinates": [ [ [ 118.482259760457012, 34.524070031827769 ], [ 118.566386991866594, 34.636381135606648 ], [ 119.570302498505384, 34.829057145757474 ], [ 119.734153286933008, 34.796964460465752 ], [ 119.586262458746106, 34.610757141836174 ], [ 118.821768395916095, 34.264864127382737 ], [ 118.790975481997606, 34.257819008620132 ], [ 118.636613751191106, 34.338973500826697 ], [ 118.482259760457012, 34.524070031827769 ] ] ] } },
{ "type": "Feature", "properties": { "station_name_original": "Anjiangdong", "osmid": 7263485693, "english_name": "Anjiang East Railway Station", "city": "Huaihua", "province": "Hunan", "zh_name": "安江东", "name": "安江东", "name:en": null, "splitted": null, "degree": 3, "pop": 300982.75 }, "geometry": { "type": "Polygon", "coordinates": [ [ [ 109.720598444959549, 26.588464024931906 ], [ 109.866538659108556, 27.226724054390854 ], [ 110.277760577259173, 27.63074461717401 ], [ 110.452574440865149, 27.3463253344541 ], [ 109.991710883568203, 26.4901210482114 ], [ 109.720598444959549, 26.588464024931906 ] ] ] } },
{ "type": "Feature", "properties": { "station_name_original": "Yanpingxi", "osmid": 6103626029, "english_name": "Yanping West Railway Station", "city": "Nanping", "province": "Fujian", "zh_name": "延平西", "name": "延平西", "name:en": "Yanpingxi", "splitted": null, "degree": 5, "pop": 281951.28 }, "geometry": { "type": "Polygon", "coordinates": [ [ [ 117.806170548417839, 26.712191664982477 ], [ 117.849878763717626, 26.929504247633197 ], [ 118.152974584651574, 26.824393757912542 ], [ 118.217592560817167, 26.377311057367216 ], [ 118.024661392418167, 26.36345043146126 ], [ 117.806170548417839, 26.712191664982477 ] ] ] } },
{ "type": "Feature", "properties": { "station_name_original": "Poyang", "osmid": 11237974727, "english_name": "Poyang Railway Station", "city": "Poyang", "province": "Jiangxi", "zh_name": "鄱阳", "name": "鄱阳", "name:en": null, "splitted": null, "degree": 3, "pop": 2122216.0 }, "geometry": { "type": "Polygon", "coordinates": [ [ [ 116.368622982539264, 28.787589398484446 ], [ 116.301444014605693, 28.97457628475367 ], [ 116.302610999044177, 29.002625062656914 ], [ 116.823309513794328, 29.39926760076338 ], [ 117.260148319959512, 28.860829372551265 ], [ 117.141941476092754, 28.726448987388725 ], [ 116.789452800387124, 28.601017920313918 ], [ 116.495759556205044, 28.675635017214482 ], [ 116.368622982539264, 28.787589398484446 ] ] ] } },
{ "type": "Feature", "properties": { "station_name_original": "Huaibei", "osmid": 8086787453, "english_name": "Huaibei Railway Station", "city": "Huaibei", "province": "Anhui", "zh_name": "淮北", "name": "淮北", "name:en": null, "splitted": null, "degree": 3, "pop": 2263042.0 }, "geometry": { "type": "Polygon", "coordinates": [ [ [ 116.328603998887033, 33.688045744381292 ], [ 116.323698798767623, 33.71655090437406 ], [ 116.665062660484736, 34.103538574134355 ], [ 117.051376212600687, 33.8690913955963 ], [ 116.68565644799628, 33.306707848024232 ], [ 116.486304722532822, 33.333659234292334 ], [ 116.328603998887033, 33.688045744381292 ] ] ] } },
{ "type": "Feature", "properties": { "station_name_original": "Lanshanxi", "osmid": 9549447314, "english_name": "Lanshan West Railway Station", "city": "Lanshan", "province": "Hunan", "zh_name": null, "name": "岚山西", "name:en": null, "splitted": null, "degree": 3, "pop": 511569.69 }, "geometry": { "type": "Polygon", "coordinates": [ [ [ 119.097622481024061, 35.082309497350046 ], [ 119.268152804204945, 35.340947038117463 ], [ 119.930132902056826, 34.878113788549896 ], [ 119.734153286933008, 34.796964460465752 ], [ 119.570302498505384, 34.829057145757474 ], [ 119.097622481024061, 35.082309497350046 ] ] ] } },
{ "type": "Feature", "properties": { "station_name_original": "Tianmennan", "osmid": 3053765017, "english_name": "Tianmen South Railway Station", "city": "Tianmen", "province": "Hubei", "zh_name": "天门南", "name": "天门南", "name:en": null, "splitted": null, "degree": 5, "pop": 1430407.8 }, "geometry": { "type": "Polygon", "coordinates": [ [ [ 113.297238646489745, 29.906469103104552 ], [ 113.287537642036014, 30.905745843716478 ], [ 113.313062408528694, 30.899670294928033 ], [ 113.534919213155973, 30.781661081212356 ], [ 113.742683757090532, 30.130183285624028 ], [ 113.368881451506056, 29.889728064623881 ], [ 113.297238646489745, 29.906469103104552 ] ] ] } },
{ "type": "Feature", "properties": { "station_name_original": "Qishuyan", "osmid": 8453216524, "english_name": "Qishuyan Railway Station", "city": "Changzhou", "province": "Jiangsu", "zh_name": "戚墅堰", "name": "戚墅堰", "name:en": null, "splitted": null, "degree": 4, "pop": 1249413.2 }, "geometry": { "type": "Polygon", "coordinates": [ [ [ 120.035011656098021, 31.457692673745687 ], [ 119.881031561157073, 31.552984662905708 ], [ 120.078425295998287, 31.850677472159436 ], [ 120.243844003306677, 31.98935339309482 ], [ 120.035011656098021, 31.457692673745687 ] ] ] } },
{ "type": "Feature", "properties": { "station_name_original": "Xinjinan", "osmid": 7341266742, "english_name": "Xinjin South Railway Station", "city": "Xinjin", "province": "Sichuan", "zh_name": null, "name": "辛集南", "name:en": null, "splitted": null, "degree": 4, "pop": 2098359.8 }, "geometry": { "type": "Polygon", "coordinates": [ [ [ 115.284245852630832, 37.182361706174518 ], [ 114.992732976199989, 37.410524029948661 ], [ 114.926560936059801, 37.588530978254852 ], [ 115.100480464495917, 38.18701106318462 ], [ 115.545153332234918, 38.283447844263335 ], [ 115.284245852630832, 37.182361706174518 ] ] ] } },
{ "type": "Feature", "properties": { "station_name_original": "Yongxiu", "osmid": 2290064248, "english_name": "Yongxiu Railway Station", "city": "Yongxiu", "province": "Jiangxi", "zh_name": "永修", "name": "永修", "name:en": "Yongxiu", "splitted": null, "degree": 4, "pop": 549687.12 }, "geometry": { "type": "Polygon", "coordinates": [ [ [ 115.474598570259289, 28.843385249677514 ], [ 115.234909850722602, 29.031687596096322 ], [ 116.151402266874484, 29.200963680233414 ], [ 116.302610999044177, 29.002625062656914 ], [ 116.301444014605693, 28.97457628475367 ], [ 115.796851246125982, 28.824920625382234 ], [ 115.474598570259289, 28.843385249677514 ] ] ] } },
{ "type": "Feature", "properties": { "station_name_original": "Liaozhong", "osmid": 8431451878, "english_name": "Liaozhong Railway Station", "city": "Shenyang", "province": "Liaoning", "zh_name": "辽中", "name": "辽中", "name:en": "Liaozhong", "splitted": null, "degree": 6, "pop": 481758.12 }, "geometry": { "type": "Polygon", "coordinates": [ [ [ 122.503849251439988, 41.775084005135966 ], [ 122.538001712820147, 41.808167602986209 ], [ 123.040614986518506, 41.770617046291513 ], [ 123.07118647395022, 41.689656160051086 ], [ 123.087361176701194, 41.594533389052167 ], [ 122.927910167235027, 41.366402806029498 ], [ 122.668232198709617, 41.281952398904878 ], [ 122.503849251439988, 41.775084005135966 ] ] ] } },
{ "type": "Feature", "properties": { "station_name_original": "Qinghe", "osmid": 9162460535, "english_name": "Qinghe Railway Station", "city": "Xingtai", "province": "Hebei", "zh_name": "清河", "name": "清河站", "name:en": "Qinghe Railway Station", "splitted": null, "degree": 7, "pop": 4021663.0 }, "geometry": { "type": "Polygon", "coordinates": [ [ [ 115.909090834286658, 39.949856143028036 ], [ 115.922266619207619, 39.972580936582652 ], [ 117.108273338606921, 40.510945059014077 ], [ 117.196899521962351, 40.33751543133107 ], [ 116.25554065179503, 39.964362579696129 ], [ 115.909090834286658, 39.949856143028036 ] ] ] } },
{ "type": "Feature", "properties": { "station_name_original": "Huainannan", "osmid": 7881542047, "english_name": "Huainan South Railway Station", "city": "Huainan", "province": "Anhui", "zh_name": "淮南南", "name": "淮南南", "name:en": "Huainannan", "splitted": null, "degree": 8, "pop": 804169.19 }, "geometry": { "type": "Polygon", "coordinates": [ [ [ 116.831607644968955, 32.168490952756905 ], [ 116.954833532933577, 32.739150265162401 ], [ 117.12202222051431, 32.562729146423926 ], [ 116.968581949859583, 32.228778604300395 ], [ 116.831607644968955, 32.168490952756905 ] ] ] } },
{ "type": "Feature", "properties": { "station_name_original": "Xidu", "osmid": 5559297478, "english_name": "Xidu Railway Station", "city": "Shaoxing", "province": "Zhejiang", "zh_name": null, "name": "西渡", "name:en": null, "splitted": null, "degree": 4, "pop": 944267.5 }, "geometry": { "type": "Polygon", "coordinates": [ [ [ 112.320653931365982, 27.362753221215321 ], [ 112.40273747549827, 27.424059196675124 ], [ 112.620427626794296, 27.103341812998003 ], [ 112.432970100395281, 26.607994527259788 ], [ 112.429227714388517, 26.6057035083278 ], [ 112.172705952635027, 26.986863595070581 ], [ 112.320653931365982, 27.362753221215321 ] ] ] } },
{ "type": "Feature", "properties": { "station_name_original": "Lechangdong", "osmid": 1126427517, "english_name": "Lechang East Railway Station", "city": "Lechang", "province": "Guangdong", "zh_name": "乐昌东", "name": "乐昌东", "name:en": "Lechang East", "splitted": null, "degree": 8, "pop": 1354539.9 }, "geometry": { "type": "Polygon", "coordinates": [ [ [ 112.444197990411183, 24.837712967174149 ], [ 112.419073683970211, 24.908712169612453 ], [ 113.97053452151701, 25.970183720672921 ], [ 114.164723531183341, 25.771104212376471 ], [ 114.426999904287371, 25.254363813535988 ], [ 112.649641991182406, 24.673869912797716 ], [ 112.603867785812113, 24.676068378700105 ], [ 112.444197990411183, 24.837712967174149 ] ] ] } },
{ "type": "Feature", "properties": { "station_name_original": "Chenggubei", "osmid": 3826011096, "english_name": "Chenggu North Railway Station", "city": "Chenggu", "province": "Shaanxi", "zh_name": "城固北", "name": "城固北", "name:en": "Chenggubei", "splitted": null, "degree": 5, "pop": 523410.12 }, "geometry": { "type": "Polygon", "coordinates": [ [ [ 107.57383920939013, 31.92252451017858 ], [ 106.960526866380533, 33.741345796054709 ], [ 107.300616535562241, 33.76311156730371 ], [ 107.658182469915303, 31.946416686638514 ], [ 107.627244509584983, 31.932274388948116 ], [ 107.57383920939013, 31.92252451017858 ] ] ] } },
{ "type": "Feature", "properties": { "station_name_original": "Dingxibei", "osmid": 7276282771, "english_name": "Dingxi North Railway Station", "city": "Dingxi", "province": "Gansu", "zh_name": "定西北", "name": "定西北", "name:en": "Dingxi North", "splitted": null, "degree": 4, "pop": 2885744.5 }, "geometry": { "type": "Polygon", "coordinates": [ [ [ 102.936833979439513, 33.611397713160358 ], [ 106.075471889449119, 39.293258457184734 ], [ 106.814073117446171, 38.517783203530911 ], [ 103.867609929474455, 33.666474974741227 ], [ 103.749491429412998, 33.650530963170866 ], [ 102.936833979439513, 33.611397713160358 ] ] ] } },
{ "type": "Feature", "properties": { "station_name_original": "Binhaibei", "osmid": 9276824795, "english_name": "Binhai North Railway Station", "city": "Binhai", "province": "Jiangsu", "zh_name": "滨海北", "name": "滨海北", "name:en": null, "splitted": null, "degree": 3, "pop": 942435.81 }, "geometry": { "type": "Polygon", "coordinates": [ [ [ 117.397814244334882, 39.647582278085437 ], [ 117.365508627713453, 39.896275322973352 ], [ 117.37666032333648, 39.939238305419913 ], [ 118.86898037048428, 38.574204404756138 ], [ 119.026981970497772, 38.341286290034375 ], [ 118.966485888343925, 38.305731150758774 ], [ 118.897188924491232, 38.282194207707946 ], [ 118.649062593526764, 38.220484660179103 ], [ 117.49286345098956, 39.339377364649771 ], [ 117.430709283591753, 39.462187244488028 ], [ 117.397814244334882, 39.647582278085437 ] ] ] } },
{ "type": "Feature", "properties": { "station_name_original": "Wanzhoubei", "osmid": 3500359221, "english_name": "Wanzhou North Railway Station", "city": "Wanzhou", "province": "Chongqing", "zh_name": "万州北", "name": "万州北", "name:en": "Wanzhoubei", "splitted": null, "degree": 3, "pop": 4521225.0 }, "geometry": { "type": "Polygon", "coordinates": [ [ [ 107.627244509584983, 31.932274388948116 ], [ 107.658182469915303, 31.946416686638514 ], [ 108.427259260758674, 32.220960771600801 ], [ 109.40008623378219, 32.362217876223895 ], [ 109.109715372012872, 31.025704256484993 ], [ 108.428152839205495, 30.356472564533533 ], [ 108.184512308498881, 30.429426573188 ], [ 107.627244509584983, 31.932274388948116 ] ] ] } },
{ "type": "Feature", "properties": { "station_name_original": "Yongjia", "osmid": 7714110150, "english_name": "Yongjia Railway Station", "city": "Yongjia", "province": "Zhejiang", "zh_name": null, "name": "温州北", "name:en": "Wenzhoubei", "splitted": null, "degree": 4, "pop": 1566483.4 }, "geometry": { "type": "Polygon", "coordinates": [ [ [ 120.561598085570438, 28.576231716671742 ], [ 120.620230487088023, 28.63790780592447 ], [ 120.745983840968336, 28.349746367769161 ], [ 120.795799656579774, 27.859120399306651 ], [ 120.780380555485124, 27.864974032766241 ], [ 120.494684075916595, 28.173054878036584 ], [ 120.561598085570438, 28.576231716671742 ] ] ] } },
{ "type": "Feature", "properties": { "station_name_original": "Yongfunan", "osmid": 4419760182, "english_name": "Yongfu South Railway Station", "city": "Yongfu", "province": "Guangxi", "zh_name": "永福南", "name": "永福南", "name:en": "Yongfunan", "splitted": null, "degree": 3, "pop": 294217.97 }, "geometry": { "type": "Polygon", "coordinates": [ [ [ 110.241405475194327, 24.418946067332509 ], [ 109.45554513108091, 25.174903511486768 ], [ 109.838849781723965, 25.397541019246557 ], [ 110.008608730516102, 25.269572587160887 ], [ 110.278491800409626, 24.979055314690214 ], [ 110.241405475194327, 24.418946067332509 ] ] ] } },
{ "type": "Feature", "properties": { "station_name_original": "Sanming", "osmid": 4665328470, "english_name": "Sanming Railway Station", "city": "Sanming", "province": "Fujian", "zh_name": "三明", "name": "三明", "name:en": "Sanming", "splitted": null, "degree": 6, "pop": 557468.06 }, "geometry": { "type": "Polygon", "coordinates": [ [ [ 117.088659683790638, 26.359487712183086 ], [ 117.577924414748708, 26.477403341849058 ], [ 117.847021769166432, 26.07831638574854 ], [ 117.821758400472902, 25.85614077965457 ], [ 117.088659683790638, 26.359487712183086 ] ] ] } },
{ "type": "Feature", "properties": { "station_name_original": "Ganyu", "osmid": 7661417607, "english_name": "Ganyu Railway Station", "city": "Lianyungang", "province": "Jiangsu", "zh_name": "赣榆", "name": "赣榆", "name:en": "Ganyu", "splitted": null, "degree": 3, "pop": 1014698.8 }, "geometry": { "type": "Polygon", "coordinates": [ [ [ 118.566386991866594, 34.636381135606648 ], [ 118.655994407213257, 34.843233483970224 ], [ 118.964330200704566, 35.088925373003867 ], [ 119.097622481024061, 35.082309497350046 ], [ 119.570302498505384, 34.829057145757474 ], [ 118.566386991866594, 34.636381135606648 ] ] ] } },
{ "type": "Feature", "properties": { "station_name_original": "Shuangfengbei", "osmid": 8735302380, "english_name": "Shuangfeng North Railway Station", "city": "Shuangfeng", "province": "Hunan", "zh_name": "双峰北", "name": "双峰北", "name:en": null, "splitted": null, "degree": 2, "pop": 723985.94 }, "geometry": { "type": "Polygon", "coordinates": [ [ [ 111.930931693841359, 27.367469067866121 ], [ 111.752324349010564, 27.534439232712344 ], [ 111.754852439369969, 27.615404389553706 ], [ 112.345911343824696, 27.612037463128559 ], [ 112.426027867125157, 27.48228719496128 ], [ 112.40273747549827, 27.424059196675124 ], [ 112.320653931365982, 27.362753221215321 ], [ 111.930931693841359, 27.367469067866121 ] ] ] } },
{ "type": "Feature", "properties": { "station_name_original": "Ruichangxi", "osmid": 3438554349, "english_name": "Ruichang West Railway Station", "city": "Ruichang", "province": "Jiangxi", "zh_name": "瑞昌西", "name": "瑞昌西", "name:en": "Ruichangxi", "splitted": null, "degree": 7, "pop": 610200.25 }, "geometry": { "type": "Polygon", "coordinates": [ [ [ 115.379461792330645, 29.367497016267262 ], [ 115.74542852847118, 30.276941026249421 ], [ 115.799592766337426, 29.81788045953331 ], [ 115.716778095293463, 29.495295822637466 ], [ 115.379461792330645, 29.367497016267262 ] ] ] } },
{ "type": "Feature", "properties": { "station_name_original": "Honganxi", "osmid": 7199441362, "english_name": "Hong'an West Railway Station", "city": "Hong'an", "province": "Hubei", "zh_name": "红安西", "name": "红安西", "name:en": "Hong'anxi", "splitted": null, "degree": 3, "pop": 1155789.2 }, "geometry": { "type": "Polygon", "coordinates": [ [ [ 114.44127043485733, 30.850005624205817 ], [ 114.264648281518063, 31.16340210848287 ], [ 114.262403936755945, 31.185193558568248 ], [ 114.624876991160804, 31.440842726397232 ], [ 114.931855907765296, 30.849106251779883 ], [ 114.804743059457095, 30.758379592875009 ], [ 114.636970756840327, 30.749016715796717 ], [ 114.44127043485733, 30.850005624205817 ] ] ] } },
{ "type": "Feature", "properties": { "station_name_original": "Jinjiang", "osmid": 7778190320, "english_name": "Jinjiang Railway Station", "city": "Jinjiang", "province": "Fujian", "zh_name": null, "name": "晋江", "name:en": "Jinjiang", "splitted": null, "degree": 4, "pop": 3568544.2 }, "geometry": { "type": "Polygon", "coordinates": [ [ [ 148.477607128104324, -7.3722308 ], [ 118.305930210529368, 24.609143435258979 ], [ 118.087803362859333, 25.14385999942343 ], [ 118.823986493006885, 24.694017269377234 ], [ 126.486525378028219, 17.254976536928069 ], [ 127.919034001746184, 15.781979919174766 ], [ 149.962441571581536, -7.3722308 ], [ 148.477607128104324, -7.3722308 ] ] ] } },
{ "type": "Feature", "properties": { "station_name_original": "Zhangpingxi", "osmid": 4665343367, "english_name": "Zhangping West Railway Station", "city": "Zhangping", "province": "Fujian", "zh_name": "漳平西", "name": "漳平西", "name:en": "Zhangpingxi", "splitted": null, "degree": 4, "pop": 358781.38 }, "geometry": { "type": "Polygon", "coordinates": [ [ [ 117.360281229255818, 25.009991157269987 ], [ 117.174894410055629, 25.481693352482399 ], [ 118.044468657338768, 25.444430258393396 ], [ 117.996452360288771, 25.27844644644874 ], [ 117.739472184397101, 25.011200816146932 ], [ 117.360281229255818, 25.009991157269987 ] ] ] } },
{ "type": "Feature", "properties": { "station_name_original": "Foshanxi", "osmid": 12134745606, "english_name": "Foshan West Railway Station", "city": "Foshan", "province": "Guangdong", "zh_name": "佛山西", "name": "佛山西站", "name:en": "Foshan West Railway Station", "splitted": null, "degree": 4, "pop": 4505056.0 }, "geometry": { "type": "Polygon", "coordinates": [ [ [ 112.883220967920934, 22.790341628405152 ], [ 112.988672224878457, 23.300663422270301 ], [ 113.200693515436129, 23.180424717762527 ], [ 113.05203019603924, 22.801698722690666 ], [ 112.883220967920934, 22.790341628405152 ] ] ] } },
{ "type": "Feature", "properties": { "station_name_original": "Taocunbei", "osmid": 3914315828, "english_name": "Taocun North Railway Station", "city": "Qingdao", "province": "Shandong", "zh_name": "桃村北", "name": "桃村北", "name:en": "Taocun North", "splitted": null, "degree": 4, "pop": 708987.62 }, "geometry": { "type": "Polygon", "coordinates": [ [ [ 121.723081523321397, 36.260267089509263 ], [ 120.40748434935044, 37.976499841706598 ], [ 121.13201407051389, 37.46859617694755 ], [ 121.505079465256813, 37.052709162195384 ], [ 121.715305444187393, 36.553220948973625 ], [ 121.723081523321397, 36.260267089509263 ] ] ] } },
{ "type": "Feature", "properties": { "station_name_original": "Yunchengbei", "osmid": 9513113927, "english_name": "Yuncheng North Railway Station", "city": "Yuncheng", "province": "Shanxi", "zh_name": "运城北", "name": "运城北", "name:en": null, "splitted": null, "degree": 5, "pop": 1461799.5 }, "geometry": { "type": "Polygon", "coordinates": [ [ [ 110.71952841171634, 34.901831552065559 ], [ 110.63262014390962, 35.582947488763622 ], [ 111.294035871209871, 35.038955605295286 ], [ 110.861347830342908, 34.821693036425685 ], [ 110.71952841171634, 34.901831552065559 ] ] ] } },
{ "type": "Feature", "properties": { "station_name_original": "Duchang", "osmid": 2988923788, "english_name": "Duchang Railway Station", "city": "Duchang", "province": "Jiangxi", "zh_name": "都昌", "name": "都昌", "name:en": "Duchang", "splitted": null, "degree": 3, "pop": 927457.12 }, "geometry": { "type": "Polygon", "coordinates": [ [ [ 116.10787958312892, 29.319400001918815 ], [ 116.101147901387591, 29.345139470486 ], [ 116.120841234136023, 29.435479776144778 ], [ 116.159860611181671, 29.507036749456791 ], [ 116.91010570250053, 29.908463309240457 ], [ 116.823309513794328, 29.39926760076338 ], [ 116.302610999044177, 29.002625062656914 ], [ 116.151402266874484, 29.200963680233414 ], [ 116.10787958312892, 29.319400001918815 ] ] ] } },
{ "type": "Feature", "properties": { "station_name_original": "Jurongxi", "osmid": 1769095955, "english_name": "Jurong West Railway Station", "city": "Jurong", "province": "Jiangsu", "zh_name": "句容西", "name": "句容西", "name:en": "Jurongxi Station", "splitted": null, "degree": 5, "pop": 521848.06 }, "geometry": { "type": "Polygon", "coordinates": [ [ [ 118.786517090860798, 31.667205667437617 ], [ 118.784106173789951, 31.769996649941124 ], [ 119.057481965945897, 31.982420399024587 ], [ 119.236059886569279, 31.939896100374931 ], [ 119.249024523131098, 31.921894643399121 ], [ 118.812570305134628, 31.591080019152365 ], [ 118.808853209308495, 31.597295544673489 ], [ 118.786517090860798, 31.667205667437617 ] ] ] } },
{ "type": "Feature", "properties": { "station_name_original": "Rongcheng", "osmid": 3315766282, "english_name": "Rongcheng Railway Station", "city": "Rongcheng", "province": "Shandong", "zh_name": "荣成", "name": "荣成", "name:en": "Rongcheng", "splitted": null, "degree": 2, "pop": 678977.38 }, "geometry": { "type": "Polygon", "coordinates": [ [ [ 121.740801007332649, 35.920195212595409 ], [ 121.723254051627208, 36.258962749070541 ], [ 122.569150341446843, 37.564163480822451 ], [ 123.350695093725975, 38.295303268388267 ], [ 123.695070991975925, 38.224848723075674 ], [ 123.797918205477501, 38.193624440029424 ], [ 127.890535343619931, 35.644871277892044 ], [ 131.072907679476771, 33.530685843064532 ], [ 131.73313325481368, 32.613817545801723 ], [ 123.53237851949207, 33.937321670765371 ], [ 122.382118676960445, 34.615739153345707 ], [ 122.163732552970245, 35.038923789475113 ], [ 121.740801007332649, 35.920195212595409 ] ] ] } },
{ "type": "Feature", "properties": { "station_name_original": "Zhangjiakou", "osmid": 843052502, "english_name": "Zhangjiakou Railway Station", "city": "Zhangjiakou", "province": "Hebei", "zh_name": "张家口", "name": "张家口", "name:en": "Zhangjiakou", "splitted": null, "degree": 9, "pop": 1724285.0 }, "geometry": { "type": "Polygon", "coordinates": [ [ [ 115.528577740390418, 49.431109285527079 ], [ 116.051419589670175, 48.703728533096047 ], [ 116.079516695357498, 48.630936113248282 ], [ 116.318690004190259, 43.100228800265235 ], [ 115.99703611908501, 42.167608356882624 ], [ 115.93711810970639, 42.066210591737338 ], [ 114.689819974059219, 40.310956014626157 ], [ 114.489243084732578, 41.7991376300089 ], [ 115.528577740390418, 49.431109285527079 ] ] ] } },
{ "type": "Feature", "properties": { "station_name_original": "Haiyangbei", "osmid": 4269503699, "english_name": "Haiyang North Railway Station", "city": "Haiyang", "province": "Shandong", "zh_name": "海阳北", "name": "海阳北", "name:en": "Haiyang North", "splitted": null, "degree": 7, "pop": 1106941.2 }, "geometry": { "type": "Polygon", "coordinates": [ [ [ 121.723254051627208, 36.258962749070541 ], [ 121.740801007332649, 35.920195212595409 ], [ 121.274448574552835, 36.222934112495452 ], [ 121.256859119282439, 36.237939070560074 ], [ 120.157970401356962, 38.196103959106509 ], [ 120.40748434935044, 37.976499841706598 ], [ 121.723081523321397, 36.260267089509263 ], [ 121.723254051627208, 36.258962749070541 ] ] ] } },
{ "type": "Feature", "properties": { "station_name_original": "Qianjiang", "osmid": 3053778847, "english_name": "Qianjiang Railway Station", "city": "Qianjiang", "province": "Hubei", "zh_name": null, "name": "潜江", "name:en": null, "splitted": null, "degree": 4, "pop": 2349498.0 }, "geometry": { "type": "Polygon", "coordinates": [ [ [ 112.549175051585848, 31.179321353450085 ], [ 112.554167550681171, 31.1812984011104 ], [ 112.841878284942055, 31.124675314048559 ], [ 112.912179218753423, 31.101052011036639 ], [ 113.124350572494166, 29.895306893934361 ], [ 112.587415787938838, 29.754324536195647 ], [ 112.549175051585848, 31.179321353450085 ] ] ] } },
{ "type": "Feature", "properties": { "station_name_original": "Antingbei", "osmid": 824530194, "english_name": "Anting North Railway Station", "city": "Shanghai", "province": "Shanghai", "zh_name": "安亭北", "name": "安亭北", "name:en": "Antingbei", "splitted": null, "degree": 4, "pop": 2131053.5 }, "geometry": { "type": "Polygon", "coordinates": [ [ [ 121.352614718539854, 32.670162774867293 ], [ 121.54762613314675, 32.762455406357368 ], [ 121.213423749603749, 31.227112509230594 ], [ 121.150474983508857, 31.142172532492381 ], [ 121.059043116024455, 31.122253886599474 ], [ 121.352614718539854, 32.670162774867293 ] ] ] } },
{ "type": "Feature", "properties": { "station_name_original": "Wufushan", "osmid": 2987230246, "english_name": "Wufushan Railway Station", "city": "Chongqing", "province": "Chongqing", "zh_name": "五福山", "name": "五府山", "name:en": "Wufushan", "splitted": null, "degree": 3, "pop": 426175.34 }, "geometry": { "type": "Polygon", "coordinates": [ [ [ 117.644869144810471, 28.007366155453301 ], [ 117.740068266236705, 28.322505041945259 ], [ 118.242344328916445, 28.395288327368654 ], [ 118.667298858370543, 28.143726742939698 ], [ 118.792572589053506, 28.005789132822557 ], [ 117.644869144810471, 28.007366155453301 ] ] ] } },
{ "type": "Feature", "properties": { "station_name_original": "Dexing", "osmid": 2517236620, "english_name": "Dexing Railway Station", "city": "Dexing", "province": "Jiangxi", "zh_name": "德兴", "name": "德兴", "name:en": "Dexing Railway Station", "splitted": null, "degree": 3, "pop": 332350.44 }, "geometry": { "type": "Polygon", "coordinates": [ [ [ 117.383970704119605, 28.887812333382293 ], [ 117.528353670775545, 29.121746762430824 ], [ 118.266307019155036, 29.076710821252192 ], [ 118.041238926106232, 28.762810443206575 ], [ 117.693284480271444, 28.652497134927422 ], [ 117.383970704119605, 28.887812333382293 ] ] ] } },
{ "type": "Feature", "properties": { "station_name_original": "Heishanbei", "osmid": 4507869068, "english_name": "Heishan North Railway Station", "city": "Heishan", "province": "Liaoning", "zh_name": "黑山北", "name": "黑山北", "name:en": "Heishanbei", "splitted": null, "degree": 4, "pop": 377341.81 }, "geometry": { "type": "Polygon", "coordinates": [ [ [ 122.062193531428647, 41.679000178897418 ], [ 121.968536633018047, 41.743876415176089 ], [ 121.983062462134328, 42.49948523337801 ], [ 122.551076324672266, 42.118978204571512 ], [ 122.538001712820147, 41.808167602986209 ], [ 122.503849251439988, 41.775084005135966 ], [ 122.062193531428647, 41.679000178897418 ] ] ] } },
{ "type": "Feature", "properties": { "station_name_original": "Gongqingcheng", "osmid": 2447053249, "english_name": "Gongqingcheng Railway Station", "city": "Gongqingcheng", "province": "Jiangxi", "zh_name": "共青城", "name": "共青城", "name:en": "Gongqingcheng", "splitted": null, "degree": 6, "pop": 269714.78 }, "geometry": { "type": "Polygon", "coordinates": [ [ [ 115.234909850722602, 29.031687596096322 ], [ 115.06033931369376, 29.119922137589 ], [ 115.184778699216167, 29.209617323389974 ], [ 116.10787958312892, 29.319400001918815 ], [ 116.151402266874484, 29.200963680233414 ], [ 115.234909850722602, 29.031687596096322 ] ] ] } },
{ "type": "Feature", "properties": { "station_name_original": "Jiamusi", "osmid": 2185005492, "english_name": "Jiamusi Railway Station", "city": "Jiamusi", "province": "Heilongjiang", "zh_name": "佳木斯", "name": "佳木斯", "name:en": "Jiamusi", "splitted": null, "degree": 1, "pop": 4286679.0 }, "geometry": { "type": "Polygon", "coordinates": [ [ [ 159.746846600000026, 75.956363 ], [ 159.746846600000026, 54.708602427650042 ], [ 131.135595301452327, 45.723064914764933 ], [ 131.026497778476198, 45.699326437101753 ], [ 130.552629740302251, 45.704203656287213 ], [ 127.576696072657867, 50.106090847549652 ], [ 127.565078105174237, 50.176215310969624 ], [ 127.519086859815673, 51.068707846570959 ], [ 129.611121672832212, 75.956363 ], [ 159.746846600000026, 75.956363 ] ] ] } },
{ "type": "Feature", "properties": { "station_name_original": "Tongzidong", "osmid": 7620009556, "english_name": "Tongzi East Railway Station", "city": "Tongzi", "province": "Guizhou", "zh_name": "桐梓东", "name": "桐梓东", "name:en": null, "splitted": null, "degree": 9, "pop": 1394505.8 }, "geometry": { "type": "Polygon", "coordinates": [ [ [ 106.000566008822602, 27.954143479535187 ], [ 106.039603343779007, 28.236475156850766 ], [ 107.356750285389623, 28.265332868359117 ], [ 106.389500261339478, 27.781936043394204 ], [ 106.127540067398868, 27.780639032625633 ], [ 106.000566008822602, 27.954143479535187 ] ] ] } },
{ "type": "Feature", "properties": { "station_name_original": "Duyundong", "osmid": 3676346504, "english_name": "Duyun East Railway Station", "city": "Duyun", "province": "Guizhou", "zh_name": "都匀东", "name": "都匀东", "name:en": "Duyundong", "splitted": null, "degree": 7, "pop": 2414323.5 }, "geometry": { "type": "Polygon", "coordinates": [ [ [ 106.733560669102715, 24.233665787052182 ], [ 106.697399116622918, 24.601508297614814 ], [ 106.704317358536343, 24.974267783053183 ], [ 106.843681732508713, 25.827704381939682 ], [ 106.902442771649376, 25.945762314135937 ], [ 107.512592402794795, 26.472361566241872 ], [ 107.549827476690012, 26.503217092541103 ], [ 108.061957678564823, 26.057034249537661 ], [ 107.787582420521431, 24.567366328302519 ], [ 107.66961498506268, 24.453064154608501 ], [ 107.63835125717101, 24.431585836167294 ], [ 106.733560669102715, 24.233665787052182 ] ] ] } },
{ "type": "Feature", "properties": { "station_name_original": "Guanling", "osmid": 3328325801, "english_name": "Guanling Railway Station", "city": "Guanling", "province": "Guizhou", "zh_name": "关岭", "name": "关岭", "name:en": "Guanling", "splitted": null, "degree": 4, "pop": 2799167.8 }, "geometry": { "type": "Polygon", "coordinates": [ [ [ 106.697399116622918, 24.601508297614814 ], [ 106.733560669102715, 24.233665787052182 ], [ 105.807760429933083, 23.411918743043902 ], [ 105.025064920964695, 26.57953720423971 ], [ 105.30450730142644, 26.603060353199862 ], [ 105.35174459006852, 26.600511096709631 ], [ 106.697399116622918, 24.601508297614814 ] ] ] } },
{ "type": "Feature", "properties": { "station_name_original": "Xifeng", "osmid": 1763164530, "english_name": "Xifeng Railway Station", "city": "Xifeng", "province": "Guizhou", "zh_name": null, "name": "息烽", "name:en": "Xifeng", "splitted": null, "degree": 4, "pop": 536334.62 }, "geometry": { "type": "Polygon", "coordinates": [ [ [ 106.403522967735796, 26.959683420982159 ], [ 106.349103080163687, 27.375582073847923 ], [ 107.287916512941052, 27.140161603729524 ], [ 107.124023666106083, 26.976122448551482 ], [ 106.403522967735796, 26.959683420982159 ] ] ] } },
{ "type": "Feature", "properties": { "station_name_original": "Yangxianxi", "osmid": 3826011104, "english_name": "Yangxian West Railway Station", "city": "Yangxian", "province": "Shaanxi", "zh_name": "洋县西", "name": "洋县西", "name:en": "Yangxianxi", "splitted": null, "degree": 3, "pop": 963672.12 }, "geometry": { "type": "Polygon", "coordinates": [ [ [ 107.333963788161867, 33.771868717613202 ], [ 107.517260264988337, 33.756152068708559 ], [ 108.427259260758674, 32.220960771600801 ], [ 107.658182469915303, 31.946416686638514 ], [ 107.300616535562241, 33.76311156730371 ], [ 107.333963788161867, 33.771868717613202 ] ] ] } },
{ "type": "Feature", "properties": { "station_name_original": "Chengdenan", "osmid": 4507818594, "english_name": "Chengde South Railway Station", "city": "Chengde", "province": "Hebei", "zh_name": "承德南", "name": "承德南", "name:en": "Chengdenan", "splitted": null, "degree": 2, "pop": 2283057.5 }, "geometry": { "type": "Polygon", "coordinates": [ [ [ 117.069992645134306, 47.061737301770975 ], [ 117.417386263893576, 45.382112839706238 ], [ 118.216939622879892, 40.302211692064581 ], [ 118.170048129055388, 40.269970038367745 ], [ 117.357605847931623, 40.170954026512888 ], [ 117.221391125510408, 40.295371690003712 ], [ 117.196899521962351, 40.33751543133107 ], [ 117.108273338606921, 40.510945059014077 ], [ 116.787295637727908, 41.348294101977153 ], [ 116.318690004190259, 43.100228800265235 ], [ 116.079516695357498, 48.630936113248282 ], [ 117.069992645134306, 47.061737301770975 ] ] ] } },
{ "type": "Feature", "properties": { "station_name_original": "Suizhounan", "osmid": 8536806862, "english_name": "Suizhou South Railway Station", "city": "Suizhou", "province": "Hubei", "zh_name": "随州南", "name": "随州南", "name:en": null, "splitted": null, "degree": 7, "pop": 846217.25 }, "geometry": { "type": "Polygon", "coordinates": [ [ [ 112.912179218753423, 31.101052011036639 ], [ 112.841878284942055, 31.124675314048559 ], [ 113.605257844560015, 32.143233434085793 ], [ 113.802173056192473, 31.824748513571802 ], [ 113.790098772114376, 31.665267949978304 ], [ 112.99669071425059, 31.085645926659083 ], [ 112.912179218753423, 31.101052011036639 ] ] ] } },
{ "type": "Feature", "properties": { "station_name_original": "Kazuo", "osmid": 9179735874, "english_name": "Kazuo Railway Station", "city": "Kazuo", "province": "Liaoning", "zh_name": "喀左", "name": "喀左", "name:en": "Kazuo", "splitted": null, "degree": 5, "pop": 801535.0 }, "geometry": { "type": "Polygon", "coordinates": [ [ [ 119.636667572253344, 40.625219947588469 ], [ 119.55051944353545, 41.873466922740811 ], [ 120.222098315504283, 40.881084704348623 ], [ 119.799900381486196, 40.630854569175483 ], [ 119.636667572253344, 40.625219947588469 ] ] ] } },
{ "type": "Feature", "properties": { "station_name_original": "Hezhou", "osmid": 13505083618, "english_name": "Hezhou Railway Station", "city": "Hezhou", "province": "Guangxi", "zh_name": "贺州", "name": "贺州", "name:en": "Hezhou", "splitted": null, "degree": 7, "pop": 1503783.5 }, "geometry": { "type": "Polygon", "coordinates": [ [ [ 111.565485863857944, 23.870755260043133 ], [ 111.185671987501976, 23.983578278808729 ], [ 111.84340470087713, 25.392804534956824 ], [ 111.953449573071623, 25.429310474352771 ], [ 112.419073683970211, 24.908712169612453 ], [ 112.444197990411183, 24.837712967174149 ], [ 111.565485863857944, 23.870755260043133 ] ] ] } },
{ "type": "Feature", "properties": { "station_name_original": "Tongren", "osmid": 1681825151, "english_name": "Tongren Railway Station", "city": "Tongren", "province": "Guizhou", "zh_name": "铜仁", "name": "铜仁", "name:en": "Tongren", "splitted": null, "degree": 3, "pop": 4602915.5 }, "geometry": { "type": "Polygon", "coordinates": [ [ [ 108.366845638462223, 27.869026308216863 ], [ 108.076984337868623, 28.012671186589209 ], [ 108.111903153868141, 28.428135772050975 ], [ 108.155741044036077, 28.589244798158994 ], [ 108.254929318023514, 28.660586912082888 ], [ 108.93378656571852, 28.998320271486843 ], [ 109.371907920873952, 29.043849060339362 ], [ 109.983611677360685, 28.978133099040932 ], [ 109.722159318547824, 28.072523967321317 ], [ 109.402852824881279, 27.561407588243291 ], [ 108.366845638462223, 27.869026308216863 ] ] ] } },
{ "type": "Feature", "properties": { "station_name_original": "Fangzheng", "osmid": 5697139260, "english_name": "Fangzheng Railway Station", "city": "Fangzheng", "province": "Heilongjiang", "zh_name": "方正", "name": "方正", "name:en": "Fangzheng", "splitted": null, "degree": 4, "pop": 336865.59 }, "geometry": { "type": "Polygon", "coordinates": [ [ [ 128.177434028390934, 48.05784145872618 ], [ 128.78891401137426, 46.869982172206392 ], [ 129.173050039287801, 45.389343561010328 ], [ 128.949427451322947, 45.327299724950223 ], [ 128.575666545940379, 45.413002993287456 ], [ 128.436714010935248, 45.477827458765468 ], [ 128.426548776459271, 45.487186007410486 ], [ 128.177434028390934, 48.05784145872618 ] ] ] } },
{ "type": "Feature", "properties": { "station_name_original": "Binzhou", "osmid": 5697139255, "english_name": "Binzhou Railway Station", "city": "Binzhou", "province": "Shandong", "zh_name": null, "name": "宾州", "name:en": "Binzhou", "splitted": null, "degree": 4, "pop": 1139802.8 }, "geometry": { "type": "Polygon", "coordinates": [ [ [ 127.579362645270763, 50.058390662779644 ], [ 127.614790617579345, 49.907555768201128 ], [ 127.726620493899873, 45.53485413648864 ], [ 127.303786352654143, 45.519657540818088 ], [ 127.034909248225219, 46.151455804300618 ], [ 127.032813001299317, 46.290997629232017 ], [ 127.192606674243493, 48.191182660867014 ], [ 127.579362645270763, 50.058390662779644 ] ] ] } },
{ "type": "Feature", "properties": { "station_name_original": "Shenfang", "osmid": 7714110152, "english_name": "Shenfang Railway Station", "city": "Baoding", "province": "Hebei", "zh_name": null, "name": "乐清东", "name:en": "Yueqingdong", "splitted": null, "degree": 4, "pop": 698316.88 }, "geometry": { "type": "Polygon", "coordinates": [ [ [ 122.873303512799083, 26.265080200389274 ], [ 121.824859824466756, 27.085125828309323 ], [ 120.745983840968336, 28.349746367769161 ], [ 120.620230487088023, 28.63790780592447 ], [ 120.658292825618062, 28.71221330943127 ], [ 120.678963050216666, 28.704493561195463 ], [ 122.873303512799083, 26.265080200389274 ] ] ] } },
{ "type": "Feature", "properties": { "station_name_original": "Yilan", "osmid": 5697139268, "english_name": "Yilan Railway Station", "city": "Yilan", "province": "Heilongjiang", "zh_name": "依兰", "name": "依兰", "name:en": "Yilan", "splitted": null, "degree": 3, "pop": 818597.44 }, "geometry": { "type": "Polygon", "coordinates": [ [ [ 127.614790617579345, 49.907555768201128 ], [ 127.579362645270763, 50.058390662779644 ], [ 127.576696072657867, 50.106090847549652 ], [ 130.552629740302251, 45.704203656287213 ], [ 130.018451400499828, 45.462754931438475 ], [ 128.78891401137426, 46.869982172206392 ], [ 128.177434028390934, 48.05784145872618 ], [ 127.614790617579345, 49.907555768201128 ] ] ] } },
{ "type": "Feature", "properties": { "station_name_original": "Xiagezhuang", "osmid": 7721237366, "english_name": "Xiagezhuang Railway Station", "city": "Qingdao", "province": "Shandong", "zh_name": "夏格庄", "name": "夏格庄", "name:en": null, "splitted": null, "degree": 5, "pop": 695389.25 }, "geometry": { "type": "Polygon", "coordinates": [ [ [ 120.214797481147897, 36.569670706092403 ], [ 120.067006799758431, 36.794939339674471 ], [ 119.944536286169779, 37.388457998494289 ], [ 120.969085879759319, 36.411279213939444 ], [ 120.214797481147897, 36.569670706092403 ] ] ] } },
{ "type": "Feature", "properties": { "station_name_original": "Qiqihaernan", "osmid": 7872489296, "english_name": "Qiqihar South Railway Station", "city": "Qiqihar", "province": "Heilongjiang", "zh_name": "齐齐哈尔南", "name": "齐齐哈尔南", "name:en": "Qiqiha'ernan", "splitted": null, "degree": 3, "pop": 1809655.6 }, "geometry": { "type": "Polygon", "coordinates": [ [ [ 115.528577740390418, 49.431109285527079 ], [ 114.552587451999358, 50.978057693719641 ], [ 114.163245794649342, 51.644266886369351 ], [ 124.288041564354543, 47.173441698846069 ], [ 122.877260979314599, 45.552101719482145 ], [ 116.051419589670175, 48.703728533096047 ], [ 115.528577740390418, 49.431109285527079 ] ] ] } },
{ "type": "Feature", "properties": { "station_name_original": "Foping", "osmid": 10120263956, "english_name": "Foping Railway Station", "city": "Foping", "province": "Shaanxi", "zh_name": "佛坪", "name": "佛坪", "name:en": "Foping", "splitted": null, "degree": 5, "pop": 1906306.2 }, "geometry": { "type": "Polygon", "coordinates": [ [ [ 108.427259260758674, 32.220960771600801 ], [ 107.517260264988337, 33.756152068708559 ], [ 107.811519157041488, 33.897237837041196 ], [ 108.27478052641041, 33.85484819342782 ], [ 109.477707167014998, 32.408390390767813 ], [ 109.40008623378219, 32.362217876223895 ], [ 108.427259260758674, 32.220960771600801 ] ] ] } },
{ "type": "Feature", "properties": { "station_name_original": "Weihaibei", "osmid": 4253918671, "english_name": "Weihai North Railway Station", "city": "Weihai", "province": "Shandong", "zh_name": "威海北", "name": "威海北", "name:en": "Weihaibei", "splitted": null, "degree": 2, "pop": 549301.0 }, "geometry": { "type": "Polygon", "coordinates": [ [ [ 121.762570522779839, 38.188064558750511 ], [ 122.791469452368517, 38.489840356451175 ], [ 122.827368261637062, 38.47555370478684 ], [ 121.893623141175922, 37.188954346619369 ], [ 121.747400017447291, 37.994787387382409 ], [ 121.762570522779839, 38.188064558750511 ] ] ] } },
{ "type": "Feature", "properties": { "station_name_original": "Dunhua", "osmid": 4038070338, "english_name": "Dunhua Railway Station", "city": "Dunhua", "province": "Jilin", "zh_name": "敦化", "name": "敦化", "name:en": "Dunhua", "splitted": null, "degree": 4, "pop": 636214.75 }, "geometry": { "type": "Polygon", "coordinates": [ [ [ 127.410981457898032, 40.446518794563886 ], [ 126.862307843134644, 41.0969266887274 ], [ 128.00188475037865, 44.189901916250349 ], [ 128.320457722382912, 44.162981670833105 ], [ 128.66480714020318, 44.086411862516066 ], [ 128.774650509139263, 44.019603313601365 ], [ 128.853836828719722, 43.947196595175122 ], [ 127.410981457898032, 40.446518794563886 ] ] ] } },
{ "type": "Feature", "properties": { "station_name_original": "Yanjixi", "osmid": 6655757505, "english_name": "Yanji West Railway Station", "city": "Yanji", "province": "Jilin", "zh_name": "延吉西", "name": "延吉西 연길서", "name:en": "Yanjixi", "splitted": null, "degree": 3, "pop": 922003.62 }, "geometry": { "type": "Polygon", "coordinates": [ [ [ 129.878775459974605, 36.117186090027388 ], [ 127.853535877620359, 39.779107885363153 ], [ 129.422697495864185, 43.691990059653406 ], [ 129.897525392153852, 41.703936111992661 ], [ 129.878775459974605, 36.117186090027388 ] ] ] } },
{ "type": "Feature", "properties": { "station_name_original": "Linfenxi", "osmid": 3012035419, "english_name": "Linfen West Railway Station", "city": "Linfen", "province": "Shanxi", "zh_name": "临汾西", "name": "临汾西", "name:en": "Linfen", "splitted": null, "degree": 8, "pop": 1529456.8 }, "geometry": { "type": "Polygon", "coordinates": [ [ [ 109.626351390288946, 36.837406483583685 ], [ 108.764639895228498, 37.672504834725316 ], [ 109.291435158212821, 37.863130834021618 ], [ 112.304693559530278, 35.582863367249274 ], [ 112.301492580579691, 35.576420716627915 ], [ 112.257179315823805, 35.547263394722279 ], [ 109.626351390288946, 36.837406483583685 ] ] ] } },
{ "type": "Feature", "properties": { "station_name_original": "Shaoyangxi", "osmid": 5559277116, "english_name": "Shaoyang West Railway Station", "city": "Shaoyang", "province": "Hunan", "zh_name": "邵阳西", "name": "邵阳西", "name:en": null, "splitted": null, "degree": 3, "pop": 541298.5 }, "geometry": { "type": "Polygon", "coordinates": [ [ [ 111.065322451893778, 27.410852224116862 ], [ 111.28823147983141, 27.453537208795172 ], [ 111.34597414345879, 27.412467621396434 ], [ 111.351821283060033, 26.813748995967678 ], [ 111.32341677278859, 26.801528689750175 ], [ 111.252676021160966, 26.793739429075284 ], [ 111.065322451893778, 27.410852224116862 ] ] ] } },
{ "type": "Feature", "properties": { "station_name_original": "Yangchenghu", "osmid": 9242148029, "english_name": "Yangcheng Lake Railway Station", "city": "Suzhou", "province": "Jiangsu", "zh_name": "阳澄湖", "name": "阳澄湖", "name:en": null, "splitted": null, "degree": 3, "pop": 2449927.5 }, "geometry": { "type": "Polygon", "coordinates": [ [ [ 120.825571907010442, 31.804427218046641 ], [ 121.245901158741034, 32.584365214147859 ], [ 121.146059926478443, 32.171681223471182 ], [ 120.836678835324406, 31.15420727584592 ], [ 120.758397116754367, 31.45215231175478 ], [ 120.825571907010442, 31.804427218046641 ] ] ] } },
{ "type": "Feature", "properties": { "station_name_original": "Liangpingnan", "osmid": 3500365769, "english_name": "Liangping South Railway Station", "city": "Liangping", "province": "Chongqing", "zh_name": "梁平南", "name": "梁平南", "name:en": "Liangpingnan", "splitted": null, "degree": 3, "pop": 4542836.5 }, "geometry": { "type": "Polygon", "coordinates": [ [ [ 106.975155023600223, 31.220657099007759 ], [ 107.222389382903501, 31.816320351207107 ], [ 107.57383920939013, 31.92252451017858 ], [ 107.627244509584983, 31.932274388948116 ], [ 108.184512308498881, 30.429426573188 ], [ 107.792313290051567, 30.23953287023371 ], [ 107.770600755863413, 30.241704000127715 ], [ 106.96988427979791, 31.17912924700677 ], [ 106.975155023600223, 31.220657099007759 ] ] ] } },
{ "type": "Feature", "properties": { "station_name_original": "Qingbaijiangdong", "osmid": 9527263758, "english_name": "Qingbaijiang East Railway Station", "city": "Chengdu", "province": "Sichuan", "zh_name": "青白江东", "name": "青白江东", "name:en": null, "splitted": null, "degree": 4, "pop": 1650751.2 }, "geometry": { "type": "Polygon", "coordinates": [ [ [ 103.781305576477934, 30.988629671592815 ], [ 103.50348101476385, 31.218036098247872 ], [ 103.363917227367693, 31.340552429363907 ], [ 104.650343290351344, 30.778800133235222 ], [ 104.565497378686274, 30.732891459145346 ], [ 103.781305576477934, 30.988629671592815 ] ] ] } },
{ "type": "Feature", "properties": { "station_name_original": "Tongwei", "osmid": 3682204873, "english_name": "Tongwei Railway Station", "city": "Tongwei", "province": "Gansu", "zh_name": "通渭", "name": "通渭", "name:en": "Tongwei", "splitted": null, "degree": 4, "pop": 2962945.2 }, "geometry": { "type": "Polygon", "coordinates": [ [ [ 103.965815376520041, 33.660751782753913 ], [ 103.867609929474455, 33.666474974741227 ], [ 106.814073117446171, 38.517783203530911 ], [ 107.595250054884943, 37.857515971282673 ], [ 107.238384267726005, 37.041257789425075 ], [ 104.346799694725149, 33.762592855554466 ], [ 104.243067600256722, 33.667269461466809 ], [ 103.965815376520041, 33.660751782753913 ] ] ] } },
{ "type": "Feature", "properties": { "station_name_original": "Ganshuidong", "osmid": 3695359762, "english_name": "Ganshui East Railway Station", "city": "Chongqing", "province": "Chongqing", "zh_name": "甘水东", "name": "赶水东", "name:en": "Ganshui East", "splitted": null, "degree": 4, "pop": 586368.38 }, "geometry": { "type": "Polygon", "coordinates": [ [ [ 106.03638328302597, 28.337371944638342 ], [ 105.95601146953058, 28.611732820629943 ], [ 106.106111744140094, 28.798425221814245 ], [ 107.424635195955219, 29.022319852966927 ], [ 107.645385370877023, 28.897373641724009 ], [ 107.669702797897472, 28.875290001234156 ], [ 106.03638328302597, 28.337371944638342 ] ] ] } },
{ "type": "Feature", "properties": { "station_name_original": "Zaoyang", "osmid": 9307694621, "english_name": "Zaoyang Railway Station", "city": "Zaoyang", "province": "Hubei", "zh_name": "枣阳", "name": "枣阳", "name:en": "Zaoyang", "splitted": null, "degree": 4, "pop": 1166769.6 }, "geometry": { "type": "Polygon", "coordinates": [ [ [ 112.490395086071118, 32.318433311144638 ], [ 112.695190364660277, 32.511209821109915 ], [ 113.311250624183074, 32.581277870904806 ], [ 113.348966275352737, 32.463380276636222 ], [ 112.604457412364454, 31.366249857734058 ], [ 112.490395086071118, 32.318433311144638 ] ] ] } },
{ "type": "Feature", "properties": { "station_name_original": "Houmaxi", "osmid": 4766563924, "english_name": "Houma West Railway Station", "city": "Houma", "province": "Shanxi", "zh_name": "侯马西", "name": "侯马西", "name:en": "Houmaxi", "splitted": null, "degree": 3, "pop": 1364235.9 }, "geometry": { "type": "Polygon", "coordinates": [ [ [ 110.568633311360571, 35.739353984259708 ], [ 110.467612686806518, 35.891367823291823 ], [ 112.237889709722964, 35.529883986850294 ], [ 112.226282027408374, 35.516406307987914 ], [ 111.741425997965635, 35.258865942188031 ], [ 110.568633311360571, 35.739353984259708 ] ] ] } },
{ "type": "Feature", "properties": { "station_name_original": "Wuzhounan", "osmid": 3048726327, "english_name": "Wuzhou South Railway Station", "city": "Wuzhou", "province": "Guangxi", "zh_name": "梧州南", "name": "梧州南", "name:en": "Wuzhounan", "splitted": null, "degree": 6, "pop": 4670992.5 }, "geometry": { "type": "Polygon", "coordinates": [ [ [ 110.302857413766645, 23.8553305083752 ], [ 110.380818944381289, 23.953253053172002 ], [ 110.694536308720359, 24.029962444315622 ], [ 111.185671987501976, 23.983578278808729 ], [ 111.565485863857944, 23.870755260043133 ], [ 111.782521098109456, 23.463415884828837 ], [ 111.402700452487295, 22.54935479654576 ], [ 111.066342620426184, 22.521232686140213 ], [ 110.529332647420361, 22.611191810435546 ], [ 110.302857413766645, 23.8553305083752 ] ] ] } },
{ "type": "Feature", "properties": { "station_name_original": "Guilinxi", "osmid": 7775792087, "english_name": "Guilin West Railway Station", "city": "Guilin", "province": "Guangxi", "zh_name": "桂林西", "name": "桂林西", "name:en": "Guilinxi", "splitted": null, "degree": 6, "pop": 244372.7 }, "geometry": { "type": "Polygon", "coordinates": [ [ [ 110.433006964208943, 25.554335483295272 ], [ 110.254132772183993, 25.30838614079487 ], [ 110.008608730516102, 25.269572587160887 ], [ 109.838849781723965, 25.397541019246557 ], [ 110.128461447572107, 25.93648262925165 ], [ 110.433006964208943, 25.554335483295272 ] ] ] } },
{ "type": "Feature", "properties": { "station_name_original": "Linyibei", "osmid": 9255881280, "english_name": "Linyi North Railway Station", "city": "Linyi", "province": "Shandong", "zh_name": "临沂北", "name": "临沂北", "name:en": "Linyibei", "splitted": null, "degree": 4, "pop": 5965822.5 }, "geometry": { "type": "Polygon", "coordinates": [ [ [ 118.247353743436122, 34.541584231921199 ], [ 117.980862948553792, 34.636664909506571 ], [ 118.355071235625715, 35.990429419012642 ], [ 118.44500809048624, 35.983403060829851 ], [ 118.655994407213257, 34.843233483970224 ], [ 118.566386991866594, 34.636381135606648 ], [ 118.482259760457012, 34.524070031827769 ], [ 118.247353743436122, 34.541584231921199 ] ] ] } },
{ "type": "Feature", "properties": { "station_name_original": "Dean", "osmid": 2447146918, "english_name": "De'an Railway Station", "city": "De'an", "province": "Jiangxi", "zh_name": "德安", "name": "德安", "name:en": "De'an", "splitted": null, "degree": 5, "pop": 276780.84 }, "geometry": { "type": "Polygon", "coordinates": [ [ [ 115.184778699216167, 29.209617323389974 ], [ 115.379461792330645, 29.367497016267262 ], [ 115.716778095293463, 29.495295822637466 ], [ 116.101147901387591, 29.345139470486 ], [ 116.10787958312892, 29.319400001918815 ], [ 115.184778699216167, 29.209617323389974 ] ] ] } },
{ "type": "Feature", "properties": { "station_name_original": "Enshi", "osmid": 3467426477, "english_name": "Enshi Railway Station", "city": "Enshi", "province": "Hubei", "zh_name": "恩施", "name": "恩施", "name:en": "Enshi", "splitted": null, "degree": 4, "pop": 2472287.0 }, "geometry": { "type": "Polygon", "coordinates": [ [ [ 109.983611677360685, 28.978133099040932 ], [ 109.371907920873952, 29.043849060339362 ], [ 109.120162385014112, 30.997202540114877 ], [ 110.155795203450268, 29.842956401972497 ], [ 110.41130481818611, 29.132354021403696 ], [ 110.066373296759764, 28.992984916313763 ], [ 109.983611677360685, 28.978133099040932 ] ] ] } },
{ "type": "Feature", "properties": { "station_name_original": "Shantou", "osmid": 5610619909, "english_name": "Shantou Railway Station", "city": "Shantou", "province": "Guangdong", "zh_name": "汕头", "name": "汕头", "name:en": "Shantou", "splitted": null, "degree": 1, "pop": 2954902.8 }, "geometry": { "type": "Polygon", "coordinates": [ [ [ 128.962371732690286, -7.3722308 ], [ 125.025867014556923, 1.943249777459315 ], [ 123.099475620920913, 6.596070587861724 ], [ 116.597844931145133, 22.663461775987354 ], [ 116.570176805699916, 22.810045475455333 ], [ 116.584795837904522, 23.374782033631718 ], [ 116.78229598984035, 23.574498865755054 ], [ 117.141615082626828, 23.388264509333741 ], [ 117.603409076644809, 22.995348189203515 ], [ 127.50732727348381, 11.464445813287616 ], [ 142.741858181806492, -7.3722308 ], [ 128.962371732690286, -7.3722308 ] ] ] } },
{ "type": "Feature", "properties": { "station_name_original": "Suzhouxinqu", "osmid": 5158381514, "english_name": "Suzhou New District Railway Station", "city": "Suzhou", "province": "Jiangsu", "zh_name": "苏州新区", "name": "苏州新区", "name:en": "Suzhou New Area", "splitted": null, "degree": 4, "pop": 1278139.6 }, "geometry": { "type": "Polygon", "coordinates": [ [ [ 120.343250520474868, 31.046198040743416 ], [ 120.243012442308256, 31.213280725145896 ], [ 120.50571544920642, 31.491497060308451 ], [ 120.538408130047401, 31.50096053404538 ], [ 120.582721413871809, 31.39369960930491 ], [ 120.393095798644623, 30.996925331099323 ], [ 120.343250520474868, 31.046198040743416 ] ] ] } },
{ "type": "Feature", "properties": { "station_name_original": "Anluxi", "osmid": 8535913689, "english_name": "Anlu West Railway Station", "city": "Anlu", "province": "Hubei", "zh_name": "安陆西", "name": "安陆西", "name:en": null, "splitted": null, "degree": 7, "pop": 970574.38 }, "geometry": { "type": "Polygon", "coordinates": [ [ [ 113.287537642036014, 30.905745843716478 ], [ 112.99669071425059, 31.085645926659083 ], [ 113.790098772114376, 31.665267949978304 ], [ 113.987675929252973, 31.326077390425858 ], [ 113.313062408528694, 30.899670294928033 ], [ 113.287537642036014, 30.905745843716478 ] ] ] } },
{ "type": "Feature", "properties": { "station_name_original": "Dianjiang", "osmid": 3500369575, "english_name": "Dianjiang Railway Station", "city": "Dianjiang", "province": "Chongqing", "zh_name": "垫江", "name": "垫江", "name:en": "Dianjiang", "splitted": null, "degree": 5, "pop": 2791541.5 }, "geometry": { "type": "Polygon", "coordinates": [ [ [ 106.742508329905078, 30.437790815055983 ], [ 106.753654080374886, 30.665262771944672 ], [ 106.96988427979791, 31.17912924700677 ], [ 107.770600755863413, 30.241704000127715 ], [ 107.476113926494619, 30.042609815960688 ], [ 106.851734059116879, 30.360026025276536 ], [ 106.742508329905078, 30.437790815055983 ] ] ] } },
{ "type": "Feature", "properties": { "station_name_original": "Daqingdong", "osmid": 3701360573, "english_name": "Daqing East Railway Station", "city": "Daqing", "province": "Heilongjiang", "zh_name": "大庆东", "name": "大庆东", "name:en": "Daqingdong", "splitted": null, "degree": 5, "pop": 1313553.0 }, "geometry": { "type": "Polygon", "coordinates": [ [ [ 126.906198721717317, 50.214455360268325 ], [ 127.519086859815673, 51.068707846570959 ], [ 127.565078105174237, 50.176215310969624 ], [ 127.261912768028765, 49.592241863003807 ], [ 124.432690616714638, 45.269216047078643 ], [ 124.27740331359611, 45.225897570506802 ], [ 126.906198721717317, 50.214455360268325 ] ] ] } },
{ "type": "Feature", "properties": { "station_name_original": "Zhuhai", "osmid": 8797152220, "english_name": "Zhuhai Railway Station", "city": "Zhuhai", "province": "Guangdong", "zh_name": "珠海", "name": "珠海", "name:en": "Zhuhai", "splitted": null, "degree": 1, "pop": 2835584.8 }, "geometry": { "type": "Polygon", "coordinates": [ [ [ 113.030328113259188, 20.991962039709946 ], [ 113.163560978432258, 22.147198914732733 ], [ 113.263794665703173, 22.305123311272187 ], [ 113.738912221556731, 22.470287397438224 ], [ 113.74005497138009, 22.468893212646464 ], [ 113.848640999948188, 22.298329569602579 ], [ 115.165453073200666, 12.775557577915858 ], [ 113.030328113259188, 20.991962039709946 ] ] ] } },
{ "type": "Feature", "properties": { "station_name_original": "Jianmenguan", "osmid": 9527263757, "english_name": "Jianmenguan Railway Station", "city": "Jiange", "province": "Sichuan", "zh_name": "剑门关", "name": "剑门关", "name:en": null, "splitted": null, "degree": 2, "pop": 842465.69 }, "geometry": { "type": "Polygon", "coordinates": [ [ [ 105.594418793576324, 31.938606261765994 ], [ 104.536924151629393, 33.602336139312229 ], [ 105.036299852131748, 33.520566023015419 ], [ 105.152102572295561, 33.359834280149819 ], [ 105.785617454642093, 32.096816153320454 ], [ 105.594418793576324, 31.938606261765994 ] ] ] } },
{ "type": "Feature", "properties": { "station_name_original": "Huaibeibei", "osmid": 3624924998, "english_name": "Huaibei North Railway Station", "city": "Huaibei", "province": "Anhui", "zh_name": "淮北北", "name": "淮北北", "name:en": "Huaibeibei", "splitted": null, "degree": 2, "pop": 343542.75 }, "geometry": { "type": "Polygon", "coordinates": [ [ [ 116.665062660484736, 34.103538574134355 ], [ 116.72594101620804, 34.222271047863828 ], [ 117.091039041822484, 34.047084290123557 ], [ 117.140854334792081, 33.965615229957592 ], [ 117.051376212600687, 33.8690913955963 ], [ 116.665062660484736, 34.103538574134355 ] ] ] } },
{ "type": "Feature", "properties": { "station_name_original": "Wendengdong", "osmid": 6382928240, "english_name": "Wendeng East Railway Station", "city": "Wendeng", "province": "Shandong", "zh_name": "文登东", "name": "文登东", "name:en": "Wendengdong", "splitted": null, "degree": 2, "pop": 568115.94 }, "geometry": { "type": "Polygon", "coordinates": [ [ [ 121.715305444187393, 36.553220948973625 ], [ 121.893854173861854, 37.146172513917087 ], [ 122.569150341446843, 37.564163480822451 ], [ 121.723254051627208, 36.258962749070541 ], [ 121.723081523321397, 36.260267089509263 ], [ 121.715305444187393, 36.553220948973625 ] ] ] } },
{ "type": "Feature", "properties": { "station_name_original": "Hukou", "osmid": 2381264576, "english_name": "Hukou Railway Station", "city": "Hukou", "province": "Jiangxi", "zh_name": null, "name": "湖口", "name:en": "Hukou", "splitted": null, "degree": 4, "pop": 1433409.2 }, "geometry": { "type": "Polygon", "coordinates": [ [ [ 116.055080445129619, 30.668452815959334 ], [ 116.107394471620765, 30.676992474863244 ], [ 116.91143455187995, 29.911726477274577 ], [ 116.91010570250053, 29.908463309240457 ], [ 116.159860611181671, 29.507036749456791 ], [ 116.055080445129619, 30.668452815959334 ] ] ] } },
{ "type": "Feature", "properties": { "station_name_original": "Qihe", "osmid": 6184600989, "english_name": "Qihe Railway Station", "city": "Qihe", "province": "Shandong", "zh_name": null, "name": "齐河", "name:en": "Qihe", "splitted": null, "degree": 5, "pop": 624252.44 }, "geometry": { "type": "Polygon", "coordinates": [ [ [ 116.4214829457989, 36.680547303469545 ], [ 117.155431517371071, 37.252186876438465 ], [ 117.02245543680084, 36.84687874198368 ], [ 116.970447310914835, 36.793820967870055 ], [ 116.933588705707805, 36.766351473984287 ], [ 116.4214829457989, 36.680547303469545 ] ] ] } },
{ "type": "Feature", "properties": { "station_name_original": "Huhehaotedong", "osmid": 1670013561, "english_name": "Hohhot East Railway Station", "city": "Hohhot", "province": "Inner Mongolia", "zh_name": null, "name": "呼和浩特东", "name:en": "Hohhot East", "splitted": null, "degree": 4, "pop": 1081300.9 }, "geometry": { "type": "Polygon", "coordinates": [ [ [ 109.000266953073478, 54.807523433190866 ], [ 107.991790518881942, 62.723058398576526 ], [ 110.763004992958628, 57.499114749312334 ], [ 112.276425778040704, 39.821097462159251 ], [ 111.934615096785706, 39.67374291652844 ], [ 109.000266953073478, 54.807523433190866 ] ] ] } },
{ "type": "Feature", "properties": { "station_name_original": "Xiaogandong", "osmid": 3377737086, "english_name": "Xiaogan East Railway Station", "city": "Xiaogan", "province": "Hubei", "zh_name": "孝感东", "name": "孝感东", "name:en": "Xiaogandong", "splitted": null, "degree": 6, "pop": 1138636.0 }, "geometry": { "type": "Polygon", "coordinates": [ [ [ 113.984857917328156, 30.702001152007565 ], [ 113.723522672066508, 30.792257510761203 ], [ 114.053599531787583, 31.272727636653602 ], [ 114.262403936755945, 31.185193558568248 ], [ 114.264648281518063, 31.16340210848287 ], [ 113.984857917328156, 30.702001152007565 ] ] ] } },
{ "type": "Feature", "properties": { "station_name_original": "Kuitan", "osmid": 2990496474, "english_name": "Kuitan Railway Station", "city": "Qiqihar", "province": "Heilongjiang", "zh_name": "奎滩", "name": "葵潭", "name:en": "Kuitan", "splitted": null, "degree": 7, "pop": 993603.25 }, "geometry": { "type": "Polygon", "coordinates": [ [ [ 123.099475620920913, 6.596070587861724 ], [ 115.618661058668181, 23.5567613723587 ], [ 115.646674798394486, 23.553015051719083 ], [ 115.730920373462794, 23.530928700779373 ], [ 116.597844931145133, 22.663461775987354 ], [ 123.099475620920913, 6.596070587861724 ] ] ] } },
{ "type": "Feature", "properties": { "station_name_original": "Xiangshuixian", "osmid": 4050159916, "english_name": "Xiangshui Railway Station", "city": "Xiangshui", "province": "Jiangsu", "zh_name": "响水县", "name": "响水县", "name:en": "Xiangshuixian", "splitted": null, "degree": 2, "pop": 707282.12 }, "geometry": { "type": "Polygon", "coordinates": [ [ [ 119.734153286933008, 34.796964460465752 ], [ 119.930132902056826, 34.878113788549896 ], [ 120.14297982900564, 34.925979966573195 ], [ 120.383462837109619, 34.921446042189302 ], [ 119.585021649317596, 33.888919937150156 ], [ 119.53656143771768, 33.892329787318523 ], [ 119.473899216116308, 34.166938755867463 ], [ 119.586262458746106, 34.610757141836174 ], [ 119.734153286933008, 34.796964460465752 ] ] ] } },
{ "type": "Feature", "properties": { "station_name_original": "Binhaigang", "osmid": 4050163561, "english_name": "Binhai Port Railway Station", "city": "Binhai", "province": "Jiangsu", "zh_name": "滨海港", "name": "滨海港", "name:en": "Binhaigang", "splitted": null, "degree": 2, "pop": 833625.19 }, "geometry": { "type": "Polygon", "coordinates": [ [ [ 119.585021649317596, 33.888919937150156 ], [ 120.383462837109619, 34.921446042189302 ], [ 120.611228225875408, 34.941816036069021 ], [ 121.814797022620681, 34.668667704893323 ], [ 120.532444004316815, 34.125172906021206 ], [ 119.6561248970295, 33.85731480512689 ], [ 119.585021649317596, 33.888919937150156 ] ] ] } },
{ "type": "Feature", "properties": { "station_name_original": "Funingdong", "osmid": 4050188145, "english_name": "Funing East Railway Station", "city": "Funing", "province": "Jiangsu", "zh_name": "阜宁东", "name": "阜宁东", "name:en": "Funingdong", "splitted": null, "degree": 2, "pop": 620832.75 }, "geometry": { "type": "Polygon", "coordinates": [ [ [ 119.852728663642125, 33.658684506449383 ], [ 119.78134757178718, 33.694144974487351 ], [ 119.6561248970295, 33.85731480512689 ], [ 120.532444004316815, 34.125172906021206 ], [ 119.852728663642125, 33.658684506449383 ] ] ] } },
{ "type": "Feature", "properties": { "station_name_original": "Sheyang", "osmid": 7856211589, "english_name": "Sheyang Railway Station", "city": "Sheyang", "province": "Jiangsu", "zh_name": "射阳", "name": "射阳", "name:en": "Sheyang", "splitted": null, "degree": 3, "pop": 573187.31 }, "geometry": { "type": "Polygon", "coordinates": [ [ [ 122.151216430817982, 34.626917400592291 ], [ 120.390830002459737, 33.686228347473261 ], [ 119.952907128680209, 33.530200780106505 ], [ 119.852728663642125, 33.658684506449383 ], [ 120.532444004316815, 34.125172906021206 ], [ 121.814797022620681, 34.668667704893323 ], [ 122.151216430817982, 34.626917400592291 ] ] ] } },
{ "type": "Feature", "properties": { "station_name_original": "Xianyou", "osmid": 6760264206, "english_name": "Xianyou Railway Station", "city": "Xianyou", "province": "Fujian", "zh_name": "仙游", "name": "仙游", "name:en": "Xianyou", "splitted": null, "degree": 4, "pop": 1876526.6 }, "geometry": { "type": "Polygon", "coordinates": [ [ [ 118.352745671788, 25.50893639538447 ], [ 118.307828355876879, 25.558022577805708 ], [ 118.370874828362986, 25.608030368322488 ], [ 118.874541799903099, 25.554211120735992 ], [ 119.913840456627668, 24.242501523016944 ], [ 118.352745671788, 25.50893639538447 ] ] ] } },
{ "type": "Feature", "properties": { "station_name_original": "Songming", "osmid": 3328336259, "english_name": "Songming Railway Station", "city": "Songming", "province": "Yunnan", "zh_name": "嵩明", "name": "嵩明", "name:en": "Songming", "splitted": null, "degree": 3, "pop": 4121186.0 }, "geometry": { "type": "Polygon", "coordinates": [ [ [ 104.101856482843246, 24.23243963701875 ], [ 99.459679216239493, 27.701966564108762 ], [ 102.336109992385943, 27.483721786704017 ], [ 104.101856482843246, 24.23243963701875 ] ] ] } },
{ "type": "Feature", "properties": { "station_name_original": "Yunmengdong", "osmid": 8535898770, "english_name": "Yunmeng East Railway Station", "city": "Yunmeng", "province": "Hubei", "zh_name": "云梦东", "name": "云梦东", "name:en": "Yunmeng East", "splitted": null, "degree": 6, "pop": 1140248.2 }, "geometry": { "type": "Polygon", "coordinates": [ [ [ 113.534919213155973, 30.781661081212356 ], [ 113.313062408528694, 30.899670294928033 ], [ 113.987675929252973, 31.326077390425858 ], [ 114.053599531787583, 31.272727636653602 ], [ 113.723522672066508, 30.792257510761203 ], [ 113.534919213155973, 30.781661081212356 ] ] ] } },
{ "type": "Feature", "properties": { "station_name_original": "Pingquanbei", "osmid": 4507808013, "english_name": "Pingquan North Railway Station", "city": "Pingquan", "province": "Hebei", "zh_name": "平泉北", "name": "平泉北", "name:en": "Pingquan North", "splitted": null, "degree": 4, "pop": 905276.75 }, "geometry": { "type": "Polygon", "coordinates": [ [ [ 117.417386263893576, 45.382112839706238 ], [ 117.069992645134306, 47.061737301770975 ], [ 117.98189016382301, 45.795710492051093 ], [ 119.182551557622503, 40.531130037108802 ], [ 119.118454023413292, 40.478497875860917 ], [ 119.042662396915389, 40.43331679073642 ], [ 118.627256767372586, 40.447069319282299 ], [ 117.417386263893576, 45.382112839706238 ] ] ] } },
{ "type": "Feature", "properties": { "station_name_original": "Zhijiangbei", "osmid": 3053787564, "english_name": "Zhijiang North Railway Station", "city": "Zhijiang", "province": "Hubei", "zh_name": "枝江北", "name": "枝江北", "name:en": "Zhijiangbei", "splitted": null, "degree": 2, "pop": 3640835.5 }, "geometry": { "type": "Polygon", "coordinates": [ [ [ 111.569365210484818, 29.045585823935561 ], [ 110.94102485498361, 29.181806012146495 ], [ 111.891833946093897, 31.294598410034062 ], [ 112.174530112072603, 31.198238883676652 ], [ 111.653564452235756, 29.052823755625347 ], [ 111.569365210484818, 29.045585823935561 ] ] ] } },
{ "type": "Feature", "properties": { "station_name_original": "Mudanjiang", "osmid": 1603990218, "english_name": "Mudanjiang Railway Station", "city": "Mudanjiang", "province": "Heilongjiang", "zh_name": "牡丹江", "name": "牡丹江", "name:en": "Mudanjiang", "splitted": null, "degree": 3, "pop": 1051122.2 }, "geometry": { "type": "Polygon", "coordinates": [ [ [ 129.604518869478085, 45.328508705746714 ], [ 129.955891366695369, 45.413392072206676 ], [ 130.001414433165252, 43.827380909339759 ], [ 129.431493610806797, 43.760321248377657 ], [ 129.416159297193303, 43.767760664268799 ], [ 129.531010939784153, 45.142448079849814 ], [ 129.604518869478085, 45.328508705746714 ] ] ] } },
{ "type": "Feature", "properties": { "station_name_original": "Shangzhinan", "osmid": 4684549549, "english_name": "Shangzhi South Railway Station", "city": "Shangzhi", "province": "Heilongjiang", "zh_name": "尚志南", "name": "尚志南", "name:en": "Shangzhi South Railway Station", "splitted": null, "degree": 6, "pop": 228611.23 }, "geometry": { "type": "Polygon", "coordinates": [ [ [ 127.60427245014958, 44.642044034691743 ], [ 127.756424883070252, 45.504625251496385 ], [ 128.285358016868543, 45.468483530168555 ], [ 127.60427245014958, 44.642044034691743 ] ] ] } },
{ "type": "Feature", "properties": { "station_name_original": "Jiaohexi", "osmid": 4038110668, "english_name": "Jiaohe West Railway Station", "city": "Jiaohe", "province": "Jilin", "zh_name": "蛟河西", "name": "蛟河西", "name:en": "Jiaohexi", "splitted": null, "degree": 2, "pop": 772122.62 }, "geometry": { "type": "Polygon", "coordinates": [ [ [ 126.862307843134644, 41.0969266887274 ], [ 126.501379617398968, 41.388551876978255 ], [ 127.066541966041711, 44.538388061939507 ], [ 127.553510585345464, 44.482638292371639 ], [ 127.893592642825851, 44.285446651040139 ], [ 128.00188475037865, 44.189901916250349 ], [ 126.862307843134644, 41.0969266887274 ] ] ] } },
{ "type": "Feature", "properties": { "station_name_original": "Zhongshan", "osmid": 11836127207, "english_name": "Zhongshan Railway Station", "city": "Zhongshan", "province": "Guangdong", "zh_name": "中山", "name": "中山", "name:en": "Zhongshan", "splitted": null, "degree": 2, "pop": 3379203.0 }, "geometry": { "type": "Polygon", "coordinates": [ [ [ 113.568506778418751, 22.688650600569677 ], [ 113.710742350216819, 22.581239101952395 ], [ 113.733595968326057, 22.518184673404438 ], [ 113.738912221556731, 22.470287397438224 ], [ 113.263794665703173, 22.305123311272187 ], [ 113.233010083531099, 22.726877078690123 ], [ 113.270455989987624, 22.741019338305222 ], [ 113.568506778418751, 22.688650600569677 ] ] ] } },
{ "type": "Feature", "properties": { "station_name_original": "Afanggong", "osmid": 5762027860, "english_name": "Afanggong Railway Station", "city": "Xi'an", "province": "Shaanxi", "zh_name": null, "name": "西安西", "name:en": "Xi'an West", "splitted": null, "degree": 2, "pop": 2481354.5 }, "geometry": { "type": "Polygon", "coordinates": [ [ [ 108.994553354250129, 34.064099852984604 ], [ 108.532526813880168, 34.248347425149092 ], [ 108.836055016938772, 34.335951418355748 ], [ 108.994553354250129, 34.064099852984604 ] ] ] } },
{ "type": "Feature", "properties": { "station_name_original": "Zhanjiangxi", "osmid": 7285032809, "english_name": "Zhanjiang West Railway Station", "city": "Zhanjiang", "province": "Guangdong", "zh_name": "湛江西", "name": "湛江西", "name:en": "Zhanjiangxi", "splitted": null, "degree": 1, "pop": 12689419.0 }, "geometry": { "type": "Polygon", "coordinates": [ [ [ 104.535600303286685, -7.3722308 ], [ 109.845792446987915, 22.137667262729906 ], [ 110.111553132856315, 22.234227190712293 ], [ 111.25399844699345, 20.404414741190536 ], [ 112.665174506352074, 16.939305248451355 ], [ 117.478838692746365, 2.500511405491268 ], [ 120.170311741473384, -7.3722308 ], [ 104.535600303286685, -7.3722308 ] ] ] } },
{ "type": "Feature", "properties": { "station_name_original": "Maoming", "osmid": 1641859651, "english_name": "Maoming Railway Station", "city": "Maoming", "province": "Guangdong", "zh_name": "茂名", "name": "茂名", "name:en": "Maoming", "splitted": null, "degree": 2, "pop": 6801436.5 }, "geometry": { "type": "Polygon", "coordinates": [ [ [ 110.111553132856315, 22.234227190712293 ], [ 110.529332647420361, 22.611191810435546 ], [ 111.066342620426184, 22.521232686140213 ], [ 111.25399844699345, 20.404414741190536 ], [ 110.111553132856315, 22.234227190712293 ] ] ] } },
{ "type": "Feature", "properties": { "station_name_original": "Xinhui", "osmid": 8401400286, "english_name": "Xinhui Railway Station", "city": "Jiangmen", "province": "Guangdong", "zh_name": "新会", "name": "新会", "name:en": "Xinhui", "splitted": null, "degree": 4, "pop": 3503410.0 }, "geometry": { "type": "Polygon", "coordinates": [ [ [ 112.674275389019343, 22.720209165567251 ], [ 112.883220967920934, 22.790341628405152 ], [ 113.05203019603924, 22.801698722690666 ], [ 113.233010083531099, 22.726877078690123 ], [ 113.263794665703173, 22.305123311272187 ], [ 113.163560978432258, 22.147198914732733 ], [ 112.674275389019343, 22.720209165567251 ] ] ] } },
{ "type": "Feature", "properties": { "station_name_original": "Zhaodong", "osmid": 3701360574, "english_name": "Zhaodong Railway Station", "city": "Zhaodong", "province": "Heilongjiang", "zh_name": null, "name": "肇东", "name:en": "Zhaodong", "splitted": null, "degree": 4, "pop": 1715144.5 }, "geometry": { "type": "Polygon", "coordinates": [ [ [ 127.261912768028765, 49.592241863003807 ], [ 127.565078105174237, 50.176215310969624 ], [ 127.576696072657867, 50.106090847549652 ], [ 127.579362645270763, 50.058390662779644 ], [ 127.192606674243493, 48.191182660867014 ], [ 126.182492814833168, 45.772157463537951 ], [ 125.624124656069881, 45.53921828172453 ], [ 125.318377897353386, 45.537886596314827 ], [ 127.261912768028765, 49.592241863003807 ] ] ] } },
{ "type": "Feature", "properties": { "station_name_original": "Ningqiangnan", "osmid": 3946003276, "english_name": "Ningqiang South Railway Station", "city": "Ningqiang", "province": "Shaanxi", "zh_name": "宁强南", "name": "宁强南", "name:en": "Ningqiangnan", "splitted": null, "degree": 2, "pop": 748769.12 }, "geometry": { "type": "Polygon", "coordinates": [ [ [ 107.013918401544146, 31.971605399791301 ], [ 106.509735430794265, 32.148780321761819 ], [ 105.725732531139741, 33.601494401744397 ], [ 106.363500576954124, 33.761287813032418 ], [ 107.013918401544146, 31.971605399791301 ] ] ] } },
{ "type": "Feature", "properties": { "station_name_original": "Fenglin", "osmid": 4710991169, "english_name": "Fenglin Railway Station", "city": "Yichun", "province": "Heilongjiang", "zh_name": "枫林", "name": "枫林", "name:en": "Fenglin Railway Station", "splitted": null, "degree": 3, "pop": 987712.81 }, "geometry": { "type": "Polygon", "coordinates": [ [ [ 115.492567189082436, 30.235293783155559 ], [ 115.69746903394946, 30.41353188539879 ], [ 115.758742309834901, 30.447794022254239 ], [ 115.74542852847118, 30.276941026249421 ], [ 115.379461792330645, 29.367497016267262 ], [ 115.184778699216167, 29.209617323389974 ], [ 115.06033931369376, 29.119922137589 ], [ 114.963236881041851, 29.12175360219074 ], [ 115.492567189082436, 30.235293783155559 ] ] ] } },
{ "type": "Feature", "properties": { "station_name_original": "Hefeibeicheng", "osmid": 6233986121, "english_name": "Hefei North City Railway Station", "city": "Hefei", "province": "Anhui", "zh_name": "合肥北城", "name": "合肥北城", "name:en": "Hefei Beicheng", "splitted": null, "degree": 5, "pop": 871751.75 }, "geometry": { "type": "Polygon", "coordinates": [ [ [ 116.767257125046811, 32.114293007594391 ], [ 116.831607644968955, 32.168490952756905 ], [ 116.968581949859583, 32.228778604300395 ], [ 117.526894959651429, 32.33859402297081 ], [ 117.710235494934153, 32.12729174492258 ], [ 117.086638084701264, 31.908007516919618 ], [ 116.876785350844727, 31.877779342094822 ], [ 116.767257125046811, 32.114293007594391 ] ] ] } },
{ "type": "Feature", "properties": { "station_name_original": "Changle", "osmid": 2727040405, "english_name": "Changle Railway Station", "city": "Changle", "province": "Fujian", "zh_name": "长乐", "name": "昌乐", "name:en": "Changle", "splitted": null, "degree": 2, "pop": 1459742.0 }, "geometry": { "type": "Polygon", "coordinates": [ [ [ 118.530586827234742, 36.000211997589105 ], [ 118.65042194108095, 36.657483664177356 ], [ 118.903270605360206, 37.204278932497282 ], [ 118.973914225442073, 36.909583566693698 ], [ 118.922853221372876, 35.988933218379842 ], [ 118.530586827234742, 36.000211997589105 ] ] ] } },
{ "type": "Feature", "properties": { "station_name_original": "Leshan", "osmid": 3740929566, "english_name": "Leshan Railway Station", "city": "Leshan", "province": "Sichuan", "zh_name": "乐山", "name": "乐山", "name:en": "Leshan", "splitted": null, "degree": 9, "pop": 1061699.2 }, "geometry": { "type": "Polygon", "coordinates": [ [ [ 103.621217435103105, 29.270640599101146 ], [ 103.56844542992549, 29.768019336056732 ], [ 104.021631086434226, 29.661578677235429 ], [ 103.621217435103105, 29.270640599101146 ] ] ] } },
{ "type": "Feature", "properties": { "station_name_original": "Luohuangnan", "osmid": 3695372229, "english_name": "Luohuang South Railway Station", "city": "Chongqing", "province": "Chongqing", "zh_name": "罗湟南", "name": "珞璜南", "name:en": "Luohuangnan", "splitted": null, "degree": 6, "pop": 1435272.6 }, "geometry": { "type": "Polygon", "coordinates": [ [ [ 106.116040471212841, 28.818753889424713 ], [ 106.178246145031395, 29.243564308251614 ], [ 106.326075654743747, 29.400880510347694 ], [ 106.639959466949378, 29.405438789435927 ], [ 106.720780873860576, 29.376985785314503 ], [ 106.762319167617875, 29.335142278170004 ], [ 106.116040471212841, 28.818753889424713 ] ] ] } },
{ "type": "Feature", "properties": { "station_name_original": "Zhoukoudong", "osmid": 9350376210, "english_name": "Zhoukou East Railway Station", "city": "Zhoukou", "province": "Henan", "zh_name": "周口东", "name": "周口东", "name:en": "Zhoukoudong", "splitted": null, "degree": 9, "pop": 2250310.8 }, "geometry": { "type": "Polygon", "coordinates": [ [ [ 114.468008237526902, 33.191949302187709 ], [ 114.377948728583732, 33.29931996165287 ], [ 114.365051467749495, 33.438758595288022 ], [ 115.085138631744684, 34.099462285535743 ], [ 115.178536146164106, 34.059521573675589 ], [ 115.202484030709641, 33.99644977150124 ], [ 114.468008237526902, 33.191949302187709 ] ] ] } },
{ "type": "Feature", "properties": { "station_name_original": "Yangjiang", "osmid": 5485730495, "english_name": "Yangjiang Railway Station", "city": "Yangjiang", "province": "Guangdong", "zh_name": "阳江", "name": "阳江", "name:en": "Yangjiang", "splitted": null, "degree": 3, "pop": 1948519.2 }, "geometry": { "type": "Polygon", "coordinates": [ [ [ 117.478838692746365, 2.500511405491268 ], [ 112.665174506352074, 16.939305248451355 ], [ 111.522369226728472, 22.479869909493907 ], [ 111.772844922643131, 22.449187777771108 ], [ 112.865487463316754, 21.269838330554428 ], [ 113.030328113259188, 20.991962039709946 ], [ 115.165453073200666, 12.775557577915858 ], [ 117.478838692746365, 2.500511405491268 ] ] ] } },
{ "type": "Feature", "properties": { "station_name_original": "Yijiang", "osmid": 7791053789, "english_name": "Yijiang Railway Station", "city": "Wuhu", "province": "Anhui", "zh_name": null, "name": "芜湖南", "name:en": "Wuhunan", "splitted": null, "degree": 3, "pop": 975646.25 }, "geometry": { "type": "Polygon", "coordinates": [ [ [ 118.169236655251041, 31.279774568081873 ], [ 118.175317564424205, 31.324542826458277 ], [ 118.775095401385045, 31.253275786649173 ], [ 118.893977283691854, 31.197426512424503 ], [ 118.894003419742418, 31.197383019209326 ], [ 118.974572423213075, 30.965037013839758 ], [ 118.75287729803371, 30.961552614187401 ], [ 118.362468961462653, 31.038676690649382 ], [ 118.169236655251041, 31.279774568081873 ] ] ] } },
{ "type": "Feature", "properties": { "station_name_original": "Mengshan", "osmid": 9255881278, "english_name": "Mengshan Railway Station", "city": "Mengshan", "province": "Guangxi", "zh_name": "蒙山", "name": "蒙山", "name:en": null, "splitted": null, "degree": 4, "pop": 2288340.8 }, "geometry": { "type": "Polygon", "coordinates": [ [ [ 117.639654882547916, 35.061133727949993 ], [ 117.430726402480033, 35.303974278869198 ], [ 117.588839426644256, 36.022663141109646 ], [ 117.674498957130652, 36.098346207599455 ], [ 117.808755692831966, 36.116709326610916 ], [ 117.875170257008691, 36.113330170977882 ], [ 118.124197586168776, 36.04217585729176 ], [ 117.639654882547916, 35.061133727949993 ] ] ] } },
{ "type": "Feature", "properties": { "station_name_original": "Anda", "osmid": 2662698010, "english_name": "Anda Railway Station", "city": "Anda", "province": "Heilongjiang", "zh_name": "安达", "name": "安达", "name:en": "Anda", "splitted": null, "degree": 3, "pop": 1328634.2 }, "geometry": { "type": "Polygon", "coordinates": [ [ [ 124.432690616714638, 45.269216047078643 ], [ 127.261912768028765, 49.592241863003807 ], [ 125.318377897353386, 45.537886596314827 ], [ 124.985350090651266, 45.374926222521324 ], [ 124.432690616714638, 45.269216047078643 ] ] ] } },
{ "type": "Feature", "properties": { "station_name_original": "Shouxian", "osmid": 4592125064, "english_name": "Shouxian Railway Station", "city": "Shouxian", "province": "Anhui", "zh_name": "寿县", "name": "寿县", "name:en": "Shouxian", "splitted": null, "degree": 5, "pop": 1074336.5 }, "geometry": { "type": "Polygon", "coordinates": [ [ [ 116.767257125046811, 32.114293007594391 ], [ 116.603233010750444, 32.171469958024893 ], [ 116.849147390831277, 33.207771962133435 ], [ 116.885522578491134, 33.192804766372092 ], [ 116.954833532933577, 32.739150265162401 ], [ 116.831607644968955, 32.168490952756905 ], [ 116.767257125046811, 32.114293007594391 ] ] ] } },
{ "type": "Feature", "properties": { "station_name_original": "Tongliao", "osmid": 843153748, "english_name": "Tongliao Railway Station", "city": "Tongliao", "province": "Inner Mongolia", "zh_name": "通辽", "name": "通辽", "name:en": "Tongliao", "splitted": null, "degree": 2, "pop": 2999685.0 }, "geometry": { "type": "Polygon", "coordinates": [ [ [ 116.079516695357498, 48.630936113248282 ], [ 116.051419589670175, 48.703728533096047 ], [ 122.877260979314599, 45.552101719482145 ], [ 123.605841661302776, 45.067118822157312 ], [ 123.612693729042533, 44.993698672565422 ], [ 123.585675581509165, 44.468162633908882 ], [ 123.439786033394086, 43.78946660174455 ], [ 123.262224553925719, 43.403724868503616 ], [ 121.191136379401001, 43.132988510990714 ], [ 120.75535905350165, 43.305407865856012 ], [ 119.381666794242236, 44.414854244069964 ], [ 118.285179906261945, 45.433791949411592 ], [ 117.98189016382301, 45.795710492051093 ], [ 117.069992645134306, 47.061737301770975 ], [ 116.079516695357498, 48.630936113248282 ] ] ] } },
{ "type": "Feature", "properties": { "station_name_original": "Chengdexianbei", "osmid": 4507816736, "english_name": "Chengde County North Railway Station", "city": "Chengde", "province": "Hebei", "zh_name": "承德县北", "name": "承德县北", "name:en": null, "splitted": null, "degree": 3, "pop": 591308.44 }, "geometry": { "type": "Polygon", "coordinates": [ [ [ 118.216939622879892, 40.302211692064581 ], [ 117.417386263893576, 45.382112839706238 ], [ 118.627256767372586, 40.447069319282299 ], [ 118.216939622879892, 40.302211692064581 ] ] ] } },
{ "type": "Feature", "properties": { "station_name_original": "Wulanchabu", "osmid": 4283506941, "english_name": "Ulanqab Railway Station", "city": "Ulanqab", "province": "Inner Mongolia", "zh_name": "乌兰察布", "name": "乌兰察布", "name:en": "Wulanchabu", "splitted": null, "degree": 5, "pop": 3053959.0 }, "geometry": { "type": "Polygon", "coordinates": [ [ [ 113.369914872678706, 39.75078307810665 ], [ 112.964967390117806, 39.838838041397729 ], [ 111.777816837546141, 55.699405859613876 ], [ 114.163245794649342, 51.644266886369351 ], [ 114.552587451999358, 50.978057693719641 ], [ 113.369914872678706, 39.75078307810665 ] ] ] } },
{ "type": "Feature", "properties": { "station_name_original": "Daqingxi", "osmid": 1731938313, "english_name": "Daqing West Railway Station", "city": "Daqing", "province": "Heilongjiang", "zh_name": "大庆西", "name": "大庆西", "name:en": "Daqingxi", "splitted": null, "degree": 4, "pop": 1529984.2 }, "geometry": { "type": "Polygon", "coordinates": [ [ [ 125.361660496472439, 48.203572828253137 ], [ 126.906198721717317, 50.214455360268325 ], [ 124.27740331359611, 45.225897570506802 ], [ 124.098970154664968, 45.159079708729372 ], [ 123.867211008441615, 45.132878199057473 ], [ 125.361660496472439, 48.203572828253137 ] ] ] } },
{ "type": "Feature", "properties": { "station_name_original": "Antuxi", "osmid": 4038062746, "english_name": "Antu West Railway Station", "city": "Antu", "province": "Jilin", "zh_name": "安图西", "name": "安图西", "name:en": "Antuxi", "splitted": null, "degree": 2, "pop": 180511.44 }, "geometry": { "type": "Polygon", "coordinates": [ [ [ 127.853535877620359, 39.779107885363153 ], [ 127.410981457898032, 40.446518794563886 ], [ 128.853836828719722, 43.947196595175122 ], [ 129.416159297193303, 43.767760664268799 ], [ 129.431493610806797, 43.760321248377657 ], [ 129.422697495864185, 43.691990059653406 ], [ 127.853535877620359, 39.779107885363153 ] ] ] } },
{ "type": "Feature", "properties": { "station_name_original": "Bozhounan", "osmid": 8930866816, "english_name": "Bozhou South Railway Station", "city": "Bozhou", "province": "Anhui", "zh_name": "亳州南", "name": "亳州南", "name:en": "Bozhounan", "splitted": null, "degree": 6, "pop": 1901364.4 }, "geometry": { "type": "Polygon", "coordinates": [ [ [ 115.429295754182633, 33.644019678293326 ], [ 115.295760394183347, 33.892498506006561 ], [ 116.192881135907001, 33.940605093530557 ], [ 116.323698798767623, 33.71655090437406 ], [ 116.328603998887033, 33.688045744381292 ], [ 115.429295754182633, 33.644019678293326 ] ] ] } },
{ "type": "Feature", "properties": { "station_name_original": "Yingshangbei", "osmid": 9987644049, "english_name": "Yingshang North Railway Station", "city": "Yingshang", "province": "Anhui", "zh_name": "颍上北", "name": "颍上北", "name:en": null, "splitted": null, "degree": 4, "pop": 2596376.0 }, "geometry": { "type": "Polygon", "coordinates": [ [ [ 116.097883672065322, 33.055414385370632 ], [ 116.268406511872101, 33.228413595055343 ], [ 116.480815624219957, 33.328654167254854 ], [ 116.364327645162405, 32.203307918494716 ], [ 116.153004614210687, 32.140059554038608 ], [ 115.73265889057835, 32.234127857880729 ], [ 116.097883672065322, 33.055414385370632 ] ] ] } },
{ "type": "Feature", "properties": { "station_name_original": "Meizhouxi", "osmid": 13061379938, "english_name": "Meizhou West Railway Station", "city": "Meizhou", "province": "Guangdong", "zh_name": "梅州西", "name": "梅州西", "name:en": "Meizhouxi", "splitted": null, "degree": 3, "pop": 2699515.8 }, "geometry": { "type": "Polygon", "coordinates": [ [ [ 114.822268061306943, 24.737486015099456 ], [ 115.15284509510235, 24.905526386743702 ], [ 115.200682963723182, 24.9230340683275 ], [ 115.977008468041205, 25.052225911043056 ], [ 116.653743308886973, 24.527325028586873 ], [ 116.699940542253756, 24.475105372378298 ], [ 116.730160860153404, 24.385172164819078 ], [ 116.618126808121829, 24.201099180074173 ], [ 116.250804715247099, 24.127280651360429 ], [ 114.742746249137042, 24.335467817064771 ], [ 114.822268061306943, 24.737486015099456 ] ] ] } },
{ "type": "Feature", "properties": { "station_name_original": "Bijie", "osmid": 4631868962, "english_name": "Bijie Railway Station", "city": "Bijie", "province": "Guizhou", "zh_name": "毕节", "name": "毕节", "name:en": "Bijie", "splitted": null, "degree": 8, "pop": 1864223.0 }, "geometry": { "type": "Polygon", "coordinates": [ [ [ 104.547752577942148, 26.786148919254654 ], [ 105.679069137489037, 27.796428430621241 ], [ 105.30450730142644, 26.603060353199862 ], [ 105.025064920964695, 26.57953720423971 ], [ 104.683447558439568, 26.70782584638571 ], [ 104.547752577942148, 26.786148919254654 ] ] ] } },
{ "type": "Feature", "properties": { "station_name_original": "Sanjiangnan", "osmid": 9527375842, "english_name": "Sanjiang South Railway Station", "city": "Sanjiang", "province": "Guangxi", "zh_name": "三江南", "name": "三江南", "name:en": null, "splitted": null, "degree": 3, "pop": 973506.5 }, "geometry": { "type": "Polygon", "coordinates": [ [ [ 109.073223538579839, 25.147308601195448 ], [ 109.647787247415238, 26.591993582786873 ], [ 109.720598444959549, 26.588464024931906 ], [ 109.991710883568203, 26.4901210482114 ], [ 110.149179784095722, 26.370408264541233 ], [ 110.128461447572107, 25.93648262925165 ], [ 109.838849781723965, 25.397541019246557 ], [ 109.45554513108091, 25.174903511486768 ], [ 109.073223538579839, 25.147308601195448 ] ] ] } },
{ "type": "Feature", "properties": { "station_name_original": "Yangqiao", "osmid": 5559297514, "english_name": "Yangqiao Railway Station", "city": "Fuzhou", "province": "Fujian", "zh_name": "杨桥", "name": "杨桥", "name:en": null, "splitted": null, "degree": 2, "pop": 471957.09 }, "geometry": { "type": "Polygon", "coordinates": [ [ [ 111.757596488412446, 26.941703109978519 ], [ 111.930931693841359, 27.367469067866121 ], [ 112.320653931365982, 27.362753221215321 ], [ 112.172705952635027, 26.986863595070581 ], [ 111.786303293579238, 26.932610901144823 ], [ 111.757596488412446, 26.941703109978519 ] ] ] } },
{ "type": "Feature", "properties": { "station_name_original": "Yibinxi", "osmid": 9334658566, "english_name": "Yibin West Railway Station", "city": "Yibin", "province": "Sichuan", "zh_name": "宜宾西", "name": "宜宾西", "name:en": "Yibinxi", "splitted": null, "degree": 9, "pop": 2366039.2 }, "geometry": { "type": "Polygon", "coordinates": [ [ [ 104.646972489741842, 29.110547970446838 ], [ 104.743350131155438, 29.222780021102604 ], [ 104.901840634944548, 29.137160581572473 ], [ 104.936806699265105, 29.104944050408651 ], [ 104.561478056614263, 28.139994784420256 ], [ 103.9991546116633, 27.857870579739227 ], [ 104.646972489741842, 29.110547970446838 ] ] ] } },
{ "type": "Feature", "properties": { "station_name_original": "Jianxi", "osmid": 2941788642, "english_name": "Jian West Railway Station", "city": "Ji'an", "province": "Jiangxi", "zh_name": "吉安西", "name": "吉安西", "name:en": "Ji'anxi", "splitted": null, "degree": 12, "pop": 1336812.5 }, "geometry": { "type": "Polygon", "coordinates": [ [ [ 114.149601113690949, 26.946223660961586 ], [ 114.244005523097641, 27.1333307401705 ], [ 114.737374128949924, 27.509252928657244 ], [ 115.195872574026481, 27.001145869312062 ], [ 114.149601113690949, 26.946223660961586 ] ] ] } },
{ "type": "Feature", "properties": { "station_name_original": "Jiangningxi", "osmid": 9242148045, "english_name": "Jiangning West Railway Station", "city": "Nanjing", "province": "Jiangsu", "zh_name": "江宁西", "name": "江宁西", "name:en": null, "splitted": null, "degree": 2, "pop": 647381.75 }, "geometry": { "type": "Polygon", "coordinates": [ [ [ 118.359342970877492, 31.845124714327977 ], [ 118.527729454825973, 32.068042250546789 ], [ 118.537007131221088, 32.074877648368847 ], [ 118.59800902178479, 32.028356950873004 ], [ 118.783332842395552, 31.772072201382421 ], [ 118.784106173789951, 31.769996649941124 ], [ 118.786517090860798, 31.667205667437617 ], [ 118.359342970877492, 31.845124714327977 ] ] ] } },
{ "type": "Feature", "properties": { "station_name_original": "Houmen", "osmid": 10224522918, "english_name": "Houmen Railway Station", "city": "Wenzhou", "province": "Zhejiang", "zh_name": "后门", "name": "鲘门", "name:en": "Houmen", "splitted": null, "degree": 3, "pop": 558527.44 }, "geometry": { "type": "Polygon", "coordinates": [ [ [ 114.783443449622851, 22.296819018458084 ], [ 114.77284713560941, 22.377420389419889 ], [ 115.190159326427718, 23.711150364361345 ], [ 115.250004231535371, 23.668124457877497 ], [ 115.277825974790773, 23.542867693814074 ], [ 115.260685734211435, 21.406286649283 ], [ 114.783443449622851, 22.296819018458084 ] ] ] } },
{ "type": "Feature", "properties": { "station_name_original": "Sanyang", "osmid": 5728132767, "english_name": "Sanyang Railway Station", "city": "Wenzhou", "province": "Zhejiang", "zh_name": "三阳", "name": "三阳", "name:en": "Sanyang", "splitted": null, "degree": 3, "pop": 147751.88 }, "geometry": { "type": "Polygon", "coordinates": [ [ [ 118.702604849002796, 29.498619619459202 ], [ 118.619671371767737, 29.708573022716042 ], [ 118.715432708487597, 30.217022482597166 ], [ 119.173314342783499, 30.696671087477064 ], [ 119.273635702540531, 30.645287333556244 ], [ 119.285563104706426, 30.627934619492876 ], [ 119.349035624409836, 30.351574249272307 ], [ 118.702604849002796, 29.498619619459202 ] ] ] } },
{ "type": "Feature", "properties": { "station_name_original": "Zhuangqiao", "osmid": 9863373266, "english_name": "Zhuangqiao Railway Station", "city": "Ningbo", "province": "Zhejiang", "zh_name": "庄桥", "name": "庄桥火车站", "name:en": "Zhuangqiao Railway Station", "splitted": null, "degree": 3, "pop": 2746701.5 }, "geometry": { "type": "Polygon", "coordinates": [ [ [ 121.589009980626344, 30.515241550892274 ], [ 121.929553911839434, 30.612576786202325 ], [ 133.458000280172314, 31.289600439142333 ], [ 134.28912354819667, 30.721654755924192 ], [ 121.281520590599172, 29.8782763787809 ], [ 121.589009980626344, 30.515241550892274 ] ] ] } },
{ "type": "Feature", "properties": { "station_name_original": "Junanbei", "osmid": 9255881281, "english_name": "Junan North Railway Station", "city": "Junan", "province": "Shandong", "zh_name": "莒南北", "name": "莒南北", "name:en": null, "splitted": null, "degree": 3, "pop": 2605016.0 }, "geometry": { "type": "Polygon", "coordinates": [ [ [ 118.44500809048624, 35.983403060829851 ], [ 118.530586827234742, 36.000211997589105 ], [ 118.922853221372876, 35.988933218379842 ], [ 118.939446339757325, 35.9854402464359 ], [ 118.964330200704566, 35.088925373003867 ], [ 118.655994407213257, 34.843233483970224 ], [ 118.44500809048624, 35.983403060829851 ] ] ] } },
{ "type": "Feature", "properties": { "station_name_original": "Zhaotian", "osmid": 7332499345, "english_name": "Zhaotian Railway Station", "city": "Luzhou", "province": "Sichuan", "zh_name": null, "name": "朝天", "name:en": "Chaotian", "splitted": null, "degree": 3, "pop": 381483.69 }, "geometry": { "type": "Polygon", "coordinates": [ [ [ 105.152102572295561, 33.359834280149819 ], [ 105.036299852131748, 33.520566023015419 ], [ 105.725732531139741, 33.601494401744397 ], [ 106.509735430794265, 32.148780321761819 ], [ 106.354626772954049, 32.174500001801945 ], [ 105.152102572295561, 33.359834280149819 ] ] ] } },
{ "type": "Feature", "properties": { "station_name_original": "Changlinhe", "osmid": 9524540935, "english_name": "Changlinhe Railway Station", "city": "Yichang", "province": "Hubei", "zh_name": null, "name": "长临河", "name:en": null, "splitted": null, "degree": 3, "pop": 1084761.8 }, "geometry": { "type": "Polygon", "coordinates": [ [ [ 117.086213390577683, 31.19232865825159 ], [ 117.411311941532077, 31.80912206839141 ], [ 117.738755202512905, 32.105573600364217 ], [ 117.776841733497633, 32.089949629110059 ], [ 117.655846342886846, 31.423646484087222 ], [ 117.497955515874708, 31.22878445299423 ], [ 117.347895842748571, 31.155783784399759 ], [ 117.201724872999577, 31.150394525598426 ], [ 117.086213390577683, 31.19232865825159 ] ] ] } },
{ "type": "Feature", "properties": { "station_name_original": "Jiexiudong", "osmid": 3012070492, "english_name": "Jiexiu East Railway Station", "city": "Jiexiu", "province": "Shanxi", "zh_name": "介休东", "name": "介休东", "name:en": "Jiexiu East", "splitted": null, "degree": 5, "pop": 2814262.0 }, "geometry": { "type": "Polygon", "coordinates": [ [ [ 109.519378270693863, 37.983512141615769 ], [ 110.252015473542073, 38.392678486797315 ], [ 110.674373311698403, 38.567873609588638 ], [ 110.888871001795465, 38.480511137362754 ], [ 111.263212582270697, 38.29072226462057 ], [ 111.3691973103641, 38.201361397421692 ], [ 112.223330884103305, 36.849670144249245 ], [ 109.519378270693863, 37.983512141615769 ] ] ] } },
{ "type": "Feature", "properties": { "station_name_original": "Beijingbei", "osmid": 8016534536, "english_name": "Beijing North Railway Station", "city": "Beijing", "province": "Beijing", "zh_name": "北京北", "name": "北京北", "name:en": "Beijingbei", "splitted": null, "degree": 1, "pop": 3744335.2 }, "geometry": { "type": "Polygon", "coordinates": [ [ [ 117.196899521962351, 40.33751543133107 ], [ 117.221391125510408, 40.295371690003712 ], [ 116.99503164992187, 40.11078721241234 ], [ 116.357158514428335, 39.903943948545546 ], [ 116.25554065179503, 39.964362579696129 ], [ 117.196899521962351, 40.33751543133107 ] ] ] } },
{ "type": "Feature", "properties": { "station_name_original": "Suqian", "osmid": 8223644856, "english_name": "Suqian Railway Station", "city": "Suqian", "province": "Jiangsu", "zh_name": "宿迁", "name": "宿迁", "name:en": "Suqian", "splitted": null, "degree": 6, "pop": 3472662.0 }, "geometry": { "type": "Polygon", "coordinates": [ [ [ 118.037948362231845, 33.232540548793914 ], [ 117.962776960441872, 33.297513872764533 ], [ 118.247353743436122, 34.541584231921199 ], [ 118.482259760457012, 34.524070031827769 ], [ 118.636613751191106, 34.338973500826697 ], [ 118.307020762644271, 33.141420462767869 ], [ 118.037948362231845, 33.232540548793914 ] ] ] } },
{ "type": "Feature", "properties": { "station_name_original": "Huaiandong", "osmid": 4715013921, "english_name": "Huai'an East Railway Station", "city": "Huai'an", "province": "Jiangsu", "zh_name": "淮安东", "name": "淮安东", "name:en": "Huai'andong", "splitted": null, "degree": 7, "pop": 3351189.5 }, "geometry": { "type": "Polygon", "coordinates": [ [ [ 118.706251358247371, 32.912096053025465 ], [ 118.662385898916696, 32.939866336957337 ], [ 118.953821694679036, 33.684057188229019 ], [ 119.410064759386671, 33.664261750722176 ], [ 119.415898943913888, 32.904855657439896 ], [ 119.151535795777036, 32.857711776903827 ], [ 118.838715718283467, 32.88689902547867 ], [ 118.706251358247371, 32.912096053025465 ] ] ] } },
{ "type": "Feature", "properties": { "station_name_original": "Hunchun", "osmid": 6545269239, "english_name": "Hunchun Railway Station", "city": "Hunchun", "province": "Jilin", "zh_name": "珲春", "name": "珲春 훈춘", "name:en": "Hunchun", "splitted": null, "degree": 2, "pop": 263572.44 }, "geometry": { "type": "Polygon", "coordinates": [ [ [ 159.746846600000026, 14.364449267033091 ], [ 148.918404195513091, 21.17892459049833 ], [ 140.175022638825141, 26.7198183428272 ], [ 134.28912354819667, 30.721654755924192 ], [ 133.458000280172314, 31.289600439142333 ], [ 131.73313325481368, 32.613817545801723 ], [ 131.072907679476771, 33.530685843064532 ], [ 129.878775459974605, 36.117186090027388 ], [ 129.897525392153852, 41.703936111992661 ], [ 130.221220504450059, 43.751138157568093 ], [ 130.362087555291311, 43.754594287797659 ], [ 130.93024847276368, 43.56951778602145 ], [ 159.746846600000026, 29.517636691543444 ], [ 159.746846600000026, 14.364449267033091 ] ] ] } },
{ "type": "Feature", "properties": { "station_name_original": "Yancheng", "osmid": 7682857921, "english_name": "Yancheng Railway Station", "city": "Yancheng", "province": "Jiangsu", "zh_name": null, "name": "盐城", "name:en": "Yancheng", "splitted": null, "degree": 3, "pop": 4245563.0 }, "geometry": { "type": "Polygon", "coordinates": [ [ [ 119.768629685505658, 32.809370874836077 ], [ 119.877732563634723, 33.129086309991457 ], [ 120.390830002459737, 33.686228347473261 ], [ 122.151216430817982, 34.626917400592291 ], [ 122.382118676960445, 34.615739153345707 ], [ 123.53237851949207, 33.937321670765371 ], [ 121.929766023853176, 32.97853910076811 ], [ 121.66040732132889, 32.823140181786989 ], [ 121.54762613314675, 32.762455406357368 ], [ 121.352614718539854, 32.670162774867293 ], [ 121.26819845099439, 32.634425442235596 ], [ 120.615359419530108, 32.533007866107454 ], [ 120.179941975447733, 32.598557818710582 ], [ 119.979355778622462, 32.674396614192183 ], [ 119.768629685505658, 32.809370874836077 ] ] ] } },
{ "type": "Feature", "properties": { "station_name_original": "Pingyaogucheng", "osmid": 3012070515, "english_name": "Pingyao Ancient City Railway Station", "city": "Pingyao", "province": "Shanxi", "zh_name": "平遥古城", "name": "平遥古城", "name:en": "Pingyao Ancient City Station", "splitted": null, "degree": 7, "pop": 760731.62 }, "geometry": { "type": "Polygon", "coordinates": [ [ [ 112.582511198038233, 36.544427382622885 ], [ 112.223330884103305, 36.849670144249245 ], [ 111.3691973103641, 38.201361397421692 ], [ 111.603509327627663, 38.031538434541723 ], [ 112.970083293720421, 36.348193447892747 ], [ 112.961790023071288, 36.343535047299255 ], [ 112.582511198038233, 36.544427382622885 ] ] ] } },
{ "type": "Feature", "properties": { "station_name_original": "Tumenbei", "osmid": 6650863285, "english_name": "Tumen North Railway Station", "city": "Tumen", "province": "Jilin", "zh_name": "图们北", "name": "图们北", "name:en": "Tumenbei", "splitted": null, "degree": 2, "pop": 233387.53 }, "geometry": { "type": "Polygon", "coordinates": [ [ [ 129.422697495864185, 43.691990059653406 ], [ 129.431493610806797, 43.760321248377657 ], [ 130.001414433165252, 43.827380909339759 ], [ 130.221220504450059, 43.751138157568093 ], [ 129.897525392153852, 41.703936111992661 ], [ 129.422697495864185, 43.691990059653406 ] ] ] } },
{ "type": "Feature", "properties": { "station_name_original": "Huidong", "osmid": 8301434852, "english_name": "Huidong Railway Station", "city": "Huidong", "province": "Guangdong", "zh_name": "惠东", "name": "惠东", "name:en": "Huidong", "splitted": null, "degree": 5, "pop": 1177196.2 }, "geometry": { "type": "Polygon", "coordinates": [ [ [ 114.77284713560941, 22.377420389419889 ], [ 114.552772808843343, 22.782404769507732 ], [ 114.852586225431693, 24.094383639046214 ], [ 115.190159326427718, 23.711150364361345 ], [ 114.77284713560941, 22.377420389419889 ] ] ] } },
{ "type": "Feature", "properties": { "station_name_original": "Pingbanan", "osmid": 3328318453, "english_name": "Pingba South Railway Station", "city": "Pingba", "province": "Guizhou", "zh_name": "平坝南", "name": "平坝南", "name:en": "Pingbanan", "splitted": null, "degree": 2, "pop": 1453812.6 }, "geometry": { "type": "Polygon", "coordinates": [ [ [ 106.843681732508713, 25.827704381939682 ], [ 106.704317358536343, 24.974267783053183 ], [ 105.911889651990251, 26.605522760114159 ], [ 106.325371685825814, 26.749682273852365 ], [ 106.843681732508713, 25.827704381939682 ] ] ] } },
{ "type": "Feature", "properties": { "station_name_original": "Feixianbei", "osmid": 9255881279, "english_name": "Feixian North Railway Station", "city": "Feixian", "province": "Shandong", "zh_name": "费县北", "name": "费县北", "name:en": null, "splitted": null, "degree": 4, "pop": 1675654.2 }, "geometry": { "type": "Polygon", "coordinates": [ [ [ 117.661328061978111, 34.996768315680761 ], [ 117.639654882547916, 35.061133727949993 ], [ 118.124197586168776, 36.04217585729176 ], [ 118.248705533228716, 36.031997357674676 ], [ 118.355071235625715, 35.990429419012642 ], [ 117.980862948553792, 34.636664909506571 ], [ 117.968577895825803, 34.636654896373472 ], [ 117.661328061978111, 34.996768315680761 ] ] ] } },
{ "type": "Feature", "properties": { "station_name_original": "Yanchengbei", "osmid": 4050200104, "english_name": "Yancheng North Railway Station", "city": "Yancheng", "province": "Jiangsu", "zh_name": "盐城北", "name": "盐城北", "name:en": "Yanchengbei", "splitted": null, "degree": 1, "pop": 494184.91 }, "geometry": { "type": "Polygon", "coordinates": [ [ [ 119.877732563634723, 33.129086309991457 ], [ 119.952907128680209, 33.530200780106505 ], [ 120.390830002459737, 33.686228347473261 ], [ 119.877732563634723, 33.129086309991457 ] ] ] } },
{ "type": "Feature", "properties": { "station_name_original": "Nailingao", "osmid": 4507841540, "english_name": "Nailingao Railway Station", "city": "Tongliao", "province": "Inner Mongolia", "zh_name": "乃林高", "name": "奈林皋", "name:en": "Nailingao", "splitted": null, "degree": 3, "pop": 430106.66 }, "geometry": { "type": "Polygon", "coordinates": [ [ [ 119.55051944353545, 41.873466922740811 ], [ 119.028892267744794, 43.572247108037111 ], [ 120.454558836858141, 41.117510428929606 ], [ 120.233672136601399, 40.883903701705854 ], [ 120.222098315504283, 40.881084704348623 ], [ 119.55051944353545, 41.873466922740811 ] ] ] } },
{ "type": "Feature", "properties": { "station_name_original": "Hailinbei", "osmid": 9160197901, "english_name": "Hailin North Railway Station", "city": "Hailin", "province": "Heilongjiang", "zh_name": "海林北", "name": "海林北", "name:en": null, "splitted": null, "degree": 4, "pop": 422361.38 }, "geometry": { "type": "Polygon", "coordinates": [ [ [ 128.774650509139263, 44.019603313601365 ], [ 129.531010939784153, 45.142448079849814 ], [ 129.416159297193303, 43.767760664268799 ], [ 128.853836828719722, 43.947196595175122 ], [ 128.774650509139263, 44.019603313601365 ] ] ] } },
{ "type": "Feature", "properties": { "station_name_original": "Zhangwu", "osmid": 1655741373, "english_name": "Zhangwu Railway Station", "city": "Zhangwu", "province": "Liaoning", "zh_name": "彰武", "name": "彰武", "name:en": "Zhangwu", "splitted": null, "degree": 4, "pop": 381189.44 }, "geometry": { "type": "Polygon", "coordinates": [ [ [ 121.983062462134328, 42.49948523337801 ], [ 121.971616208241144, 42.529725032611402 ], [ 123.168177676152368, 42.892076109560911 ], [ 123.17060636645823, 42.871314543997016 ], [ 123.12878884741761, 42.560494254637284 ], [ 122.551076324672266, 42.118978204571512 ], [ 121.983062462134328, 42.49948523337801 ] ] ] } },
{ "type": "Feature", "properties": { "station_name_original": "Shuangyang", "osmid": 7237831724, "english_name": "Shuangyang Railway Station", "city": "Changchun", "province": "Jilin", "zh_name": "双阳", "name": "双洋", "name:en": "Shuangyang", "splitted": null, "degree": 2, "pop": 244083.16 }, "geometry": { "type": "Polygon", "coordinates": [ [ [ 117.174894410055629, 25.481693352482399 ], [ 117.022213139268743, 25.570316791550347 ], [ 116.990478630034829, 25.802052047044224 ], [ 117.85199392807128, 25.756809144436961 ], [ 118.057567476060868, 25.468652470843146 ], [ 118.044468657338768, 25.444430258393396 ], [ 117.174894410055629, 25.481693352482399 ] ] ] } },
{ "type": "Feature", "properties": { "station_name_original": "Tongzibei", "osmid": 3695356382, "english_name": "Tongzi North Railway Station", "city": "Tongzi", "province": "Guizhou", "zh_name": "桐梓北", "name": "桐梓北", "name:en": "Tongzi North", "splitted": null, "degree": 5, "pop": 1162606.8 }, "geometry": { "type": "Polygon", "coordinates": [ [ [ 106.039603343779007, 28.236475156850766 ], [ 106.03638328302597, 28.337371944638342 ], [ 107.669702797897472, 28.875290001234156 ], [ 108.155741044036077, 28.589244798158994 ], [ 108.111903153868141, 28.428135772050975 ], [ 107.356750285389623, 28.265332868359117 ], [ 106.039603343779007, 28.236475156850766 ] ] ] } },
{ "type": "Feature", "properties": { "station_name_original": "Xuanhuabei", "osmid": 4759822025, "english_name": "Xuanhua North Railway Station", "city": "Zhangjiakou", "province": "Hebei", "zh_name": "宣化北", "name": "宣化北", "name:en": "Xuanhuabei", "splitted": null, "degree": 6, "pop": 741190.0 }, "geometry": { "type": "Polygon", "coordinates": [ [ [ 114.629074992237449, 39.564361009044838 ], [ 114.689819974059219, 40.310956014626157 ], [ 115.93711810970639, 42.066210591737338 ], [ 114.65544912025122, 39.564690348851251 ], [ 114.629074992237449, 39.564361009044838 ] ] ] } },
{ "type": "Feature", "properties": { "station_name_original": "Ningde", "osmid": 5614557340, "english_name": "Ningde Railway Station", "city": "Ningde", "province": "Fujian", "zh_name": "宁德", "name": "宁德", "name:en": "Ningde", "splitted": null, "degree": 5, "pop": 1288900.4 }, "geometry": { "type": "Polygon", "coordinates": [ [ [ 118.998356216960957, 27.108022755957492 ], [ 119.166161539081187, 27.686426713864716 ], [ 119.505516650549993, 27.351179018308173 ], [ 119.931429345965469, 26.553967742541307 ], [ 119.172890471565921, 26.579773082312897 ], [ 119.077928873638626, 26.755322265376574 ], [ 118.998356216960957, 27.108022755957492 ] ] ] } },
{ "type": "Feature", "properties": { "station_name_original": "Taiguxi", "osmid": 3012075980, "english_name": "Taigu West Railway Station", "city": "Taigu", "province": "Shanxi", "zh_name": "太谷西", "name": "太谷西", "name:en": null, "splitted": null, "degree": 4, "pop": 959556.19 }, "geometry": { "type": "Polygon", "coordinates": [ [ [ 113.196938115737709, 36.443029547817297 ], [ 112.133782134358441, 37.743788261936473 ], [ 112.386103352643289, 37.66909324445475 ], [ 113.489241732839901, 37.054253026343815 ], [ 113.504151225752693, 37.033502110866358 ], [ 113.486613276877719, 36.930908895906136 ], [ 113.344541881861829, 36.579009922553681 ], [ 113.264719633106935, 36.465137273567635 ], [ 113.196938115737709, 36.443029547817297 ] ] ] } },
{ "type": "Feature", "properties": { "station_name_original": "Achengbei", "osmid": 6314359568, "english_name": "Acheng North Railway Station", "city": "Harbin", "province": "Heilongjiang", "zh_name": "阿城北", "name": "阿城北", "name:en": null, "splitted": null, "degree": 4, "pop": 852629.62 }, "geometry": { "type": "Polygon", "coordinates": [ [ [ 126.79675306045084, 44.789160520382715 ], [ 126.693711297767067, 45.263350029853648 ], [ 126.772147086691305, 45.560139724747557 ], [ 127.034909248225219, 46.151455804300618 ], [ 127.303786352654143, 45.519657540818088 ], [ 126.800506039848472, 44.782574866365486 ], [ 126.79675306045084, 44.789160520382715 ] ] ] } },
{ "type": "Feature", "properties": { "station_name_original": "Tianhejichang", "osmid": 11128968036, "english_name": "Tianhe Airport Railway Station", "city": "Guangzhou", "province": "Guangdong", "zh_name": "天河机场", "name": "天河机场", "name:en": "Tianhe International Airport", "splitted": null, "degree": 3, "pop": 762421.31 }, "geometry": { "type": "Polygon", "coordinates": [ [ [ 114.01765207669591, 30.643897446552685 ], [ 113.984857917328156, 30.702001152007565 ], [ 114.264648281518063, 31.16340210848287 ], [ 114.44127043485733, 30.850005624205817 ], [ 114.343719490029358, 30.725333133528718 ], [ 114.01765207669591, 30.643897446552685 ] ] ] } },
{ "type": "Feature", "properties": { "station_name_original": "Weihexi", "osmid": 1603990260, "english_name": "Weihe West Railway Station", "city": "Weinan", "province": "Shaanxi", "zh_name": null, "name": "苇河", "name:en": "Weihe", "splitted": null, "degree": 6, "pop": 75880.664 }, "geometry": { "type": "Polygon", "coordinates": [ [ [ 128.436714010935248, 45.477827458765468 ], [ 128.575666545940379, 45.413002993287456 ], [ 128.320457722382912, 44.162981670833105 ], [ 128.00188475037865, 44.189901916250349 ], [ 127.893592642825851, 44.285446651040139 ], [ 128.436714010935248, 45.477827458765468 ] ] ] } },
{ "type": "Feature", "properties": { "station_name_original": "Meishandong", "osmid": 11808935056, "english_name": "Meishan East Railway Station", "city": "Meishan", "province": "Sichuan", "zh_name": "眉山东", "name": "眉山东", "name:en": null, "splitted": null, "degree": 10, "pop": 1421796.8 }, "geometry": { "type": "Polygon", "coordinates": [ [ [ 104.256709948702294, 29.998628160441005 ], [ 104.267167525788523, 29.846096633688358 ], [ 103.282467017748488, 30.085545631188015 ], [ 102.968650901815039, 30.312777382325475 ], [ 103.399669673538057, 30.262326613824495 ], [ 104.244281826718918, 30.028851698020986 ], [ 104.256709948702294, 29.998628160441005 ] ] ] } },
{ "type": "Feature", "properties": { "station_name_original": "Changshoubei", "osmid": 2775155961, "english_name": "Changshou North Railway Station", "city": "Chongqing", "province": "Chongqing", "zh_name": "长寿北", "name": "长寿北", "name:en": "Changshoubei", "splitted": null, "degree": 3, "pop": 895013.56 }, "geometry": { "type": "Polygon", "coordinates": [ [ [ 106.686976758854215, 30.071157931770045 ], [ 106.71837466773205, 30.389984646226178 ], [ 106.742508329905078, 30.437790815055983 ], [ 106.851734059116879, 30.360026025276536 ], [ 107.183839300259322, 29.850721946325148 ], [ 107.058464799379635, 29.61961335686448 ], [ 106.686976758854215, 30.071157931770045 ] ] ] } },
{ "type": "Feature", "properties": { "station_name_original": "Huaian", "osmid": 4693191083, "english_name": "Huai'an Railway Station", "city": "Huai'an", "province": "Jiangsu", "zh_name": "淮安", "name": "怀安", "name:en": "Huai'an", "splitted": null, "degree": 5, "pop": 1158932.2 }, "geometry": { "type": "Polygon", "coordinates": [ [ [ 113.861365217638934, 39.418508518549466 ], [ 113.669840109055215, 39.588261237729036 ], [ 114.489243084732578, 41.7991376300089 ], [ 114.689819974059219, 40.310956014626157 ], [ 114.629074992237449, 39.564361009044838 ], [ 114.15789399574571, 39.418140851355062 ], [ 113.93733039406969, 39.390062332125957 ], [ 113.861365217638934, 39.418508518549466 ] ] ] } },
{ "type": "Feature", "properties": { "station_name_original": "Yuxi", "osmid": 3695399273, "english_name": "Yuxi Railway Station", "city": "Yuxi", "province": "Yunnan", "zh_name": "玉溪", "name": "玉溪", "name:en": "Yuxi", "splitted": null, "degree": 1, "pop": 8971000.0 }, "geometry": { "type": "Polygon", "coordinates": [ [ [ 73.8932495, -7.3722308 ], [ 73.8932495, 32.258399025862012 ], [ 97.606215260913928, 27.940347032240101 ], [ 104.810480420903517, 23.213061132657753 ], [ 104.979194861270258, 22.997352112654337 ], [ 105.175792134886947, 22.680853883445149 ], [ 104.362859060444663, 19.566685947812633 ], [ 92.599099486174197, -7.3722308 ], [ 73.8932495, -7.3722308 ] ] ] } },
{ "type": "Feature", "properties": { "station_name_original": "Binyang", "osmid": 4804713181, "english_name": "Binyang Railway Station", "city": "Binyang", "province": "Guangxi", "zh_name": "宾阳", "name": "宾阳", "name:en": "Binyang", "splitted": null, "degree": 3, "pop": 1702447.9 }, "geometry": { "type": "Polygon", "coordinates": [ [ [ 109.164203317834435, 22.338110642028845 ], [ 109.134764324234411, 22.337505215581196 ], [ 108.368391127319654, 23.714747494136997 ], [ 109.405998245539166, 23.417959819506908 ], [ 109.164203317834435, 22.338110642028845 ] ] ] } },
{ "type": "Feature", "properties": { "station_name_original": "Huailai", "osmid": 4759815998, "english_name": "Huailai Railway Station", "city": "Huailai", "province": "Hebei", "zh_name": "怀来", "name": "怀来", "name:en": "Huailai", "splitted": null, "degree": 5, "pop": 338921.06 }, "geometry": { "type": "Polygon", "coordinates": [ [ [ 115.029228090034252, 39.606461487746557 ], [ 115.806852967164403, 41.235959225950836 ], [ 115.58879909656811, 39.803631132305533 ], [ 115.435798436613993, 39.722091658046089 ], [ 115.112574369615388, 39.608532078412466 ], [ 115.029228090034252, 39.606461487746557 ] ] ] } },
{ "type": "Feature", "properties": { "station_name_original": "Guigang", "osmid": 3909327374, "english_name": "Guigang Railway Station", "city": "Guigang", "province": "Guangxi", "zh_name": null, "name": "贵港", "name:en": "Guigang", "splitted": null, "degree": 2, "pop": 8734137.0 }, "geometry": { "type": "Polygon", "coordinates": [ [ [ 109.405998245539166, 23.417959819506908 ], [ 110.125539634396432, 23.824344557469203 ], [ 110.29275565976603, 23.855598282989927 ], [ 110.302857413766645, 23.8553305083752 ], [ 110.529332647420361, 22.611191810435546 ], [ 110.111553132856315, 22.234227190712293 ], [ 109.845792446987915, 22.137667262729906 ], [ 109.164203317834435, 22.338110642028845 ], [ 109.405998245539166, 23.417959819506908 ] ] ] } },
{ "type": "Feature", "properties": { "station_name_original": "Zhushaguzhen", "osmid": 5184005947, "english_name": "Zhusha Ancient Town Railway Station", "city": "Enshi", "province": "Hubei", "zh_name": "朱砂古镇", "name": "朱砂古镇", "name:en": "Zhushaguzhen", "splitted": null, "degree": 3, "pop": 239328.62 }, "geometry": { "type": "Polygon", "coordinates": [ [ [ 108.956583965602221, 27.466494249970467 ], [ 108.366845638462223, 27.869026308216863 ], [ 109.402852824881279, 27.561407588243291 ], [ 109.387328467855696, 27.429024449744091 ], [ 108.956583965602221, 27.466494249970467 ] ] ] } },
{ "type": "Feature", "properties": { "station_name_original": "Tongyuanbaoxi", "osmid": 9179735856, "english_name": "Tongyuanbao West Railway Station", "city": "Tonghua", "province": "Jilin", "zh_name": "通远堡西", "name": "通远堡西", "name:en": null, "splitted": null, "degree": 3, "pop": 252775.62 }, "geometry": { "type": "Polygon", "coordinates": [ [ [ 124.269233383585416, 41.170803409375722 ], [ 125.266881750581248, 41.479876122976563 ], [ 123.676585282210254, 40.38308257612799 ], [ 123.273508799978885, 40.541864810629242 ], [ 123.332918827647092, 40.717588221624744 ], [ 124.269233383585416, 41.170803409375722 ] ] ] } },
{ "type": "Feature", "properties": { "station_name_original": "Nanxiangbei", "osmid": 9242148031, "english_name": "Nanxiang North Railway Station", "city": "Shanghai", "province": "Shanghai", "zh_name": "南翔北", "name": "南翔北", "name:en": null, "splitted": null, "degree": 3, "pop": 2064983.4 }, "geometry": { "type": "Polygon", "coordinates": [ [ [ 121.54762613314675, 32.762455406357368 ], [ 121.66040732132889, 32.823140181786989 ], [ 121.344709561157231, 31.244183680543387 ], [ 121.213423749603749, 31.227112509230594 ], [ 121.54762613314675, 32.762455406357368 ] ] ] } },
{ "type": "Feature", "properties": { "station_name_original": "Youxi", "osmid": 2501327340, "english_name": "Youxi Railway Station", "city": "Youxi", "province": "Fujian", "zh_name": "尤溪", "name": "尤溪", "name:en": "Youxi", "splitted": null, "degree": 3, "pop": 332666.56 }, "geometry": { "type": "Polygon", "coordinates": [ [ [ 117.85199392807128, 25.756809144436961 ], [ 117.821758400472902, 25.85614077965457 ], [ 117.847021769166432, 26.07831638574854 ], [ 118.024661392418167, 26.36345043146126 ], [ 118.217592560817167, 26.377311057367216 ], [ 118.396308450814601, 26.321963839251623 ], [ 118.527733280555765, 26.088982555291508 ], [ 118.538311761861777, 26.024301992064807 ], [ 118.370874828362986, 25.608030368322488 ], [ 118.307828355876879, 25.558022577805708 ], [ 118.057567476060868, 25.468652470843146 ], [ 117.85199392807128, 25.756809144436961 ] ] ] } },
{ "type": "Feature", "properties": { "station_name_original": "Hanchuan", "osmid": 3053748808, "english_name": "Hanchuan Railway Station", "city": "Hanchuan", "province": "Hubei", "zh_name": "汉川", "name": "汉川", "name:en": null, "splitted": null, "degree": 2, "pop": 1228533.2 }, "geometry": { "type": "Polygon", "coordinates": [ [ [ 113.742683757090532, 30.130183285624028 ], [ 113.534919213155973, 30.781661081212356 ], [ 113.723522672066508, 30.792257510761203 ], [ 113.984857917328156, 30.702001152007565 ], [ 114.01765207669591, 30.643897446552685 ], [ 114.086709203524563, 30.249642562784274 ], [ 113.960756583080965, 30.153873730182951 ], [ 113.742683757090532, 30.130183285624028 ] ] ] } },
{ "type": "Feature", "properties": { "station_name_original": "Yabulixi", "osmid": 7109876317, "english_name": "Yabuli West Railway Station", "city": "Yabuli", "province": "Heilongjiang", "zh_name": "亚布力西", "name": null, "name:en": "Yabuli West Railway Station", "splitted": null, "degree": 5, "pop": 94603.812 }, "geometry": { "type": "Polygon", "coordinates": [ [ [ 128.66480714020318, 44.086411862516066 ], [ 128.320457722382912, 44.162981670833105 ], [ 128.575666545940379, 45.413002993287456 ], [ 128.949427451322947, 45.327299724950223 ], [ 128.66480714020318, 44.086411862516066 ] ] ] } },
{ "type": "Feature", "properties": { "station_name_original": "Huanggangdong", "osmid": 9317600789, "english_name": "Huanggang East Railway Station", "city": "Huanggang", "province": "Hubei", "zh_name": "黄冈东", "name": "黄冈东", "name:en": "Huanggangdong", "splitted": null, "degree": 1, "pop": 1746345.8 }, "geometry": { "type": "Polygon", "coordinates": [ [ [ 114.816999347395694, 30.522912161353343 ], [ 114.804743059457095, 30.758379592875009 ], [ 114.931855907765296, 30.849106251779883 ], [ 115.721548590205984, 30.851295851187817 ], [ 115.930687512659773, 30.666416791536086 ], [ 115.758742309834901, 30.447794022254239 ], [ 115.69746903394946, 30.41353188539879 ], [ 115.010324262150917, 30.363095913478631 ], [ 114.816999347395694, 30.522912161353343 ] ] ] } },
{ "type": "Feature", "properties": { "station_name_original": "Fengtainan", "osmid": 4592125078, "english_name": "Fengtai South Railway Station", "city": "Beijing", "province": "Beijing", "zh_name": "丰台南", "name": "凤台南", "name:en": "Fengtainan", "splitted": null, "degree": 5, "pop": 1737314.8 }, "geometry": { "type": "Polygon", "coordinates": [ [ [ 116.480815624219957, 33.328654167254854 ], [ 116.486304722532822, 33.333659234292334 ], [ 116.68565644799628, 33.306707848024232 ], [ 116.849147390831277, 33.207771962133435 ], [ 116.603233010750444, 32.171469958024893 ], [ 116.364327645162405, 32.203307918494716 ], [ 116.480815624219957, 33.328654167254854 ] ] ] } },
{ "type": "Feature", "properties": { "station_name_original": "Gediannan", "osmid": 7134807754, "english_name": "Gedian South Railway Station", "city": "Ezhou", "province": "Hubei", "zh_name": "葛店南", "name": "葛店南站", "name:en": "Gedian South Railway Station", "splitted": null, "degree": 3, "pop": 539653.38 }, "geometry": { "type": "Polygon", "coordinates": [ [ [ 114.388646476766084, 30.249752546322515 ], [ 114.636970756840327, 30.749016715796717 ], [ 114.804743059457095, 30.758379592875009 ], [ 114.816999347395694, 30.522912161353343 ], [ 114.576496977493235, 30.135482664460447 ], [ 114.388646476766084, 30.249752546322515 ] ] ] } },
{ "type": "Feature", "properties": { "station_name_original": "Xiuwenxian", "osmid": 8211935366, "english_name": "Xiuwen Railway Station", "city": "Xiuwen", "province": "Guizhou", "zh_name": null, "name": "修文县", "name:en": null, "splitted": null, "degree": 3, "pop": 321224.84 }, "geometry": { "type": "Polygon", "coordinates": [ [ [ 106.382097461200772, 26.847118664981785 ], [ 106.403522967735796, 26.959683420982159 ], [ 107.124023666106083, 26.976122448551482 ], [ 107.002042994378357, 26.749864334024771 ], [ 106.627122141197603, 26.766256407545139 ], [ 106.382097461200772, 26.847118664981785 ] ] ] } },
{ "type": "Feature", "properties": { "station_name_original": "Xindudong", "osmid": 4765197373, "english_name": "Xindu East Railway Station", "city": "Chengdu", "province": "Sichuan", "zh_name": "新都东", "name": "新都东", "name:en": "Xindudong", "splitted": null, "degree": 4, "pop": 2102118.8 }, "geometry": { "type": "Polygon", "coordinates": [ [ [ 103.928223956554746, 30.8369200802201 ], [ 103.781305576477934, 30.988629671592815 ], [ 104.565497378686274, 30.732891459145346 ], [ 104.427008916993003, 30.632303463983153 ], [ 104.060262683347545, 30.750613199763258 ], [ 103.928223956554746, 30.8369200802201 ] ] ] } },
{ "type": "Feature", "properties": { "station_name_original": "Luzhaibei", "osmid": 4419754645, "english_name": "Luzhai North Railway Station", "city": "Luzhai", "province": "Guangxi", "zh_name": "鹿寨北", "name": "鹿寨北", "name:en": "Luzhai North", "splitted": null, "degree": 3, "pop": 1088538.1 }, "geometry": { "type": "Polygon", "coordinates": [ [ [ 108.816101005100251, 25.037941602384617 ], [ 109.073223538579839, 25.147308601195448 ], [ 109.45554513108091, 25.174903511486768 ], [ 110.241405475194327, 24.418946067332509 ], [ 110.361595126729753, 24.075954769097414 ], [ 110.380818944381289, 23.953253053172002 ], [ 110.302857413766645, 23.8553305083752 ], [ 110.29275565976603, 23.855598282989927 ], [ 108.816101005100251, 25.037941602384617 ] ] ] } },
{ "type": "Feature", "properties": { "station_name_original": "Ganqiqia", "osmid": 1655741289, "english_name": "Ganqika Railway Station", "city": "Qiqihar", "province": "Heilongjiang", "zh_name": "甘旗卡", "name": "甘旗卡", "name:en": "Ganqika", "splitted": null, "degree": 2, "pop": 320668.31 }, "geometry": { "type": "Polygon", "coordinates": [ [ [ 121.971616208241144, 42.529725032611402 ], [ 121.191136379401001, 43.132988510990714 ], [ 123.262224553925719, 43.403724868503616 ], [ 123.235223881430471, 43.148278676611667 ], [ 123.168177676152368, 42.892076109560911 ], [ 121.971616208241144, 42.529725032611402 ] ] ] } },
{ "type": "Feature", "properties": { "station_name_original": "Siyang", "osmid": 3483861809, "english_name": "Siyang Railway Station", "city": "Siyang", "province": "Jiangsu", "zh_name": "泗阳", "name": "泗阳", "name:en": "Siyang", "splitted": null, "degree": 2, "pop": 2598863.5 }, "geometry": { "type": "Polygon", "coordinates": [ [ [ 118.536346633598527, 32.971766457811874 ], [ 118.307020762644271, 33.141420462767869 ], [ 118.636613751191106, 34.338973500826697 ], [ 118.790975481997606, 34.257819008620132 ], [ 118.939112520298877, 34.014327337799585 ], [ 118.953821694679036, 33.684057188229019 ], [ 118.662385898916696, 32.939866336957337 ], [ 118.536346633598527, 32.971766457811874 ] ] ] } },
{ "type": "Feature", "properties": { "station_name_original": "Ganxianbei", "osmid": 2942018400, "english_name": "Ganxian North Railway Station", "city": "Ganzhou", "province": "Jiangxi", "zh_name": "赣县北", "name": "赣县北", "name:en": "Ganxianbei", "splitted": null, "degree": 6, "pop": 4226631.0 }, "geometry": { "type": "Polygon", "coordinates": [ [ [ 114.426999904287371, 25.254363813535988 ], [ 114.164723531183341, 25.771104212376471 ], [ 114.976028656379469, 26.25791615899557 ], [ 115.296668298764686, 26.128375132241629 ], [ 115.15284509510235, 24.905526386743702 ], [ 114.822268061306943, 24.737486015099456 ], [ 114.426999904287371, 25.254363813535988 ] ] ] } },
{ "type": "Feature", "properties": { "station_name_original": "Pengshanbei", "osmid": 4087268660, "english_name": "Pengshan North Railway Station", "city": "Meishan", "province": "Sichuan", "zh_name": "彭山北", "name": "彭山北", "name:en": "Pengshanbei", "splitted": null, "degree": 4, "pop": 523684.84 }, "geometry": { "type": "Polygon", "coordinates": [ [ [ 104.244281826718918, 30.028851698020986 ], [ 103.399669673538057, 30.262326613824495 ], [ 104.185221425983954, 30.294344793525703 ], [ 104.244281826718918, 30.028851698020986 ] ] ] } },
{ "type": "Feature", "properties": { "station_name_original": "Duerbote", "osmid": 2173106148, "english_name": "Duerbote Railway Station", "city": "Daqing", "province": "Heilongjiang", "zh_name": "杜尔伯特", "name": "杜尔伯特", "name:en": null, "splitted": null, "degree": 3, "pop": 706459.81 }, "geometry": { "type": "Polygon", "coordinates": [ [ [ 123.605841661302776, 45.067118822157312 ], [ 122.877260979314599, 45.552101719482145 ], [ 124.288041564354543, 47.173441698846069 ], [ 125.361660496472439, 48.203572828253137 ], [ 123.867211008441615, 45.132878199057473 ], [ 123.605841661302776, 45.067118822157312 ] ] ] } },
{ "type": "Feature", "properties": { "station_name_original": "Zunyinan", "osmid": 3695320136, "english_name": "Zunyi South Railway Station", "city": "Zunyi", "province": "Guizhou", "zh_name": null, "name": "乌江寨", "name:en": "Wujiangzhai", "splitted": null, "degree": 6, "pop": 937557.12 }, "geometry": { "type": "Polygon", "coordinates": [ [ [ 106.134409584759283, 27.744895488953766 ], [ 106.127540067398868, 27.780639032625633 ], [ 106.389500261339478, 27.781936043394204 ], [ 106.468846387973358, 27.7674162086393 ], [ 107.519980438168119, 27.246816030657264 ], [ 107.287916512941052, 27.140161603729524 ], [ 106.349103080163687, 27.375582073847923 ], [ 106.134409584759283, 27.744895488953766 ] ] ] } },
{ "type": "Feature", "properties": { "station_name_original": "Nanfeng", "osmid": 2501345649, "english_name": "Nanfeng Railway Station", "city": "Nanfeng", "province": "Jiangxi", "zh_name": null, "name": "南丰", "name:en": "Nanfeng", "splitted": null, "degree": 4, "pop": 741149.12 }, "geometry": { "type": "Polygon", "coordinates": [ [ [ 115.843413930414783, 26.928014115516419 ], [ 115.843261456360679, 26.956737963550175 ], [ 115.933948138105933, 27.323875090088173 ], [ 115.986424589041874, 27.458707508292548 ], [ 117.065511190207431, 27.405541582842325 ], [ 116.992467015949472, 27.293524960771755 ], [ 116.116689634588909, 26.657668227342249 ], [ 116.013046346326803, 26.697459405987928 ], [ 115.843413930414783, 26.928014115516419 ] ] ] } },
{ "type": "Feature", "properties": { "station_name_original": "Fengshundong", "osmid": 13061379941, "english_name": "Fengshun East Railway Station", "city": "Fengshun", "province": "Guangdong", "zh_name": "丰顺东", "name": "丰顺东", "name:en": "Fengshun East", "splitted": null, "degree": 3, "pop": 445500.72 }, "geometry": { "type": "Polygon", "coordinates": [ [ [ 116.579486497297893, 23.967061660827298 ], [ 116.538600419075735, 23.91562444548692 ], [ 116.021409583718352, 23.535521055464393 ], [ 115.730920373462794, 23.530928700779373 ], [ 115.646674798394486, 23.553015051719083 ], [ 116.60721737073132, 24.159849395981635 ], [ 116.583921904686363, 23.973711781193188 ], [ 116.579486497297893, 23.967061660827298 ] ] ] } },
{ "type": "Feature", "properties": { "station_name_original": "Zhaoan", "osmid": 2990496476, "english_name": "Zhao'an Railway Station", "city": "Zhao'an", "province": "Fujian", "zh_name": "诏安", "name": "诏安", "name:en": "Zhao'an", "splitted": null, "degree": 6, "pop": 664350.94 }, "geometry": { "type": "Polygon", "coordinates": [ [ [ 117.603409076644809, 22.995348189203515 ], [ 117.141615082626828, 23.388264509333741 ], [ 116.78313321821129, 24.361977513722294 ], [ 117.016970258219871, 24.294624975941282 ], [ 117.603409076644809, 22.995348189203515 ] ] ] } },
{ "type": "Feature", "properties": { "station_name_original": "Shenglizhen", "osmid": 5697139253, "english_name": "Shenglizhen Railway Station", "city": "Daqing", "province": "Heilongjiang", "zh_name": "胜利镇", "name": "胜利镇", "name:en": "Shenglizhen", "splitted": null, "degree": 2, "pop": 552063.44 }, "geometry": { "type": "Polygon", "coordinates": [ [ [ 127.726620493899873, 45.53485413648864 ], [ 127.614790617579345, 49.907555768201128 ], [ 128.177434028390934, 48.05784145872618 ], [ 128.426548776459271, 45.487186007410486 ], [ 128.285358016868543, 45.468483530168555 ], [ 127.756424883070252, 45.504625251496385 ], [ 127.726620493899873, 45.53485413648864 ] ] ] } },
{ "type": "Feature", "properties": { "station_name_original": "Fuding", "osmid": 2479269524, "english_name": "Fuding Railway Station", "city": "Fuding", "province": "Fujian", "zh_name": "福鼎", "name": "福鼎", "name:en": "Fuding", "splitted": null, "degree": 4, "pop": 898111.88 }, "geometry": { "type": "Polygon", "coordinates": [ [ [ 119.166161539081187, 27.686426713864716 ], [ 119.159817580039672, 27.738178371123048 ], [ 119.169270201702389, 27.779087865403739 ], [ 119.210118763377181, 27.821458971589475 ], [ 119.926750907329776, 27.745118319344797 ], [ 120.454387422376243, 27.264655592896112 ], [ 119.971620539743284, 27.155697497759839 ], [ 119.505516650549993, 27.351179018308173 ], [ 119.166161539081187, 27.686426713864716 ] ] ] } },
{ "type": "Feature", "properties": { "station_name_original": "Changshouhu", "osmid": 3500369577, "english_name": "Changshou Lake Railway Station", "city": "Chongqing", "province": "Chongqing", "zh_name": "长寿湖", "name": "长寿湖", "name:en": "Changshouhu", "splitted": null, "degree": 3, "pop": 421229.44 }, "geometry": { "type": "Polygon", "coordinates": [ [ [ 107.183839300259322, 29.850721946325148 ], [ 106.851734059116879, 30.360026025276536 ], [ 107.476113926494619, 30.042609815960688 ], [ 107.453775276272566, 29.952055705376647 ], [ 107.183839300259322, 29.850721946325148 ] ] ] } },
{ "type": "Feature", "properties": { "station_name_original": "Jiangyoubei", "osmid": 5130313330, "english_name": "Jiangyou North Railway Station", "city": "Jiangyou", "province": "Sichuan", "zh_name": "江油北", "name": "江油北", "name:en": "Jiangyoubei", "splitted": null, "degree": 3, "pop": 473914.59 }, "geometry": { "type": "Polygon", "coordinates": [ [ [ 103.867609929474455, 33.666474974741227 ], [ 103.965815376520041, 33.660751782753913 ], [ 105.460835626253299, 31.755681083701624 ], [ 105.407416457293166, 31.554217899405788 ], [ 105.341462004419952, 31.417539831957846 ], [ 105.136419077803652, 31.557683479591777 ], [ 103.749491429412998, 33.650530963170866 ], [ 103.867609929474455, 33.666474974741227 ] ] ] } },
{ "type": "Feature", "properties": { "station_name_original": "Huozhoudong", "osmid": 3012041088, "english_name": "Huozhou East Railway Station", "city": "Huozhou", "province": "Shanxi", "zh_name": "霍州东", "name": "霍州东", "name:en": null, "splitted": null, "degree": 4, "pop": 850027.38 }, "geometry": { "type": "Polygon", "coordinates": [ [ [ 112.582511198038233, 36.544427382622885 ], [ 112.961790023071288, 36.343535047299255 ], [ 112.441281588801559, 35.801477227329208 ], [ 111.088800482636969, 36.916904469896039 ], [ 112.582511198038233, 36.544427382622885 ] ] ] } },
{ "type": "Feature", "properties": { "station_name_original": "Linquan", "osmid": 8905032006, "english_name": "Linquan Railway Station", "city": "Linquan", "province": "Anhui", "zh_name": "临泉", "name": "临泉", "name:en": "Linquan", "splitted": null, "degree": 3, "pop": 3289634.0 }, "geometry": { "type": "Polygon", "coordinates": [ [ [ 114.786177775299691, 32.920046175106783 ], [ 114.926589852879374, 33.014915157417221 ], [ 115.517288687412659, 33.169201454754372 ], [ 115.579223850206645, 33.00693114561011 ], [ 115.26130771849779, 32.150652994036477 ], [ 115.16456135440157, 32.109206302995233 ], [ 115.095998877530832, 32.123878683783147 ], [ 114.814219322968242, 32.514440779849082 ], [ 114.68833730323604, 32.823151540765657 ], [ 114.786177775299691, 32.920046175106783 ] ] ] } },
{ "type": "Feature", "properties": { "station_name_original": "Yunxiao", "osmid": 9258885992, "english_name": "Yunxiao Railway Station", "city": "Yunxiao", "province": "Fujian", "zh_name": "云霄", "name": "云霄", "name:en": "Yunxiao", "splitted": null, "degree": 2, "pop": 790872.56 }, "geometry": { "type": "Polygon", "coordinates": [ [ [ 127.50732727348381, 11.464445813287616 ], [ 117.603409076644809, 22.995348189203515 ], [ 117.016970258219871, 24.294624975941282 ], [ 117.153596050184731, 24.294479915253305 ], [ 119.157542563207443, 22.329466537409939 ], [ 127.50732727348381, 11.464445813287616 ] ] ] } },
{ "type": "Feature", "properties": { "station_name_original": "Jiaozuo", "osmid": 1577895039, "english_name": "Jiaozuo Railway Station", "city": "Jiaozuo", "province": "Henan", "zh_name": "焦作", "name": "焦作", "name:en": "Jiaozuo", "splitted": null, "degree": 1, "pop": 7158877.5 }, "geometry": { "type": "Polygon", "coordinates": [ [ [ 112.961790023071288, 36.343535047299255 ], [ 112.970083293720421, 36.348193447892747 ], [ 113.196938115737709, 36.443029547817297 ], [ 113.264719633106935, 36.465137273567635 ], [ 113.384280826666796, 36.295937181712205 ], [ 113.507212839553816, 36.024959781967766 ], [ 113.616492943821683, 35.142031952696193 ], [ 113.53076994786062, 35.066022222440701 ], [ 113.135579367002762, 34.909058824108591 ], [ 112.581632988874034, 35.22895987387318 ], [ 112.301492580579691, 35.576420716627915 ], [ 112.304693559530278, 35.582863367249274 ], [ 112.441281588801559, 35.801477227329208 ], [ 112.961790023071288, 36.343535047299255 ] ] ] } },
{ "type": "Feature", "properties": { "station_name_original": "Jianshi", "osmid": 3499299959, "english_name": "Jianshi Railway Station", "city": "Jianshi", "province": "Hubei", "zh_name": "建始", "name": "建始", "name:en": null, "splitted": null, "degree": 3, "pop": 2145581.8 }, "geometry": { "type": "Polygon", "coordinates": [ [ [ 109.40008623378219, 32.362217876223895 ], [ 109.477707167014998, 32.408390390767813 ], [ 109.754310423137596, 32.490929081396779 ], [ 110.155795203450268, 29.842956401972497 ], [ 109.120162385014112, 30.997202540114877 ], [ 109.109715372012872, 31.025704256484993 ], [ 109.40008623378219, 32.362217876223895 ] ] ] } },
{ "type": "Feature", "properties": { "station_name_original": "Qianxi", "osmid": 3740915261, "english_name": "Qianxi Railway Station", "city": "Qianxi", "province": "Guizhou", "zh_name": "黔西", "name": "黔西", "name:en": "Qianxi", "splitted": null, "degree": 4, "pop": 1802092.1 }, "geometry": { "type": "Polygon", "coordinates": [ [ [ 105.607884100824734, 26.671736300952173 ], [ 106.134409584759283, 27.744895488953766 ], [ 106.349103080163687, 27.375582073847923 ], [ 106.403522967735796, 26.959683420982159 ], [ 106.382097461200772, 26.847118664981785 ], [ 106.325371685825814, 26.749682273852365 ], [ 105.911889651990251, 26.605522760114159 ], [ 105.607884100824734, 26.671736300952173 ] ] ] } },
{ "type": "Feature", "properties": { "station_name_original": "Shijiazhuangdong", "osmid": 2329423073, "english_name": "Shijiazhuang East Railway Station", "city": "Shijiazhuang", "province": "Hebei", "zh_name": "石家庄东", "name": "石家庄东", "name:en": "Shijiazhuang East", "splitted": null, "degree": 2, "pop": 1818259.8 }, "geometry": { "type": "Polygon", "coordinates": [ [ [ 114.608093367252408, 37.831198065795199 ], [ 114.496632914570043, 38.217809571576126 ], [ 114.761360796841942, 38.110257728062926 ], [ 114.678067344121786, 37.815024914711351 ], [ 114.608093367252408, 37.831198065795199 ] ] ] } },
{ "type": "Feature", "properties": { "station_name_original": "Jinzhong", "osmid": 3012090162, "english_name": "Jinzhong Railway Station", "city": "Jinzhong", "province": "Shanxi", "zh_name": "晋中", "name": "晋中", "name:en": "Jinzhong", "splitted": null, "degree": 4, "pop": 1155260.8 }, "geometry": { "type": "Polygon", "coordinates": [ [ [ 113.489241732839901, 37.054253026343815 ], [ 112.386103352643289, 37.66909324445475 ], [ 113.051594837823743, 37.866940969431099 ], [ 113.489241732839901, 37.054253026343815 ] ] ] } },
{ "type": "Feature", "properties": { "station_name_original": "Nanchongbei", "osmid": 3500325327, "english_name": "Nanchong North Railway Station", "city": "Nanchong", "province": "Sichuan", "zh_name": "南充北", "name": "南充北", "name:en": "Nanchongbei", "splitted": null, "degree": 2, "pop": 4534993.0 }, "geometry": { "type": "Polygon", "coordinates": [ [ [ 105.337257906893285, 30.561173669313185 ], [ 105.255923132798401, 30.715630885082888 ], [ 105.228882605230538, 30.798855078475114 ], [ 105.335840619102143, 31.038903505960931 ], [ 106.975155023600223, 31.220657099007759 ], [ 106.96988427979791, 31.17912924700677 ], [ 106.753654080374886, 30.665262771944672 ], [ 105.337257906893285, 30.561173669313185 ] ] ] } },
{ "type": "Feature", "properties": { "station_name_original": "Fengdu", "osmid": 3499357608, "english_name": "Fengdu Railway Station", "city": "Fengdu", "province": "Chongqing", "zh_name": "丰都", "name": "丰都", "name:en": null, "splitted": null, "degree": 2, "pop": 899876.19 }, "geometry": { "type": "Polygon", "coordinates": [ [ [ 107.669702797897472, 28.875290001234156 ], [ 107.645385370877023, 28.897373641724009 ], [ 107.453775276272566, 29.952055705376647 ], [ 107.476113926494619, 30.042609815960688 ], [ 107.770600755863413, 30.241704000127715 ], [ 107.792313290051567, 30.23953287023371 ], [ 108.254929318023514, 28.660586912082888 ], [ 108.155741044036077, 28.589244798158994 ], [ 107.669702797897472, 28.875290001234156 ] ] ] } },
{ "type": "Feature", "properties": { "station_name_original": "Jieyang", "osmid": 9202090144, "english_name": "Jieyang Railway Station", "city": "Jieyang", "province": "Guangdong", "zh_name": "揭阳", "name": "揭阳", "name:en": null, "splitted": null, "degree": 3, "pop": 1461959.2 }, "geometry": { "type": "Polygon", "coordinates": [ [ [ 116.021409583718352, 23.535521055464393 ], [ 116.538600419075735, 23.91562444548692 ], [ 116.395099502335512, 23.505808899887011 ], [ 116.243924439198736, 23.447736835097007 ], [ 116.021409583718352, 23.535521055464393 ] ] ] } },
{ "type": "Feature", "properties": { "station_name_original": "Benxixincheng", "osmid": 4622137473, "english_name": "Benxi New City Railway Station", "city": "Benxi", "province": "Liaoning", "zh_name": "本溪新城", "name": "本溪新城", "name:en": "Benxixincheng", "splitted": null, "degree": 2, "pop": 630661.81 }, "geometry": { "type": "Polygon", "coordinates": [ [ [ 123.45776772481068, 41.277966453544309 ], [ 123.412755046385783, 41.392170911694279 ], [ 123.627246313167731, 41.702610724300335 ], [ 123.840535248301165, 41.856912930705079 ], [ 124.466876446894275, 41.861676840578362 ], [ 124.699493314908381, 41.8092135160474 ], [ 123.45776772481068, 41.277966453544309 ] ] ] } },
{ "type": "Feature", "properties": { "station_name_original": "Hongdongxi", "osmid": 3012035857, "english_name": "Hongdong West Railway Station", "city": "Hongdong", "province": "Shanxi", "zh_name": "洪洞西", "name": "洪洞西", "name:en": "Hongdong West", "splitted": null, "degree": 4, "pop": 1073100.6 }, "geometry": { "type": "Polygon", "coordinates": [ [ [ 109.291435158212821, 37.863130834021618 ], [ 109.307253294247502, 37.869480179410047 ], [ 111.088800482636969, 36.916904469896039 ], [ 112.441281588801559, 35.801477227329208 ], [ 112.304693559530278, 35.582863367249274 ], [ 109.291435158212821, 37.863130834021618 ] ] ] } },
{ "type": "Feature", "properties": { "station_name_original": "Fulingbei", "osmid": 3499357609, "english_name": "Fuling North Railway Station", "city": "Chongqing", "province": "Chongqing", "zh_name": "涪陵北", "name": "涪陵北", "name:en": null, "splitted": null, "degree": 2, "pop": 1157960.9 }, "geometry": { "type": "Polygon", "coordinates": [ [ [ 107.146936783345751, 29.250767486221925 ], [ 107.058464799379635, 29.61961335686448 ], [ 107.183839300259322, 29.850721946325148 ], [ 107.453775276272566, 29.952055705376647 ], [ 107.645385370877023, 28.897373641724009 ], [ 107.424635195955219, 29.022319852966927 ], [ 107.146936783345751, 29.250767486221925 ] ] ] } },
{ "type": "Feature", "properties": { "station_name_original": "Sishuinan", "osmid": 9255881277, "english_name": "Sishui South Railway Station", "city": "Sishui", "province": "Shandong", "zh_name": "泗水南", "name": "泗水南", "name:en": null, "splitted": null, "degree": 3, "pop": 886961.75 }, "geometry": { "type": "Polygon", "coordinates": [ [ [ 117.147393358519537, 35.319418738831523 ], [ 117.20329229982363, 35.873170240375188 ], [ 117.588839426644256, 36.022663141109646 ], [ 117.430726402480033, 35.303974278869198 ], [ 117.147393358519537, 35.319418738831523 ] ] ] } },
{ "type": "Feature", "properties": { "station_name_original": "Lichuan", "osmid": 2843985541, "english_name": "Lichuan Railway Station", "city": "Lichuan", "province": "Hubei", "zh_name": "利川", "name": "利川", "name:en": "Lichuan", "splitted": null, "degree": 3, "pop": 1682532.5 }, "geometry": { "type": "Polygon", "coordinates": [ [ [ 108.93378656571852, 28.998320271486843 ], [ 108.428152839205495, 30.356472564533533 ], [ 109.109715372012872, 31.025704256484993 ], [ 109.120162385014112, 30.997202540114877 ], [ 109.371907920873952, 29.043849060339362 ], [ 108.93378656571852, 28.998320271486843 ] ] ] } },
{ "type": "Feature", "properties": { "station_name_original": "Wulongbeidong", "osmid": 9179735854, "english_name": "Wulong North East Railway Station", "city": "Chongqing", "province": "Chongqing", "zh_name": null, "name": "五龙背东", "name:en": null, "splitted": null, "degree": 3, "pop": 373062.5 }, "geometry": { "type": "Polygon", "coordinates": [ [ [ 125.850417796237238, 41.62077741711645 ], [ 126.130430967721637, 41.606023934452296 ], [ 126.141114012894789, 41.604264887902829 ], [ 126.228028913132363, 41.548875284736617 ], [ 124.190101771871213, 40.091771269955714 ], [ 123.974979720795744, 40.187062465690175 ], [ 125.850417796237238, 41.62077741711645 ] ] ] } },
{ "type": "Feature", "properties": { "station_name_original": "Ruijin", "osmid": 2837798894, "english_name": "Ruijin Railway Station", "city": "Ruijin", "province": "Jiangxi", "zh_name": "瑞金", "name": "瑞金", "name:en": "Ruijin", "splitted": null, "degree": 4, "pop": 1294322.2 }, "geometry": { "type": "Polygon", "coordinates": [ [ [ 115.840975920080467, 26.399786333572219 ], [ 116.013046346326803, 26.697459405987928 ], [ 116.116689634588909, 26.657668227342249 ], [ 116.401555887834348, 26.437066347295211 ], [ 116.003534303592062, 25.202472233714374 ], [ 115.840975920080467, 26.399786333572219 ] ] ] } },
{ "type": "Feature", "properties": { "station_name_original": "Yudu", "osmid": 1641971972, "english_name": "Yudu Railway Station", "city": "Yudu", "province": "Jiangxi", "zh_name": "于都", "name": "于都", "name:en": "Yudu", "splitted": null, "degree": 5, "pop": 881124.06 }, "geometry": { "type": "Polygon", "coordinates": [ [ [ 115.15284509510235, 24.905526386743702 ], [ 115.296668298764686, 26.128375132241629 ], [ 115.762986652486759, 26.318478883243479 ], [ 115.200682963723182, 24.9230340683275 ], [ 115.15284509510235, 24.905526386743702 ] ] ] } },
{ "type": "Feature", "properties": { "station_name_original": "Donggangbei", "osmid": 9166853507, "english_name": "Donggang North Railway Station", "city": "Donggang", "province": "Liaoning", "zh_name": "东港北", "name": "东港北", "name:en": "Donggangbei", "splitted": null, "degree": 2, "pop": 489760.38 }, "geometry": { "type": "Polygon", "coordinates": [ [ [ 127.890535343619931, 35.644871277892044 ], [ 123.797918205477501, 38.193624440029424 ], [ 123.781978297898007, 38.40863536415543 ], [ 123.864596039393547, 40.187869457425656 ], [ 123.974979720795744, 40.187062465690175 ], [ 124.190101771871213, 40.091771269955714 ], [ 127.890535343619931, 35.644871277892044 ] ] ] } },
{ "type": "Feature", "properties": { "station_name_original": "Zhangpu", "osmid": 9258885993, "english_name": "Zhangpu Railway Station", "city": "Zhangpu", "province": "Fujian", "zh_name": "漳浦", "name": "漳浦", "name:en": "Zhangpu", "splitted": null, "degree": 3, "pop": 797493.0 }, "geometry": { "type": "Polygon", "coordinates": [ [ [ 117.153596050184731, 24.294479915253305 ], [ 117.402275909524448, 24.378172323786448 ], [ 117.919865021163275, 24.158381278621221 ], [ 119.157542563207443, 22.329466537409939 ], [ 117.153596050184731, 24.294479915253305 ] ] ] } },
{ "type": "Feature", "properties": { "station_name_original": "Gaochengnan", "osmid": 4039408531, "english_name": "Gaocheng South Railway Station", "city": "Gaocheng", "province": "Hebei", "zh_name": "藁城南", "name": "藁城南", "name:en": "Gaocheng South", "splitted": null, "degree": 2, "pop": 1495133.0 }, "geometry": { "type": "Polygon", "coordinates": [ [ [ 114.678067344121786, 37.815024914711351 ], [ 114.761360796841942, 38.110257728062926 ], [ 114.987949740233816, 38.234417756549703 ], [ 115.100480464495917, 38.18701106318462 ], [ 114.926560936059801, 37.588530978254852 ], [ 114.678067344121786, 37.815024914711351 ] ] ] } },
{ "type": "Feature", "properties": { "station_name_original": "Taihedong", "osmid": 7013047628, "english_name": "Taihe East Railway Station", "city": "Taihe", "province": "Jiangxi", "zh_name": "泰和东", "name": "太和东", "name:en": "Taihedong", "splitted": null, "degree": 2, "pop": 1435517.1 }, "geometry": { "type": "Polygon", "coordinates": [ [ [ 115.517288687412659, 33.169201454754372 ], [ 115.553891744429549, 33.390838659275452 ], [ 116.268406511872101, 33.228413595055343 ], [ 116.097883672065322, 33.055414385370632 ], [ 115.579223850206645, 33.00693114561011 ], [ 115.517288687412659, 33.169201454754372 ] ] ] } },
{ "type": "Feature", "properties": { "station_name_original": "Shenqiubei", "osmid": 8465326533, "english_name": "Shenqiu North Railway Station", "city": "Shenqiu", "province": "Henan", "zh_name": "沈丘北", "name": "沈丘北", "name:en": null, "splitted": null, "degree": 4, "pop": 1913633.9 }, "geometry": { "type": "Polygon", "coordinates": [ [ [ 114.926589852879374, 33.014915157417221 ], [ 114.786177775299691, 32.920046175106783 ], [ 115.204971827676616, 33.992352208472823 ], [ 115.295760394183347, 33.892498506006561 ], [ 115.429295754182633, 33.644019678293326 ], [ 115.439571500523684, 33.574018998863735 ], [ 114.926589852879374, 33.014915157417221 ] ] ] } },
{ "type": "Feature", "properties": { "station_name_original": "Yangshuo", "osmid": 3676370264, "english_name": "Yangshuo Railway Station", "city": "Yangshuo", "province": "Guangxi", "zh_name": "阳朔", "name": "阳朔", "name:en": "Yangshuo", "splitted": null, "degree": 3, "pop": 670996.88 }, "geometry": { "type": "Polygon", "coordinates": [ [ [ 110.361595126729753, 24.075954769097414 ], [ 110.241405475194327, 24.418946067332509 ], [ 110.278491800409626, 24.979055314690214 ], [ 110.533062465773199, 25.221270221389066 ], [ 110.660901165887807, 25.313425966580191 ], [ 110.879222822895017, 25.282909883111277 ], [ 110.361595126729753, 24.075954769097414 ] ] ] } },
{ "type": "Feature", "properties": { "station_name_original": "Jianqiao", "osmid": 13061379940, "english_name": "Jianqiao Railway Station", "city": "Hangzhou", "province": "Zhejiang", "zh_name": "笕桥", "name": "建桥", "name:en": "Jianqiao", "splitted": null, "degree": 3, "pop": 236750.69 }, "geometry": { "type": "Polygon", "coordinates": [ [ [ 115.494999392689522, 23.604597968109168 ], [ 116.250804715247099, 24.127280651360429 ], [ 116.618126808121829, 24.201099180074173 ], [ 116.60721737073132, 24.159849395981635 ], [ 115.646674798394486, 23.553015051719083 ], [ 115.618661058668181, 23.5567613723587 ], [ 115.494999392689522, 23.604597968109168 ] ] ] } },
{ "type": "Feature", "properties": { "station_name_original": "Jieyangjichang", "osmid": 9202090143, "english_name": "Jieyang Airport Railway Station", "city": "Jieyang", "province": "Guangdong", "zh_name": "揭阳机场", "name": "揭阳机场", "name:en": null, "splitted": null, "degree": 3, "pop": 596478.62 }, "geometry": { "type": "Polygon", "coordinates": [ [ [ 116.538600419075735, 23.91562444548692 ], [ 116.579486497297893, 23.967061660827298 ], [ 116.538328261650875, 23.423120981382233 ], [ 116.395099502335512, 23.505808899887011 ], [ 116.538600419075735, 23.91562444548692 ] ] ] } },
{ "type": "Feature", "properties": { "station_name_original": "Huaiyangnan", "osmid": 11903900434, "english_name": "Huaiyang South Railway Station", "city": "Huaiyang", "province": "Henan", "zh_name": "淮阳南", "name": "淮阳南", "name:en": null, "splitted": null, "degree": 5, "pop": 1978245.2 }, "geometry": { "type": "Polygon", "coordinates": [ [ [ 114.652523182061444, 32.852670832217719 ], [ 114.468008237526902, 33.191949302187709 ], [ 115.202484030709641, 33.99644977150124 ], [ 115.204971827676616, 33.992352208472823 ], [ 114.786177775299691, 32.920046175106783 ], [ 114.68833730323604, 32.823151540765657 ], [ 114.652523182061444, 32.852670832217719 ] ] ] } },
{ "type": "Feature", "properties": { "station_name_original": "Beihai", "osmid": 1541942450, "english_name": "Beihai Railway Station", "city": "Beihai", "province": "Guangxi", "zh_name": "北海", "name": "北海", "name:en": "Beihai", "splitted": null, "degree": 2, "pop": 4922036.0 }, "geometry": { "type": "Polygon", "coordinates": [ [ [ 92.599099486174197, -7.3722308 ], [ 104.362859060444663, 19.566685947812633 ], [ 108.485015954626761, 22.003095464242314 ], [ 109.134764324234411, 22.337505215581196 ], [ 109.164203317834435, 22.338110642028845 ], [ 109.845792446987915, 22.137667262729906 ], [ 104.535600303286685, -7.3722308 ], [ 92.599099486174197, -7.3722308 ] ] ] } },
{ "type": "Feature", "properties": { "station_name_original": "Yanshinan", "osmid": 7237831723, "english_name": "Yanshi South Railway Station", "city": "Yanshi", "province": "Henan", "zh_name": "延什南", "name": "雁石南", "name:en": "Yanshinan", "splitted": null, "degree": 3, "pop": 68989.891 }, "geometry": { "type": "Polygon", "coordinates": [ [ [ 116.94479785269391, 25.305964263897369 ], [ 116.928712520136898, 25.413707923322487 ], [ 117.022213139268743, 25.570316791550347 ], [ 117.174894410055629, 25.481693352482399 ], [ 117.360281229255818, 25.009991157269987 ], [ 117.266544092370935, 24.974372785091784 ], [ 116.94479785269391, 25.305964263897369 ] ] ] } },
{ "type": "Feature", "properties": { "station_name_original": "Suifenhe", "osmid": 8948902792, "english_name": "Suifenhe Railway Station", "city": "Suifenhe", "province": "Heilongjiang", "zh_name": "绥芬河", "name": "绥芬河", "name:en": "Suifenhe", "splitted": null, "degree": 2, "pop": 829670.62 }, "geometry": { "type": "Polygon", "coordinates": [ [ [ 159.746846600000026, 29.517636691543444 ], [ 130.93024847276368, 43.56951778602145 ], [ 131.135595301452327, 45.723064914764933 ], [ 159.746846600000026, 54.708602427650042 ], [ 159.746846600000026, 29.517636691543444 ] ] ] } },
{ "type": "Feature", "properties": { "station_name_original": "Baishapu", "osmid": 4040273119, "english_name": "Baishapu Railway Station", "city": "Changsha", "province": "Hunan", "zh_name": "白沙铺", "name": "白沙铺", "name:en": "Baishapu", "splitted": null, "degree": 3, "pop": 355278.75 }, "geometry": { "type": "Polygon", "coordinates": [ [ [ 114.717263716475358, 29.48105628954967 ], [ 114.686371648982771, 29.885546007903486 ], [ 115.263434340515744, 30.147597231002287 ], [ 115.371421448050143, 30.176174540427684 ], [ 114.717263716475358, 29.48105628954967 ] ] ] } },
{ "type": "Feature", "properties": { "station_name_original": "Huian", "osmid": 3378402906, "english_name": "Hui'an Railway Station", "city": "Hui'an", "province": "Fujian", "zh_name": "惠安", "name": "惠安", "name:en": "Hui'an", "splitted": null, "degree": 4, "pop": 1146152.2 }, "geometry": { "type": "Polygon", "coordinates": [ [ [ 126.486525378028219, 17.254976536928069 ], [ 118.823986493006885, 24.694017269377234 ], [ 118.352745671788, 25.50893639538447 ], [ 119.913840456627668, 24.242501523016944 ], [ 126.486525378028219, 17.254976536928069 ] ] ] } },
{ "type": "Feature", "properties": { "station_name_original": "Fugounan", "osmid": 9534633725, "english_name": "Fugou South Railway Station", "city": "Fugou", "province": "Henan", "zh_name": "扶沟南", "name": "扶沟南", "name:en": null, "splitted": null, "degree": 5, "pop": 1114614.2 }, "geometry": { "type": "Polygon", "coordinates": [ [ [ 114.286532087641632, 33.668823500794609 ], [ 114.186017265165077, 33.769419530427399 ], [ 114.36569282842845, 34.426145536874238 ], [ 114.493091858705583, 34.445067973401819 ], [ 114.82204648332872, 34.259401813376549 ], [ 114.286532087641632, 33.668823500794609 ] ] ] } },
{ "type": "Feature", "properties": { "station_name_original": "Lijiazhai", "osmid": 9255881282, "english_name": "Lijiazhai Railway Station", "city": "Zhengzhou", "province": "Henan", "zh_name": null, "name": "厉家寨", "name:en": null, "splitted": null, "degree": 3, "pop": 419781.38 }, "geometry": { "type": "Polygon", "coordinates": [ [ [ 119.268152804204945, 35.340947038117463 ], [ 119.097622481024061, 35.082309497350046 ], [ 118.964330200704566, 35.088925373003867 ], [ 118.939446339757325, 35.9854402464359 ], [ 119.02488117161225, 35.987526444967777 ], [ 119.268152804204945, 35.340947038117463 ] ] ] } },
{ "type": "Feature", "properties": { "station_name_original": "Muleng", "osmid": 7188268787, "english_name": "Muling Railway Station", "city": "Muling", "province": "Heilongjiang", "zh_name": "穆棱", "name": "穆棱", "name:en": "Muling", "splitted": null, "degree": 3, "pop": 533965.62 }, "geometry": { "type": "Polygon", "coordinates": [ [ [ 129.955891366695369, 45.413392072206676 ], [ 130.018451400499828, 45.462754931438475 ], [ 130.552629740302251, 45.704203656287213 ], [ 131.026497778476198, 45.699326437101753 ], [ 130.362087555291311, 43.754594287797659 ], [ 130.221220504450059, 43.751138157568093 ], [ 130.001414433165252, 43.827380909339759 ], [ 129.955891366695369, 45.413392072206676 ] ] ] } },
{ "type": "Feature", "properties": { "station_name_original": "Xingguoxi", "osmid": 2941992827, "english_name": "Xingguo West Railway Station", "city": "Xingguo", "province": "Jiangxi", "zh_name": "兴国西", "name": "兴国西", "name:en": "Xingguoxi", "splitted": null, "degree": 4, "pop": 892384.19 }, "geometry": { "type": "Polygon", "coordinates": [ [ [ 115.141334672729059, 26.596051869109292 ], [ 115.585376713775233, 26.877676696352179 ], [ 115.843413930414783, 26.928014115516419 ], [ 116.013046346326803, 26.697459405987928 ], [ 115.840975920080467, 26.399786333572219 ], [ 115.762986652486759, 26.318478883243479 ], [ 115.296668298764686, 26.128375132241629 ], [ 114.976028656379469, 26.25791615899557 ], [ 115.141334672729059, 26.596051869109292 ] ] ] } },
{ "type": "Feature", "properties": { "station_name_original": "Suixian", "osmid": 8536809977, "english_name": "Suixian Railway Station", "city": "Suizhou", "province": "Hubei", "zh_name": "随县", "name": "随县", "name:en": null, "splitted": null, "degree": 4, "pop": 763284.5 }, "geometry": { "type": "Polygon", "coordinates": [ [ [ 112.554167550681171, 31.1812984011104 ], [ 112.604457412364454, 31.366249857734058 ], [ 113.348966275352737, 32.463380276636222 ], [ 113.592861120890774, 32.174382896173256 ], [ 113.605257844560015, 32.143233434085793 ], [ 112.841878284942055, 31.124675314048559 ], [ 112.554167550681171, 31.1812984011104 ] ] ] } },
{ "type": "Feature", "properties": { "station_name_original": "Maoershanxi", "osmid": 9160197904, "english_name": "Maoershan West Railway Station", "city": "Harbin", "province": "Heilongjiang", "zh_name": "帽儿山西", "name": "帽儿山西", "name:en": null, "splitted": null, "degree": 3, "pop": 644599.12 }, "geometry": { "type": "Polygon", "coordinates": [ [ [ 126.809858061827455, 44.731824897751622 ], [ 126.800506039848472, 44.782574866365486 ], [ 127.303786352654143, 45.519657540818088 ], [ 127.726620493899873, 45.53485413648864 ], [ 127.756424883070252, 45.504625251496385 ], [ 127.60427245014958, 44.642044034691743 ], [ 127.553510585345464, 44.482638292371639 ], [ 127.066541966041711, 44.538388061939507 ], [ 127.006034176620417, 44.576687940844216 ], [ 126.809858061827455, 44.731824897751622 ] ] ] } },
{ "type": "Feature", "properties": { "station_name_original": "Zhenxiong", "osmid": 8745183065, "english_name": "Zhenxiong Railway Station", "city": "Zhenxiong", "province": "Yunnan", "zh_name": "镇雄", "name": "镇雄", "name:en": "Zhenxiong", "splitted": null, "degree": 8, "pop": 3030296.0 }, "geometry": { "type": "Polygon", "coordinates": [ [ [ 103.649897888825208, 27.130818384815868 ], [ 103.480589127294195, 27.244285616152389 ], [ 105.692016225724373, 27.883065274208249 ], [ 105.743055225306804, 27.874702625609583 ], [ 105.679069137489037, 27.796428430621241 ], [ 104.547752577942148, 26.786148919254654 ], [ 104.112848129787238, 26.920384451205894 ], [ 103.649897888825208, 27.130818384815868 ] ] ] } },
{ "type": "Feature", "properties": { "station_name_original": "Gongcheng", "osmid": 3676366827, "english_name": "Gongcheng Railway Station", "city": "Gongcheng", "province": "Guangxi", "zh_name": "恭城", "name": "恭城", "name:en": "Gongcheng", "splitted": null, "degree": 3, "pop": 969710.5 }, "geometry": { "type": "Polygon", "coordinates": [ [ [ 110.380818944381289, 23.953253053172002 ], [ 110.361595126729753, 24.075954769097414 ], [ 110.879222822895017, 25.282909883111277 ], [ 111.192582165678132, 25.358252525964069 ], [ 111.471624051005705, 25.315753686470607 ], [ 110.694536308720359, 24.029962444315622 ], [ 110.380818944381289, 23.953253053172002 ] ] ] } },
{ "type": "Feature", "properties": { "station_name_original": "Qingchuan", "osmid": 7332270418, "english_name": "Qingchuan Railway Station", "city": "Qingchuan", "province": "Sichuan", "zh_name": "青川", "name": "青川", "name:en": "Qingchuan", "splitted": null, "degree": 3, "pop": 321029.12 }, "geometry": { "type": "Polygon", "coordinates": [ [ [ 104.243067600256722, 33.667269461466809 ], [ 104.536924151629393, 33.602336139312229 ], [ 105.594418793576324, 31.938606261765994 ], [ 105.460835626253299, 31.755681083701624 ], [ 103.965815376520041, 33.660751782753913 ], [ 104.243067600256722, 33.667269461466809 ] ] ] } },
{ "type": "Feature", "properties": { "station_name_original": "Yongjibei", "osmid": 3012017257, "english_name": "Yongji North Railway Station", "city": "Yongji", "province": "Shanxi", "zh_name": "永济北", "name": "永济北", "name:en": null, "splitted": null, "degree": 2, "pop": 2787730.0 }, "geometry": { "type": "Polygon", "coordinates": [ [ [ 108.459008741982871, 37.640216508238105 ], [ 108.764639895228498, 37.672504834725316 ], [ 109.626351390288946, 36.837406483583685 ], [ 110.467612686806518, 35.891367823291823 ], [ 110.568633311360571, 35.739353984259708 ], [ 110.63262014390962, 35.582947488763622 ], [ 110.71952841171634, 34.901831552065559 ], [ 110.389472501569415, 34.708030159536676 ], [ 109.737505222124113, 35.185843428161157 ], [ 108.459008741982871, 37.640216508238105 ] ] ] } },
{ "type": "Feature", "properties": { "station_name_original": "Xiahuayuanbei", "osmid": 4759822044, "english_name": "Xiahuayuan North Railway Station", "city": "Zhangjiakou", "province": "Hebei", "zh_name": "下花园北", "name": "下花园北", "name:en": "Xiahuayuanbei", "splitted": null, "degree": 4, "pop": 515738.16 }, "geometry": { "type": "Polygon", "coordinates": [ [ [ 115.93711810970639, 42.066210591737338 ], [ 115.99703611908501, 42.167608356882624 ], [ 115.817414416947585, 41.268417143608346 ], [ 115.806852967164403, 41.235959225950836 ], [ 115.029228090034252, 39.606461487746557 ], [ 114.745605418237275, 39.554462659407569 ], [ 114.65544912025122, 39.564690348851251 ], [ 115.93711810970639, 42.066210591737338 ] ] ] } },
{ "type": "Feature", "properties": { "station_name_original": "Xihua", "osmid": 8465329837, "english_name": "Xihua Railway Station", "city": "Xihua", "province": "Henan", "zh_name": "西华", "name": "西华", "name:en": null, "splitted": null, "degree": 5, "pop": 1623201.5 }, "geometry": { "type": "Polygon", "coordinates": [ [ [ 114.365051467749495, 33.438758595288022 ], [ 114.286532087641632, 33.668823500794609 ], [ 114.82204648332872, 34.259401813376549 ], [ 114.852103891907717, 34.252825581285379 ], [ 115.085138631744684, 34.099462285535743 ], [ 114.365051467749495, 33.438758595288022 ] ] ] } },
{ "type": "Feature", "properties": { "station_name_original": "Shangqiudong", "osmid": 8478942598, "english_name": "Shangqiu East Railway Station", "city": "Shangqiu", "province": "Henan", "zh_name": "商丘东", "name": "商丘东", "name:en": "Shangqiudong", "splitted": null, "degree": 3, "pop": 1048733.6 }, "geometry": { "type": "Polygon", "coordinates": [ [ [ 115.243897957127587, 34.094321845080422 ], [ 115.990478404901367, 34.588555403621903 ], [ 116.024352911763586, 34.236166736489132 ], [ 115.243897957127587, 34.094321845080422 ] ] ] } },
{ "type": "Feature", "properties": { "station_name_original": "Nanyangdong", "osmid": 5575699927, "english_name": "Nanyang East Railway Station", "city": "Nanyang", "province": "Henan", "zh_name": "南阳东", "name": "南阳东", "name:en": "Nanyang east railway station", "splitted": null, "degree": 4, "pop": 3576574.2 }, "geometry": { "type": "Polygon", "coordinates": [ [ [ 111.739494419341597, 33.577542910859215 ], [ 111.984291438343419, 33.702879808336533 ], [ 112.171016316994994, 33.726214417283906 ], [ 113.312087985124322, 32.583811107604653 ], [ 113.311250624183074, 32.581277870904806 ], [ 112.695190364660277, 32.511209821109915 ], [ 111.739494419341597, 33.577542910859215 ] ] ] } },
{ "type": "Feature", "properties": { "station_name_original": "Jieshounan", "osmid": 12739050370, "english_name": "Jieshou South Railway Station", "city": "Jieshou", "province": "Anhui", "zh_name": "界首南", "name": "界首南", "name:en": "Jieshounan", "splitted": null, "degree": 4, "pop": 1243997.8 }, "geometry": { "type": "Polygon", "coordinates": [ [ [ 114.926589852879374, 33.014915157417221 ], [ 115.439571500523684, 33.574018998863735 ], [ 115.553891744429549, 33.390838659275452 ], [ 115.517288687412659, 33.169201454754372 ], [ 114.926589852879374, 33.014915157417221 ] ] ] } },
{ "type": "Feature", "properties": { "station_name_original": "Xiapu", "osmid": 5617318079, "english_name": "Xiapu Railway Station", "city": "Xiapu", "province": "Fujian", "zh_name": null, "name": "霞浦", "name:en": "Xiapu", "splitted": null, "degree": 2, "pop": 667963.25 }, "geometry": { "type": "Polygon", "coordinates": [ [ [ 122.780185395469019, 24.678658860758691 ], [ 122.248513160537485, 24.958095807318255 ], [ 120.177485094913138, 26.306515858502909 ], [ 119.931429345965469, 26.553967742541307 ], [ 119.505516650549993, 27.351179018308173 ], [ 119.971620539743284, 27.155697497759839 ], [ 122.780185395469019, 24.678658860758691 ] ] ] } },
{ "type": "Feature", "properties": { "station_name_original": "Taihe", "osmid": 2314116851, "english_name": "Taihe Railway Station", "city": "Taihe", "province": "Anhui", "zh_name": null, "name": "泰和", "name:en": "Taihe", "splitted": null, "degree": 4, "pop": 635754.38 }, "geometry": { "type": "Polygon", "coordinates": [ [ [ 114.144321438426729, 26.93939352968183 ], [ 114.149601113690949, 26.946223660961586 ], [ 115.195872574026481, 27.001145869312062 ], [ 115.585376713775233, 26.877676696352179 ], [ 115.141334672729059, 26.596051869109292 ], [ 114.144321438426729, 26.93939352968183 ] ] ] } },
{ "type": "Feature", "properties": { "station_name_original": "Hanjiang", "osmid": 7792857871, "english_name": "Hanjiang Railway Station", "city": "Yangzhou", "province": "Jiangsu", "zh_name": null, "name": "涵江", "name:en": null, "splitted": null, "degree": 3, "pop": 1814294.5 }, "geometry": { "type": "Polygon", "coordinates": [ [ [ 127.919034001746184, 15.781979919174766 ], [ 126.486525378028219, 17.254976536928069 ], [ 119.913840456627668, 24.242501523016944 ], [ 118.874541799903099, 25.554211120735992 ], [ 119.143153620664734, 25.736064131464776 ], [ 127.919034001746184, 15.781979919174766 ] ] ] } },
{ "type": "Feature", "properties": { "station_name_original": "Shuangliujichang", "osmid": 7848150398, "english_name": "Shuangliu Airport Railway Station", "city": "Chengdu", "province": "Sichuan", "zh_name": "双流机场", "name": "双流机场", "name:en": "Shuangliu Airport", "splitted": null, "degree": 5, "pop": 3418219.0 }, "geometry": { "type": "Polygon", "coordinates": [ [ [ 104.07729978013424, 30.389975430237971 ], [ 104.011727939271523, 30.441436544682574 ], [ 103.50348101476385, 31.218036098247872 ], [ 103.781305576477934, 30.988629671592815 ], [ 103.928223956554746, 30.8369200802201 ], [ 104.07729978013424, 30.389975430237971 ] ] ] } },
{ "type": "Feature", "properties": { "station_name_original": "Donghuayuanbei", "osmid": 4759794422, "english_name": "Donghuayuan North Railway Station", "city": "Zhangjiakou", "province": "Hebei", "zh_name": "东花园北", "name": "东花园北", "name:en": "Donghuayuan North", "splitted": null, "degree": 5, "pop": 172556.23 }, "geometry": { "type": "Polygon", "coordinates": [ [ [ 115.806852967164403, 41.235959225950836 ], [ 115.817414416947585, 41.268417143608346 ], [ 115.927844537593813, 39.99260125309447 ], [ 115.922266619207619, 39.972580936582652 ], [ 115.909090834286658, 39.949856143028036 ], [ 115.849729992960064, 39.880108599232649 ], [ 115.58879909656811, 39.803631132305533 ], [ 115.806852967164403, 41.235959225950836 ] ] ] } },
{ "type": "Feature", "properties": { "station_name_original": "Taining", "osmid": 2451367679, "english_name": "Taining Railway Station", "city": "Taining", "province": "Fujian", "zh_name": "泰宁", "name": "泰宁", "name:en": "Taining", "splitted": null, "degree": 3, "pop": 462214.44 }, "geometry": { "type": "Polygon", "coordinates": [ [ [ 116.992467015949472, 27.293524960771755 ], [ 117.065511190207431, 27.405541582842325 ], [ 117.321605434071103, 27.621492710076105 ], [ 117.638900292085992, 27.274583604690065 ], [ 117.027304899111485, 26.417280702721044 ], [ 116.992467015949472, 27.293524960771755 ] ] ] } },
{ "type": "Feature", "properties": { "station_name_original": "Baotou", "osmid": 1691425745, "english_name": "Baotou Railway Station", "city": "Baotou", "province": "Inner Mongolia", "zh_name": "包头", "name": "包头", "name:en": "Baotou", "splitted": null, "degree": 2, "pop": 2369426.5 }, "geometry": { "type": "Polygon", "coordinates": [ [ [ 101.698042408391245, 75.956363 ], [ 107.991790518881942, 62.723058398576526 ], [ 109.000266953073478, 54.807523433190866 ], [ 110.015477408055915, 46.606215611016232 ], [ 110.307604591518526, 42.820582335425307 ], [ 110.290420614205672, 42.524083854264298 ], [ 109.423571847784856, 37.934410679756716 ], [ 109.307253294247502, 37.869480179410047 ], [ 109.291435158212821, 37.863130834021618 ], [ 108.764639895228498, 37.672504834725316 ], [ 108.459008741982871, 37.640216508238105 ], [ 108.280179108730692, 37.650659667633569 ], [ 107.957194501928441, 37.707432429101011 ], [ 107.954444683480844, 37.708397869764624 ], [ 107.595250054884943, 37.857515971282673 ], [ 106.814073117446171, 38.517783203530911 ], [ 106.075471889449119, 39.293258457184734 ], [ 78.723933855511362, 75.956363 ], [ 101.698042408391245, 75.956363 ] ] ] } },
{ "type": "Feature", "properties": { "station_name_original": "Jiangle", "osmid": 2501355015, "english_name": "Jiangle Railway Station", "city": "Jiangle", "province": "Fujian", "zh_name": "将乐", "name": "将乐", "name:en": "Jiangle", "splitted": null, "degree": 2, "pop": 308593.72 }, "geometry": { "type": "Polygon", "coordinates": [ [ [ 117.009626631480771, 26.368669445508793 ], [ 117.027304899111485, 26.417280702721044 ], [ 117.638900292085992, 27.274583604690065 ], [ 117.716029356806999, 27.233400613396274 ], [ 117.849878763717626, 26.929504247633197 ], [ 117.806170548417839, 26.712191664982477 ], [ 117.577924414748708, 26.477403341849058 ], [ 117.088659683790638, 26.359487712183086 ], [ 117.009626631480771, 26.368669445508793 ] ] ] } },
{ "type": "Feature", "properties": { "station_name_original": "Lingshidong", "osmid": 3012063591, "english_name": "Lingshi East Railway Station", "city": "Lingshi", "province": "Shanxi", "zh_name": "灵石东", "name": "灵石东", "name:en": null, "splitted": null, "degree": 3, "pop": 811943.62 }, "geometry": { "type": "Polygon", "coordinates": [ [ [ 109.307253294247502, 37.869480179410047 ], [ 109.423571847784856, 37.934410679756716 ], [ 109.519378270693863, 37.983512141615769 ], [ 112.223330884103305, 36.849670144249245 ], [ 112.582511198038233, 36.544427382622885 ], [ 111.088800482636969, 36.916904469896039 ], [ 109.307253294247502, 37.869480179410047 ] ] ] } },
{ "type": "Feature", "properties": { "station_name_original": "Nanning", "osmid": 7870727942, "english_name": "Nanning Railway Station", "city": "Nanning", "province": "Guangxi", "zh_name": "南宁", "name": "火车站", "name:en": "Nanning Railway Station", "splitted": null, "degree": 1, "pop": 10606231.0 }, "geometry": { "type": "Polygon", "coordinates": [ [ [ 105.175792134886947, 22.680853883445149 ], [ 105.807760429933083, 23.411918743043902 ], [ 106.733560669102715, 24.233665787052182 ], [ 107.63835125717101, 24.431585836167294 ], [ 108.208583748362187, 23.860321812104488 ], [ 108.485015954626761, 22.003095464242314 ], [ 104.362859060444663, 19.566685947812633 ], [ 105.175792134886947, 22.680853883445149 ] ] ] } },
{ "type": "Feature", "properties": { "station_name_original": "Cangxi", "osmid": 3596013093, "english_name": "Cangxi Railway Station", "city": "Cangxi", "province": "Sichuan", "zh_name": "苍溪", "name": "苍溪", "name:en": "Cangxi", "splitted": null, "degree": 2, "pop": 1410773.8 }, "geometry": { "type": "Polygon", "coordinates": [ [ [ 105.460835626253299, 31.755681083701624 ], [ 105.594418793576324, 31.938606261765994 ], [ 105.785617454642093, 32.096816153320454 ], [ 106.354626772954049, 32.174500001801945 ], [ 106.509735430794265, 32.148780321761819 ], [ 107.013918401544146, 31.971605399791301 ], [ 107.100050898918198, 31.899517461650046 ], [ 105.407416457293166, 31.554217899405788 ], [ 105.460835626253299, 31.755681083701624 ] ] ] } },
{ "type": "Feature", "properties": { "station_name_original": "Langzhong", "osmid": 3596013343, "english_name": "Langzhong Railway Station", "city": "Langzhong", "province": "Sichuan", "zh_name": "阆中", "name": "阆中", "name:en": "Langzhong", "splitted": null, "degree": 2, "pop": 994354.25 }, "geometry": { "type": "Polygon", "coordinates": [ [ [ 105.352360724348429, 31.2797747245477 ], [ 105.341462004419952, 31.417539831957846 ], [ 105.407416457293166, 31.554217899405788 ], [ 107.100050898918198, 31.899517461650046 ], [ 107.20053052391512, 31.829241949812953 ], [ 105.352360724348429, 31.2797747245477 ] ] ] } },
{ "type": "Feature", "properties": { "station_name_original": "Wusheng", "osmid": 3500325329, "english_name": "Wusheng Railway Station", "city": "Wusheng", "province": "Sichuan", "zh_name": "武胜", "name": "武胜", "name:en": "Wusheng", "splitted": null, "degree": 2, "pop": 3981927.0 }, "geometry": { "type": "Polygon", "coordinates": [ [ [ 105.379026896297191, 30.316116413831544 ], [ 105.337257906893285, 30.561173669313185 ], [ 106.753654080374886, 30.665262771944672 ], [ 106.742508329905078, 30.437790815055983 ], [ 106.71837466773205, 30.389984646226178 ], [ 105.728877535456434, 29.973473168774859 ], [ 105.532732325799358, 30.071769768044543 ], [ 105.426023581772625, 30.214992739678571 ], [ 105.379026896297191, 30.316116413831544 ] ] ] } },
{ "type": "Feature", "properties": { "station_name_original": "Congjiang", "osmid": 3676351216, "english_name": "Congjiang Railway Station", "city": "Congjiang", "province": "Guizhou", "zh_name": "从江", "name": "从江", "name:en": "Congjiang", "splitted": null, "degree": 2, "pop": 809528.19 }, "geometry": { "type": "Polygon", "coordinates": [ [ [ 108.901856234340968, 26.450378095683686 ], [ 109.296109513456514, 26.623194423279383 ], [ 109.500480447723575, 26.643921328936909 ], [ 109.647787247415238, 26.591993582786873 ], [ 109.073223538579839, 25.147308601195448 ], [ 108.816101005100251, 25.037941602384617 ], [ 108.697878848247512, 25.017786573978192 ], [ 108.901856234340968, 26.450378095683686 ] ] ] } },
{ "type": "Feature", "properties": { "station_name_original": "Zhongshanxi", "osmid": 3676368704, "english_name": "Zhongshan West Railway Station", "city": "Zhongshan", "province": "Guangdong", "zh_name": "中山西", "name": "钟山西", "name:en": "Zhongshanxi", "splitted": null, "degree": 2, "pop": 1317913.0 }, "geometry": { "type": "Polygon", "coordinates": [ [ [ 110.694536308720359, 24.029962444315622 ], [ 111.471624051005705, 25.315753686470607 ], [ 111.84340470087713, 25.392804534956824 ], [ 111.185671987501976, 23.983578278808729 ], [ 110.694536308720359, 24.029962444315622 ] ] ] } },
{ "type": "Feature", "properties": { "station_name_original": "Huaiji", "osmid": 3060297703, "english_name": "Huaiji Railway Station", "city": "Huaiji", "province": "Guangdong", "zh_name": "怀集", "name": "怀集", "name:en": "Huaiji", "splitted": null, "degree": 2, "pop": 1856915.6 }, "geometry": { "type": "Polygon", "coordinates": [ [ [ 111.782521098109456, 23.463415884828837 ], [ 111.565485863857944, 23.870755260043133 ], [ 112.444197990411183, 24.837712967174149 ], [ 112.603867785812113, 24.676068378700105 ], [ 112.717794220657694, 24.169478386936138 ], [ 112.626363505831165, 23.719984007005191 ], [ 112.266216319373825, 23.451960429098431 ], [ 111.782521098109456, 23.463415884828837 ] ] ] } },
{ "type": "Feature", "properties": { "station_name_original": "Shizhuxian", "osmid": 3499352412, "english_name": "Shizhu Railway Station", "city": "Shizhu", "province": "Chongqing", "zh_name": "石柱县", "name": "石柱县", "name:en": "Shizhuxian", "splitted": null, "degree": 1, "pop": 1515976.8 }, "geometry": { "type": "Polygon", "coordinates": [ [ [ 107.792313290051567, 30.23953287023371 ], [ 108.184512308498881, 30.429426573188 ], [ 108.428152839205495, 30.356472564533533 ], [ 108.93378656571852, 28.998320271486843 ], [ 108.254929318023514, 28.660586912082888 ], [ 107.792313290051567, 30.23953287023371 ] ] ] } },
{ "type": "Feature", "properties": { "station_name_original": "Sanshuinan", "osmid": 9527375843, "english_name": "Sanshui South Railway Station", "city": "Foshan", "province": "Guangdong", "zh_name": "三水南", "name": "三水南", "name:en": "Sanshuinan", "splitted": null, "degree": 2, "pop": 1660099.0 }, "geometry": { "type": "Polygon", "coordinates": [ [ [ 112.548251003345115, 22.728826713679737 ], [ 112.888761490484796, 23.42611152726084 ], [ 112.988672224878457, 23.300663422270301 ], [ 112.883220967920934, 22.790341628405152 ], [ 112.674275389019343, 22.720209165567251 ], [ 112.548251003345115, 22.728826713679737 ] ] ] } },
{ "type": "Feature", "properties": { "station_name_original": "Huaqiao", "osmid": 4249835303, "english_name": "Huaqiao Railway Station", "city": "Suzhou", "province": "Jiangsu", "zh_name": null, "name": "花桥", "name:en": "Huaqiao", "splitted": null, "degree": 2, "pop": 1942646.4 }, "geometry": { "type": "Polygon", "coordinates": [ [ [ 121.146059926478443, 32.171681223471182 ], [ 121.245901158741034, 32.584365214147859 ], [ 121.26819845099439, 32.634425442235596 ], [ 121.352614718539854, 32.670162774867293 ], [ 121.059043116024455, 31.122253886599474 ], [ 121.04553719904753, 31.115207471326961 ], [ 120.950012735893239, 31.105927991635046 ], [ 121.146059926478443, 32.171681223471182 ] ] ] } },
{ "type": "Feature", "properties": { "station_name_original": "Xianlin", "osmid": 7197704007, "english_name": "Xianlin Railway Station", "city": "Nanjing", "province": "Jiangsu", "zh_name": "仙林", "name": "仙林", "name:en": null, "splitted": null, "degree": 2, "pop": 1337555.4 }, "geometry": { "type": "Polygon", "coordinates": [ [ [ 118.675604515199964, 32.670235508869887 ], [ 118.706251358247371, 32.912096053025465 ], [ 118.838715718283467, 32.88689902547867 ], [ 119.000156227188043, 32.02449607256569 ], [ 118.872093410562996, 32.033892041442115 ], [ 118.675604515199964, 32.670235508869887 ] ] ] } },
{ "type": "Feature", "properties": { "station_name_original": "Baohuashan", "osmid": 8283601960, "english_name": "Baohuashan Railway Station", "city": "Jurong", "province": "Jiangsu", "zh_name": "宝华山", "name": "宝华山", "name:en": "Baohuashan Station", "splitted": null, "degree": 2, "pop": 1432608.9 }, "geometry": { "type": "Polygon", "coordinates": [ [ [ 119.000156227188043, 32.02449607256569 ], [ 118.838715718283467, 32.88689902547867 ], [ 119.151535795777036, 32.857711776903827 ], [ 119.233939482499011, 32.211928468853493 ], [ 119.236059886569279, 31.939896100374931 ], [ 119.057481965945897, 31.982420399024587 ], [ 119.000156227188043, 32.02449607256569 ] ] ] } },
{ "type": "Feature", "properties": { "station_name_original": "Qiqihaer", "osmid": 7872489297, "english_name": "Qiqihar Railway Station", "city": "Qiqihar", "province": "Heilongjiang", "zh_name": "齐齐哈尔", "name": "齐齐哈尔", "name:en": "Qiqiha'er", "splitted": null, "degree": 1, "pop": 2456028.5 }, "geometry": { "type": "Polygon", "coordinates": [ [ [ 129.611121672832212, 75.956363 ], [ 127.519086859815673, 51.068707846570959 ], [ 126.906198721717317, 50.214455360268325 ], [ 125.361660496472439, 48.203572828253137 ], [ 124.288041564354543, 47.173441698846069 ], [ 114.163245794649342, 51.644266886369351 ], [ 111.777816837546141, 55.699405859613876 ], [ 110.763004992958628, 57.499114749312334 ], [ 107.991790518881942, 62.723058398576526 ], [ 101.698042408391245, 75.956363 ], [ 129.611121672832212, 75.956363 ] ] ] } },
{ "type": "Feature", "properties": { "station_name_original": "Nancheng", "osmid": 2501336698, "english_name": "Nancheng Railway Station", "city": "Nancheng", "province": "Jiangxi", "zh_name": "南城", "name": "南城", "name:en": "Nancheng", "splitted": null, "degree": 3, "pop": 871582.81 }, "geometry": { "type": "Polygon", "coordinates": [ [ [ 115.989582114506177, 27.479590552621858 ], [ 116.06951729830989, 27.68194995776706 ], [ 116.186630834456722, 27.838700725925275 ], [ 116.343119742127826, 27.915854821055451 ], [ 116.862292644866173, 27.915239842212603 ], [ 117.317601260117044, 27.655666524130968 ], [ 117.321605434071103, 27.621492710076105 ], [ 117.065511190207431, 27.405541582842325 ], [ 115.986424589041874, 27.458707508292548 ], [ 115.989582114506177, 27.479590552621858 ] ] ] } },
{ "type": "Feature", "properties": { "station_name_original": "Wenxixi", "osmid": 13042935458, "english_name": "Wenxi West Railway Station", "city": "Wenxi", "province": "Shanxi", "zh_name": "闻喜西", "name": "闻喜西", "name:en": null, "splitted": null, "degree": 2, "pop": 1112340.0 }, "geometry": { "type": "Polygon", "coordinates": [ [ [ 110.63262014390962, 35.582947488763622 ], [ 110.568633311360571, 35.739353984259708 ], [ 111.741425997965635, 35.258865942188031 ], [ 111.493648540071618, 35.032377603929156 ], [ 111.294035871209871, 35.038955605295286 ], [ 110.63262014390962, 35.582947488763622 ] ] ] } },
{ "type": "Feature", "properties": { "station_name_original": "Junliangchengbei", "osmid": 9274358865, "english_name": "Junliangcheng North Railway Station", "city": "Tianjin", "province": "Tianjin", "zh_name": "军粮城北", "name": "军粮城北", "name:en": "Junlinagcheng Bei", "splitted": null, "degree": 2, "pop": 2170914.8 }, "geometry": { "type": "Polygon", "coordinates": [ [ [ 117.25141206907827, 38.547300367863947 ], [ 117.242409728693403, 38.888082622066193 ], [ 117.430709283591753, 39.462187244488028 ], [ 117.49286345098956, 39.339377364649771 ], [ 117.57574436121115, 38.265792799391733 ], [ 117.25141206907827, 38.547300367863947 ] ] ] } },
{ "type": "Feature", "properties": { "station_name_original": "Yongtai", "osmid": 2451353649, "english_name": "Yongtai Railway Station", "city": "Yongtai", "province": "Fujian", "zh_name": null, "name": "永泰", "name:en": "Yongtai", "splitted": null, "degree": 2, "pop": 320683.06 }, "geometry": { "type": "Polygon", "coordinates": [ [ [ 118.370874828362986, 25.608030368322488 ], [ 118.538311761861777, 26.024301992064807 ], [ 119.048099526318737, 26.09003305538403 ], [ 119.151464405213559, 25.939746093441926 ], [ 119.182180536539093, 25.837536230606968 ], [ 119.143153620664734, 25.736064131464776 ], [ 118.874541799903099, 25.554211120735992 ], [ 118.370874828362986, 25.608030368322488 ] ] ] } },
{ "type": "Feature", "properties": { "station_name_original": "Yuanpingxi", "osmid": 4471055300, "english_name": "Yuanping West Railway Station", "city": "Yuanping", "province": "Shanxi", "zh_name": "原平西", "name": "原平西", "name:en": "Yuanpingxi", "splitted": null, "degree": 1, "pop": 2968066.0 }, "geometry": { "type": "Polygon", "coordinates": [ [ [ 111.934615096785706, 39.67374291652844 ], [ 112.276425778040704, 39.821097462159251 ], [ 112.964967390117806, 39.838838041397729 ], [ 113.369914872678706, 39.75078307810665 ], [ 113.669840109055215, 39.588261237729036 ], [ 113.861365217638934, 39.418508518549466 ], [ 113.210789503586184, 38.623018247783676 ], [ 110.888871001795465, 38.480511137362754 ], [ 110.674373311698403, 38.567873609588638 ], [ 111.171630508988898, 39.151505834874143 ], [ 111.675647860143741, 39.548756553505939 ], [ 111.934615096785706, 39.67374291652844 ] ] ] } },
{ "type": "Feature", "properties": { "station_name_original": "Xinzhouxi", "osmid": 9513113929, "english_name": "Xinzhou West Railway Station", "city": "Xinzhou", "province": "Shanxi", "zh_name": "忻州西", "name": "忻州西", "name:en": null, "splitted": null, "degree": 2, "pop": 1140426.5 }, "geometry": { "type": "Polygon", "coordinates": [ [ [ 111.263212582270697, 38.29072226462057 ], [ 110.888871001795465, 38.480511137362754 ], [ 113.210789503586184, 38.623018247783676 ], [ 112.969805662550527, 38.076156376059416 ], [ 111.263212582270697, 38.29072226462057 ] ] ] } },
{ "type": "Feature", "properties": { "station_name_original": "Badalingchangcheng", "osmid": 6472124842, "english_name": "Badaling Great Wall Railway Station", "city": "Beijing", "province": "Beijing", "zh_name": "八达岭长城", "name": "八达岭长城", "name:en": "Badaling Great Wall", "splitted": null, "degree": 4, "pop": 717544.5 }, "geometry": { "type": "Polygon", "coordinates": [ [ [ 115.817414416947585, 41.268417143608346 ], [ 115.99703611908501, 42.167608356882624 ], [ 116.318690004190259, 43.100228800265235 ], [ 116.787295637727908, 41.348294101977153 ], [ 115.927844537593813, 39.99260125309447 ], [ 115.817414416947585, 41.268417143608346 ] ] ] } },
{ "type": "Feature", "properties": { "station_name_original": "Lianshui", "osmid": 8517087075, "english_name": "Lianshui Railway Station", "city": "Lianshui", "province": "Jiangsu", "zh_name": "涟水", "name": "涟水", "name:en": null, "splitted": null, "degree": 3, "pop": 775894.12 }, "geometry": { "type": "Polygon", "coordinates": [ [ [ 118.953821694679036, 33.684057188229019 ], [ 118.939112520298877, 34.014327337799585 ], [ 119.50332887221137, 33.869306642799579 ], [ 119.410064759386671, 33.664261750722176 ], [ 118.953821694679036, 33.684057188229019 ] ] ] } },
{ "type": "Feature", "properties": { "station_name_original": "Nanfenbei", "osmid": 4622152185, "english_name": "Nanfen North Railway Station", "city": "Benxi", "province": "Liaoning", "zh_name": "南芬北", "name": "南芬北", "name:en": "Nanfenbei", "splitted": null, "degree": 1, "pop": 160164.08 }, "geometry": { "type": "Polygon", "coordinates": [ [ [ 123.332918827647092, 40.717588221624744 ], [ 123.33250948394425, 40.736245231865723 ], [ 123.458710461734967, 41.237624657585172 ], [ 124.269233383585416, 41.170803409375722 ], [ 123.332918827647092, 40.717588221624744 ] ] ] } },
{ "type": "Feature", "properties": { "station_name_original": "Zhangshudong", "osmid": 1579354028, "english_name": "Zhangshu East Railway Station", "city": "Zhangshu", "province": "Jiangxi", "zh_name": "樟树东", "name": "樟树东", "name:en": "Zhangshudong", "splitted": null, "degree": 3, "pop": 673410.44 }, "geometry": { "type": "Polygon", "coordinates": [ [ [ 115.233571767869904, 28.073885206873243 ], [ 115.230741543856496, 28.111511855114678 ], [ 115.53560746438967, 28.241604300470836 ], [ 116.06951729830989, 27.68194995776706 ], [ 115.989582114506177, 27.479590552621858 ], [ 115.233571767869904, 28.073885206873243 ] ] ] } },
{ "type": "Feature", "properties": { "station_name_original": "Yimianpobei", "osmid": 7082028652, "english_name": "Yimianpo North Railway Station", "city": "Harbin", "province": "Heilongjiang", "zh_name": "一面坡北", "name": "一面坡北", "name:en": "Yimianpo North Railway Station", "splitted": null, "degree": 2, "pop": 187866.92 }, "geometry": { "type": "Polygon", "coordinates": [ [ [ 127.893592642825851, 44.285446651040139 ], [ 127.553510585345464, 44.482638292371639 ], [ 127.60427245014958, 44.642044034691743 ], [ 128.285358016868543, 45.468483530168555 ], [ 128.426548776459271, 45.487186007410486 ], [ 128.436714010935248, 45.477827458765468 ], [ 127.893592642825851, 44.285446651040139 ] ] ] } },
{ "type": "Feature", "properties": { "station_name_original": "Zhuanghebei", "osmid": 7934261996, "english_name": "Zhuanghe North Railway Station", "city": "Zhuanghe", "province": "Liaoning", "zh_name": "庄河北", "name": "庄河北", "name:en": null, "splitted": null, "degree": 2, "pop": 746448.38 }, "geometry": { "type": "Polygon", "coordinates": [ [ [ 122.827368261637062, 38.47555370478684 ], [ 122.791469452368517, 38.489840356451175 ], [ 122.663530033113176, 38.697723363550281 ], [ 122.397727497868829, 39.448132694639149 ], [ 122.380264883780981, 39.718532036959331 ], [ 122.534523911127451, 40.000654096245789 ], [ 122.761486090985528, 40.222839559698052 ], [ 122.876605361819884, 40.287999920050595 ], [ 123.695070991975925, 38.224848723075674 ], [ 123.350695093725975, 38.295303268388267 ], [ 122.827368261637062, 38.47555370478684 ] ] ] } },
{ "type": "Feature", "properties": { "station_name_original": "Dagushan", "osmid": 9166853509, "english_name": "Dagushan Railway Station", "city": "Dandong", "province": "Liaoning", "zh_name": "大孤山", "name": "大孤山", "name:en": null, "splitted": null, "degree": 2, "pop": 231059.73 }, "geometry": { "type": "Polygon", "coordinates": [ [ [ 123.864596039393547, 40.187869457425656 ], [ 123.781978297898007, 38.40863536415543 ], [ 123.23760582511747, 40.521491876137937 ], [ 123.273508799978885, 40.541864810629242 ], [ 123.676585282210254, 40.38308257612799 ], [ 123.864596039393547, 40.187869457425656 ] ] ] } },
{ "type": "Feature", "properties": { "station_name_original": "Huhehaote", "osmid": 843121428, "english_name": "Hohhot Railway Station", "city": "Hohhot", "province": "Inner Mongolia", "zh_name": null, "name": "呼和浩特", "name:en": "Hohhot", "splitted": null, "degree": 5, "pop": 2190063.2 }, "geometry": { "type": "Polygon", "coordinates": [ [ [ 110.015477408055915, 46.606215611016232 ], [ 109.000266953073478, 54.807523433190866 ], [ 111.934615096785706, 39.67374291652844 ], [ 111.675647860143741, 39.548756553505939 ], [ 110.015477408055915, 46.606215611016232 ] ] ] } },
{ "type": "Feature", "properties": { "station_name_original": "Baotoudong", "osmid": 843140591, "english_name": "Baotou East Railway Station", "city": "Baotou", "province": "Inner Mongolia", "zh_name": "包头东", "name": "包头东", "name:en": "Baotoudong", "splitted": null, "degree": 4, "pop": 2180057.0 }, "geometry": { "type": "Polygon", "coordinates": [ [ [ 109.423571847784856, 37.934410679756716 ], [ 110.290420614205672, 42.524083854264298 ], [ 110.252015473542073, 38.392678486797315 ], [ 109.519378270693863, 37.983512141615769 ], [ 109.423571847784856, 37.934410679756716 ] ] ] } },
{ "type": "Feature", "properties": { "station_name_original": "Suining", "osmid": 7127162182, "english_name": "Suining Railway Station", "city": "Suining", "province": "Sichuan", "zh_name": null, "name": "睢宁", "name:en": "Suining", "splitted": null, "degree": 2, "pop": 2873797.2 }, "geometry": { "type": "Polygon", "coordinates": [ [ [ 117.758901573413269, 33.393549832224728 ], [ 117.661011540854929, 33.636189555701385 ], [ 117.876686595494562, 34.566617780092173 ], [ 117.968577895825803, 34.636654896373472 ], [ 117.980862948553792, 34.636664909506571 ], [ 118.247353743436122, 34.541584231921199 ], [ 117.962776960441872, 33.297513872764533 ], [ 117.758901573413269, 33.393549832224728 ] ] ] } },
{ "type": "Feature", "properties": { "station_name_original": "Qixiandong", "osmid": 9494299309, "english_name": "Qixian East Railway Station", "city": "Qixian", "province": "Shanxi", "zh_name": "祁县东", "name": "祁县东", "name:en": null, "splitted": null, "degree": 2, "pop": 1254152.1 }, "geometry": { "type": "Polygon", "coordinates": [ [ [ 111.603509327627663, 38.031538434541723 ], [ 112.133782134358441, 37.743788261936473 ], [ 113.196938115737709, 36.443029547817297 ], [ 112.970083293720421, 36.348193447892747 ], [ 111.603509327627663, 38.031538434541723 ] ] ] } },
{ "type": "Feature", "properties": { "station_name_original": "Loushanguannan", "osmid": 3695336868, "english_name": "Loushanguan South Railway Station", "city": "Zunyi", "province": "Guizhou", "zh_name": "娄山关南", "name": "娄山关南", "name:en": "Loushanguannan", "splitted": null, "degree": 2, "pop": 1005699.8 }, "geometry": { "type": "Polygon", "coordinates": [ [ [ 107.356750285389623, 28.265332868359117 ], [ 108.111903153868141, 28.428135772050975 ], [ 108.076984337868623, 28.012671186589209 ], [ 108.045388464270161, 27.91351782328071 ], [ 108.026632721196606, 27.880083114488642 ], [ 106.468846387973358, 27.7674162086393 ], [ 106.389500261339478, 27.781936043394204 ], [ 107.356750285389623, 28.265332868359117 ] ] ] } },
{ "type": "Feature", "properties": { "station_name_original": "Chengdunan", "osmid": 6544881645, "english_name": "Chengdu South Railway Station", "city": "Chengdu", "province": "Sichuan", "zh_name": "成都南", "name": "成都南站", "name:en": "Chengdunan Railway Station", "splitted": null, "degree": 3, "pop": 5050168.0 }, "geometry": { "type": "Polygon", "coordinates": [ [ [ 104.088866697870927, 30.374266316968651 ], [ 104.07729978013424, 30.389975430237971 ], [ 103.928223956554746, 30.8369200802201 ], [ 104.060262683347545, 30.750613199763258 ], [ 104.197942584502115, 30.317569421917753 ], [ 104.185217035547282, 30.29494497099672 ], [ 104.088866697870927, 30.374266316968651 ] ] ] } },
{ "type": "Feature", "properties": { "station_name_original": "Badong", "osmid": 3499269706, "english_name": "Badong Railway Station", "city": "Badong", "province": "Hubei", "zh_name": null, "name": "野三关", "name:en": "Yesanguan", "splitted": null, "degree": 1, "pop": 2042189.4 }, "geometry": { "type": "Polygon", "coordinates": [ [ [ 109.754310423137596, 32.490929081396779 ], [ 109.994921939472775, 32.609099648673116 ], [ 110.296231117424227, 32.629111337826508 ], [ 110.703890786724841, 32.226886000471552 ], [ 110.865519088002216, 31.995139896649622 ], [ 110.851916139631157, 29.188034993530962 ], [ 110.736926599814154, 29.157370473740045 ], [ 110.41130481818611, 29.132354021403696 ], [ 110.155795203450268, 29.842956401972497 ], [ 109.754310423137596, 32.490929081396779 ] ] ] } },
{ "type": "Feature", "properties": { "station_name_original": "Weixin", "osmid": 7635531004, "english_name": "Weixin Railway Station", "city": "Weixin", "province": "Yunnan", "zh_name": "威信", "name": "威信", "name:en": "Weixin", "splitted": null, "degree": 5, "pop": 2027259.4 }, "geometry": { "type": "Polygon", "coordinates": [ [ [ 103.270949143788727, 27.364162205296918 ], [ 103.9991546116633, 27.857870579739227 ], [ 104.561478056614263, 28.139994784420256 ], [ 104.854137872674272, 28.188797567920513 ], [ 105.692016225724373, 27.883065274208249 ], [ 103.480589127294195, 27.244285616152389 ], [ 103.270949143788727, 27.364162205296918 ] ] ] } },
{ "type": "Feature", "properties": { "station_name_original": "Changtingnan", "osmid": 2925675933, "english_name": "Changting South Railway Station", "city": "Changting", "province": "Fujian", "zh_name": "长汀南", "name": "长汀南", "name:en": "Changtingnan Railway Station", "splitted": null, "degree": 4, "pop": 668172.88 }, "geometry": { "type": "Polygon", "coordinates": [ [ [ 115.989699916350673, 25.071714671778885 ], [ 116.003534303592062, 25.202472233714374 ], [ 116.401555887834348, 26.437066347295211 ], [ 116.801797394684598, 26.258349056399535 ], [ 116.832812341930349, 26.072350751052753 ], [ 116.184799315796027, 25.210720746197847 ], [ 115.989699916350673, 25.071714671778885 ] ] ] } },
{ "type": "Feature", "properties": { "station_name_original": "Jianhu", "osmid": 1665822813, "english_name": "Jianhu Railway Station", "city": "Jianhu", "province": "Jiangsu", "zh_name": "建湖", "name": "建湖", "name:en": "Jianhu", "splitted": null, "degree": 3, "pop": 815868.0 }, "geometry": { "type": "Polygon", "coordinates": [ [ [ 119.768629685505658, 32.809370874836077 ], [ 119.433090772764444, 32.902203398577015 ], [ 119.78134757178718, 33.694144974487351 ], [ 119.852728663642125, 33.658684506449383 ], [ 119.952907128680209, 33.530200780106505 ], [ 119.877732563634723, 33.129086309991457 ], [ 119.768629685505658, 32.809370874836077 ] ] ] } },
{ "type": "Feature", "properties": { "station_name_original": "Guanghanbei", "osmid": 3815021470, "english_name": "Guanghan North Railway Station", "city": "Guanghan", "province": "Sichuan", "zh_name": "广汉北", "name": "广汉北", "name:en": "Guanghanbei", "splitted": null, "degree": 2, "pop": 1203613.2 }, "geometry": { "type": "Polygon", "coordinates": [ [ [ 104.722803066964246, 30.805630704920489 ], [ 104.650343290351344, 30.778800133235222 ], [ 103.363917227367693, 31.340552429363907 ], [ 100.921686390635301, 33.219573968000894 ], [ 101.328277575737616, 33.261696492305283 ], [ 104.722803066964246, 30.805630704920489 ] ] ] } },
{ "type": "Feature", "properties": { "station_name_original": "Emeishan", "osmid": 3740929616, "english_name": "Emeishan Railway Station", "city": "Emeishan", "province": "Sichuan", "zh_name": "峨眉山", "name": "峨眉山", "name:en": "Emeishan", "splitted": null, "degree": 1, "pop": 4181094.2 }, "geometry": { "type": "Polygon", "coordinates": [ [ [ 73.8932495, 34.126432679498613 ], [ 96.914958938256547, 33.116619431828347 ], [ 102.309337873117556, 30.644753639727089 ], [ 102.968650901815039, 30.312777382325475 ], [ 103.282467017748488, 30.085545631188015 ], [ 103.56844542992549, 29.768019336056732 ], [ 103.621217435103105, 29.270640599101146 ], [ 103.180124381596698, 28.31571855186349 ], [ 103.178871725300539, 28.313939726055867 ], [ 102.515856397292211, 27.497971475284206 ], [ 102.336109992385943, 27.483721786704017 ], [ 99.459679216239493, 27.701966564108762 ], [ 97.606215260913928, 27.940347032240101 ], [ 73.8932495, 32.258399025862012 ], [ 73.8932495, 34.126432679498613 ] ] ] } },
{ "type": "Feature", "properties": { "station_name_original": "Pingdingshanxi", "osmid": 5575699923, "english_name": "Pingdingshan West Railway Station", "city": "Pingdingshan", "province": "Henan", "zh_name": "平顶山西", "name": "平顶山西", "name:en": "Pingdingshanxi", "splitted": null, "degree": 3, "pop": 2768506.2 }, "geometry": { "type": "Polygon", "coordinates": [ [ [ 112.1748832071696, 33.72762252724479 ], [ 112.75316007623006, 34.196739623879935 ], [ 112.928887434006967, 34.231788276794219 ], [ 113.457368356185768, 33.474512334148109 ], [ 113.444224069468945, 33.427304555663461 ], [ 112.1748832071696, 33.72762252724479 ] ] ] } },
{ "type": "Feature", "properties": { "station_name_original": "Dengzhoudong", "osmid": 5575655387, "english_name": "Dengzhou East Railway Station", "city": "Dengzhou", "province": "Henan", "zh_name": "邓州东", "name": "邓州东", "name:en": null, "splitted": null, "degree": 2, "pop": 6569824.5 }, "geometry": { "type": "Polygon", "coordinates": [ [ [ 110.296231117424227, 32.629111337826508 ], [ 110.371811704118954, 32.711654616252147 ], [ 111.340686048902796, 33.483497521553247 ], [ 111.739494419341597, 33.577542910859215 ], [ 112.695190364660277, 32.511209821109915 ], [ 112.490395086071118, 32.318433311144638 ], [ 110.703890786724841, 32.226886000471552 ], [ 110.296231117424227, 32.629111337826508 ] ] ] } },
{ "type": "Feature", "properties": { "station_name_original": "Changning", "osmid": 5822178036, "english_name": "Changning Railway Station", "city": "Changning", "province": "Hunan", "zh_name": "常宁", "name": "长宁", "name:en": "Changning", "splitted": null, "degree": 3, "pop": 1868587.1 }, "geometry": { "type": "Polygon", "coordinates": [ [ [ 104.561478056614263, 28.139994784420256 ], [ 104.936806699265105, 29.104944050408651 ], [ 105.409406886285595, 28.908504918120943 ], [ 105.431748927632583, 28.889632561837022 ], [ 104.854137872674272, 28.188797567920513 ], [ 104.561478056614263, 28.139994784420256 ] ] ] } },
{ "type": "Feature", "properties": { "station_name_original": "Guanyun", "osmid": 8517238165, "english_name": "Guanyun Railway Station", "city": "Guanyun", "province": "Jiangsu", "zh_name": "灌云", "name": "灌云", "name:en": null, "splitted": null, "degree": 4, "pop": 737884.94 }, "geometry": { "type": "Polygon", "coordinates": [ [ [ 118.821768395916095, 34.264864127382737 ], [ 119.586262458746106, 34.610757141836174 ], [ 119.473899216116308, 34.166938755867463 ], [ 118.821768395916095, 34.264864127382737 ] ] ] } },
{ "type": "Feature", "properties": { "station_name_original": "Huichangbei", "osmid": 2837802223, "english_name": "Huichang North Railway Station", "city": "Huichang", "province": "Jiangxi", "zh_name": "会昌北", "name": "会昌北", "name:en": "Huichangbei", "splitted": null, "degree": 3, "pop": 990244.88 }, "geometry": { "type": "Polygon", "coordinates": [ [ [ 115.762986652486759, 26.318478883243479 ], [ 115.840975920080467, 26.399786333572219 ], [ 116.003534303592062, 25.202472233714374 ], [ 115.989699916350673, 25.071714671778885 ], [ 115.977008468041205, 25.052225911043056 ], [ 115.200682963723182, 24.9230340683275 ], [ 115.762986652486759, 26.318478883243479 ] ] ] } },
{ "type": "Feature", "properties": { "station_name_original": "Xingandong", "osmid": 2940767973, "english_name": "Xingan East Railway Station", "city": "Xingan", "province": "Jiangxi", "zh_name": "新干东", "name": "新干东", "name:en": "Xingandong", "splitted": null, "degree": 4, "pop": 496042.72 }, "geometry": { "type": "Polygon", "coordinates": [ [ [ 115.151709646375181, 27.815843720399901 ], [ 115.233571767869904, 28.073885206873243 ], [ 115.989582114506177, 27.479590552621858 ], [ 115.986424589041874, 27.458707508292548 ], [ 115.933948138105933, 27.323875090088173 ], [ 115.151709646375181, 27.815843720399901 ] ] ] } },
{ "type": "Feature", "properties": { "station_name_original": "Yujiangbei", "osmid": 13061379939, "english_name": "Yujiang North Railway Station", "city": "Yujiang", "province": "Jiangxi", "zh_name": null, "name": "畲江北", "name:en": "Shejiangbei", "splitted": null, "degree": 2, "pop": 2014419.2 }, "geometry": { "type": "Polygon", "coordinates": [ [ [ 114.852586225431693, 24.094383639046214 ], [ 114.727172927646507, 24.278993452851999 ], [ 114.742746249137042, 24.335467817064771 ], [ 116.250804715247099, 24.127280651360429 ], [ 115.494999392689522, 23.604597968109168 ], [ 115.250004231535371, 23.668124457877497 ], [ 115.190159326427718, 23.711150364361345 ], [ 114.852586225431693, 24.094383639046214 ] ] ] } },
{ "type": "Feature", "properties": { "station_name_original": "Xinghebei", "osmid": 4693191082, "english_name": "Xinghe North Railway Station", "city": "Xinghe", "province": "Inner Mongolia", "zh_name": "兴和北", "name": "兴和北", "name:en": "Xinghebei", "splitted": null, "degree": 3, "pop": 1016690.8 }, "geometry": { "type": "Polygon", "coordinates": [ [ [ 114.552587451999358, 50.978057693719641 ], [ 115.528577740390418, 49.431109285527079 ], [ 114.489243084732578, 41.7991376300089 ], [ 113.669840109055215, 39.588261237729036 ], [ 113.369914872678706, 39.75078307810665 ], [ 114.552587451999358, 50.978057693719641 ] ] ] } },
{ "type": "Feature", "properties": { "station_name_original": "Raoping", "osmid": 9258885991, "english_name": "Raoping Railway Station", "city": "Raoping", "province": "Guangdong", "zh_name": "饶平", "name": "饶平", "name:en": "Raoping", "splitted": null, "degree": 2, "pop": 918506.12 }, "geometry": { "type": "Polygon", "coordinates": [ [ [ 116.60721737073132, 24.159849395981635 ], [ 116.618126808121829, 24.201099180074173 ], [ 116.730160860153404, 24.385172164819078 ], [ 116.78313321821129, 24.361977513722294 ], [ 117.141615082626828, 23.388264509333741 ], [ 116.78229598984035, 23.574498865755054 ], [ 116.583921904686363, 23.973711781193188 ], [ 116.60721737073132, 24.159849395981635 ] ] ] } },
{ "type": "Feature", "properties": { "station_name_original": "Gaoleng", "osmid": 5697139266, "english_name": "Gaoleng Railway Station", "city": "Baoding", "province": "Hebei", "zh_name": "高塄", "name": "高楞", "name:en": "Gaoleng", "splitted": null, "degree": 1, "pop": 118061.73 }, "geometry": { "type": "Polygon", "coordinates": [ [ [ 129.604518869478085, 45.328508705746714 ], [ 129.173050039287801, 45.389343561010328 ], [ 128.78891401137426, 46.869982172206392 ], [ 130.018451400499828, 45.462754931438475 ], [ 129.955891366695369, 45.413392072206676 ], [ 129.604518869478085, 45.328508705746714 ] ] ] } },
{ "type": "Feature", "properties": { "station_name_original": "Changping", "osmid": 5305506015, "english_name": "Changping Railway Station", "city": "Beijing", "province": "Beijing", "zh_name": "昌平", "name": "昌平", "name:en": "Changping", "splitted": null, "degree": 2, "pop": 1871811.5 }, "geometry": { "type": "Polygon", "coordinates": [ [ [ 115.922266619207619, 39.972580936582652 ], [ 115.927844537593813, 39.99260125309447 ], [ 116.787295637727908, 41.348294101977153 ], [ 117.108273338606921, 40.510945059014077 ], [ 115.922266619207619, 39.972580936582652 ] ] ] } },
{ "type": "Feature", "properties": { "station_name_original": "Dafang", "osmid": 3740915229, "english_name": "Dafang Railway Station", "city": "Dafang", "province": "Guizhou", "zh_name": "大方", "name": "大方", "name:en": null, "splitted": null, "degree": 3, "pop": 1261570.9 }, "geometry": { "type": "Polygon", "coordinates": [ [ [ 105.743055225306804, 27.874702625609583 ], [ 106.000566008822602, 27.954143479535187 ], [ 106.127540067398868, 27.780639032625633 ], [ 106.134409584759283, 27.744895488953766 ], [ 105.607884100824734, 26.671736300952173 ], [ 105.35174459006852, 26.600511096709631 ], [ 105.30450730142644, 26.603060353199862 ], [ 105.679069137489037, 27.796428430621241 ], [ 105.743055225306804, 27.874702625609583 ] ] ] } },
{ "type": "Feature", "properties": { "station_name_original": "Suiyang", "osmid": 5082241584, "english_name": "Suiyang Railway Station", "city": "Suiyang", "province": "Guizhou", "zh_name": "绥阳", "name": "绥阳", "name:en": "Suiyang", "splitted": null, "degree": 3, "pop": 593412.69 }, "geometry": { "type": "Polygon", "coordinates": [ [ [ 130.362087555291311, 43.754594287797659 ], [ 131.026497778476198, 45.699326437101753 ], [ 131.135595301452327, 45.723064914764933 ], [ 130.93024847276368, 43.56951778602145 ], [ 130.362087555291311, 43.754594287797659 ] ] ] } },
{ "type": "Feature", "properties": { "station_name_original": "Guchengdong", "osmid": 8417601180, "english_name": "Gucheng East Railway Station", "city": "Gucheng", "province": "Hubei", "zh_name": "古城东", "name": "古城东", "name:en": "Guchengdong Railway Station", "splitted": null, "degree": 2, "pop": 1759812.4 }, "geometry": { "type": "Polygon", "coordinates": [ [ [ 115.439571500523684, 33.574018998863735 ], [ 115.429295754182633, 33.644019678293326 ], [ 116.328603998887033, 33.688045744381292 ], [ 116.486304722532822, 33.333659234292334 ], [ 116.480815624219957, 33.328654167254854 ], [ 116.268406511872101, 33.228413595055343 ], [ 115.553891744429549, 33.390838659275452 ], [ 115.439571500523684, 33.574018998863735 ] ] ] } },
{ "type": "Feature", "properties": { "station_name_original": "Lumiao", "osmid": 9524178595, "english_name": "Lumiao Railway Station", "city": "Zhangye", "province": "Gansu", "zh_name": "鹿苗", "name": "芦庙", "name:en": "Lumiao Railway Station", "splitted": null, "degree": 3, "pop": 1470240.6 }, "geometry": { "type": "Polygon", "coordinates": [ [ [ 115.204971827676616, 33.992352208472823 ], [ 115.202484030709641, 33.99644977150124 ], [ 115.178536146164106, 34.059521573675589 ], [ 115.199907955794004, 34.080397833636006 ], [ 115.243897957127587, 34.094321845080422 ], [ 116.024352911763586, 34.236166736489132 ], [ 116.176675363686911, 34.008137946209544 ], [ 116.192881135907001, 33.940605093530557 ], [ 115.295760394183347, 33.892498506006561 ], [ 115.204971827676616, 33.992352208472823 ] ] ] } },
{ "type": "Feature", "properties": { "station_name_original": "Hengdaohezidong", "osmid": 9160197902, "english_name": "Hengdaohezi East Railway Station", "city": "Mudanjiang", "province": "Heilongjiang", "zh_name": "横道河子东", "name": "横道河子东", "name:en": null, "splitted": null, "degree": 2, "pop": 70683.203 }, "geometry": { "type": "Polygon", "coordinates": [ [ [ 128.774650509139263, 44.019603313601365 ], [ 128.66480714020318, 44.086411862516066 ], [ 128.949427451322947, 45.327299724950223 ], [ 129.173050039287801, 45.389343561010328 ], [ 129.604518869478085, 45.328508705746714 ], [ 129.531010939784153, 45.142448079849814 ], [ 128.774650509139263, 44.019603313601365 ] ] ] } },
{ "type": "Feature", "properties": { "station_name_original": "Taimushan", "osmid": 7714110145, "english_name": "Taimushan Railway Station", "city": "Fuding", "province": "Fujian", "zh_name": "太姥山", "name": "太姥山", "name:en": "Taimushan", "splitted": null, "degree": 1, "pop": 207676.84 }, "geometry": { "type": "Polygon", "coordinates": [ [ [ 129.072557492237848, 21.03606472277232 ], [ 122.780185395469019, 24.678658860758691 ], [ 119.971620539743284, 27.155697497759839 ], [ 120.454387422376243, 27.264655592896112 ], [ 120.842705782329986, 27.082195687229792 ], [ 124.700781232272234, 24.601240798098161 ], [ 129.072557492237848, 21.03606472277232 ] ] ] } },
{ "type": "Feature", "properties": { "station_name_original": "Lianjiang", "osmid": 7713944581, "english_name": "Lianjiang Railway Station", "city": "Lianjiang", "province": "Guangdong", "zh_name": "廉江", "name": "连江", "name:en": "Lianjiang", "splitted": null, "degree": 3, "pop": 746194.5 }, "geometry": { "type": "Polygon", "coordinates": [ [ [ 119.453047872215294, 26.111138761482369 ], [ 119.379462377667082, 26.33522537650509 ], [ 120.177485094913138, 26.306515858502909 ], [ 122.248513160537485, 24.958095807318255 ], [ 119.790378859747065, 25.825366265070993 ], [ 119.453047872215294, 26.111138761482369 ] ] ] } },
{ "type": "Feature", "properties": { "station_name_original": "Funingnan", "osmid": 4715006899, "english_name": "Funing South Railway Station", "city": "Funing", "province": "Hebei", "zh_name": "阜宁南", "name": "阜宁南", "name:en": "Funingnan", "splitted": null, "degree": 2, "pop": 537760.88 }, "geometry": { "type": "Polygon", "coordinates": [ [ [ 119.410064759386671, 33.664261750722176 ], [ 119.50332887221137, 33.869306642799579 ], [ 119.53656143771768, 33.892329787318523 ], [ 119.585021649317596, 33.888919937150156 ], [ 119.6561248970295, 33.85731480512689 ], [ 119.78134757178718, 33.694144974487351 ], [ 119.433090772764444, 32.902203398577015 ], [ 119.415898943913888, 32.904855657439896 ], [ 119.410064759386671, 33.664261750722176 ] ] ] } },
{ "type": "Feature", "properties": { "station_name_original": "Jianningxianbei", "osmid": 2501352080, "english_name": "Jianning North Railway Station", "city": "Jianning", "province": "Fujian", "zh_name": "建宁县北", "name": "建宁县北", "name:en": "Jianningxianbei", "splitted": null, "degree": 2, "pop": 280537.53 }, "geometry": { "type": "Polygon", "coordinates": [ [ [ 116.401555887834348, 26.437066347295211 ], [ 116.116689634588909, 26.657668227342249 ], [ 116.992467015949472, 27.293524960771755 ], [ 117.027304899111485, 26.417280702721044 ], [ 117.009626631480771, 26.368669445508793 ], [ 116.801797394684598, 26.258349056399535 ], [ 116.401555887834348, 26.437066347295211 ] ] ] } },
{ "type": "Feature", "properties": { "station_name_original": "Daminghu", "osmid": 6211223929, "english_name": "Daming Lake Railway Station", "city": "Jinan", "province": "Shandong", "zh_name": "大明湖", "name": "大明湖", "name:en": "Daminghu", "splitted": null, "degree": 1, "pop": 1431512.2 }, "geometry": { "type": "Polygon", "coordinates": [ [ [ 116.970447310914835, 36.793820967870055 ], [ 117.02245543680084, 36.84687874198368 ], [ 117.226843193139899, 36.429454810343252 ], [ 117.073453303523877, 36.427254442453822 ], [ 116.970447310914835, 36.793820967870055 ] ] ] } },
{ "type": "Feature", "properties": { "station_name_original": "Nanbu", "osmid": 3500325328, "english_name": "Nanbu Railway Station", "city": "Nanbu", "province": "Sichuan", "zh_name": "南部", "name": "南部", "name:en": "Nanbu", "splitted": null, "degree": 1, "pop": 2473881.8 }, "geometry": { "type": "Polygon", "coordinates": [ [ [ 105.335840619102143, 31.038903505960931 ], [ 105.352360724348429, 31.2797747245477 ], [ 107.20053052391512, 31.829241949812953 ], [ 107.222389382903501, 31.816320351207107 ], [ 106.975155023600223, 31.220657099007759 ], [ 105.335840619102143, 31.038903505960931 ] ] ] } },
{ "type": "Feature", "properties": { "station_name_original": "Hechuan", "osmid": 7212001156, "english_name": "Hechuan Railway Station", "city": "Hechuan", "province": "Chongqing", "zh_name": "合川", "name": "合川", "name:en": "Hechuan", "splitted": null, "degree": 1, "pop": 2324184.0 }, "geometry": { "type": "Polygon", "coordinates": [ [ [ 105.747392422803998, 29.950856722190998 ], [ 105.728877535456434, 29.973473168774859 ], [ 106.71837466773205, 30.389984646226178 ], [ 106.686976758854215, 30.071157931770045 ], [ 106.614454021045503, 29.945799066889105 ], [ 106.392701408138038, 29.772663195326324 ], [ 106.295050376729975, 29.728500679757531 ], [ 105.92812180470473, 29.771950807432034 ], [ 105.747392422803998, 29.950856722190998 ] ] ] } },
{ "type": "Feature", "properties": { "station_name_original": "Yunfudong", "osmid": 5098263175, "english_name": "Yunfu East Railway Station", "city": "Yunfu", "province": "Guangdong", "zh_name": "云浮东", "name": "云浮东", "name:en": "Yunfu East", "splitted": null, "degree": 1, "pop": 2645467.8 }, "geometry": { "type": "Polygon", "coordinates": [ [ [ 111.522369226728472, 22.479869909493907 ], [ 111.402700452487295, 22.54935479654576 ], [ 111.782521098109456, 23.463415884828837 ], [ 112.266216319373825, 23.451960429098431 ], [ 112.545221562566908, 22.728322865489261 ], [ 112.484913983977435, 22.671041900889211 ], [ 111.772844922643131, 22.449187777771108 ], [ 111.522369226728472, 22.479869909493907 ] ] ] } },
{ "type": "Feature", "properties": { "station_name_original": "Jiaomei", "osmid": 2481375096, "english_name": "Jiaomei Railway Station", "city": "Zhangzhou", "province": "Fujian", "zh_name": "角美", "name": "角美", "name:en": "Jiaomei", "splitted": null, "degree": 1, "pop": 973614.44 }, "geometry": { "type": "Polygon", "coordinates": [ [ [ 117.670968765683639, 24.782673781530871 ], [ 117.738078358194727, 24.993085057556037 ], [ 118.000666799271244, 24.534520867902039 ], [ 117.91857166134325, 24.20014650546932 ], [ 117.670968765683639, 24.782673781530871 ] ] ] } },
{ "type": "Feature", "properties": { "station_name_original": "Haerbinbei", "osmid": 13062958171, "english_name": "Harbin North Railway Station", "city": "Harbin", "province": "Heilongjiang", "zh_name": "哈尔滨北", "name": "哈尔滨北站", "name:en": "Harbin North Railway Station", "splitted": null, "degree": 1, "pop": 2183355.2 }, "geometry": { "type": "Polygon", "coordinates": [ [ [ 126.182492814833168, 45.772157463537951 ], [ 127.192606674243493, 48.191182660867014 ], [ 127.032813001299317, 46.290997629232017 ], [ 126.55465179658799, 45.778564864184041 ], [ 126.29041191574494, 45.704601935052146 ], [ 126.182492814833168, 45.772157463537951 ] ] ] } },
{ "type": "Feature", "properties": { "station_name_original": "Fusheng", "osmid": 11658164259, "english_name": "Fusheng Railway Station", "city": "Chongqing", "province": "Chongqing", "zh_name": "富盛", "name": "复盛", "name:en": "Fusheng", "splitted": null, "degree": 1, "pop": 614323.56 }, "geometry": { "type": "Polygon", "coordinates": [ [ [ 106.614454021045503, 29.945799066889105 ], [ 106.686976758854215, 30.071157931770045 ], [ 107.058464799379635, 29.61961335686448 ], [ 107.146936783345751, 29.250767486221925 ], [ 106.762319167617875, 29.335142278170004 ], [ 106.720780873860576, 29.376985785314503 ], [ 106.614454021045503, 29.945799066889105 ] ] ] } },
{ "type": "Feature", "properties": { "station_name_original": "Dongdaihe", "osmid": 8413859638, "english_name": "Dongdaihe Railway Station", "city": "Huludao", "province": "Liaoning", "zh_name": "东戴河", "name": "东戴河", "name:en": null, "splitted": null, "degree": 1, "pop": 304484.81 }, "geometry": { "type": "Polygon", "coordinates": [ [ [ 119.538910375749083, 40.58723472301083 ], [ 119.636667572253344, 40.625219947588469 ], [ 119.799900381486196, 40.630854569175483 ], [ 120.619443018909323, 39.351792716257705 ], [ 120.380048131881892, 38.941053865420656 ], [ 119.591695823437647, 40.410658031875101 ], [ 119.538910375749083, 40.58723472301083 ] ] ] } },
{ "type": "Feature", "properties": { "station_name_original": "Xiantaoxi", "osmid": 3053775977, "english_name": "Xiantao West Railway Station", "city": "Xiantao", "province": "Hubei", "zh_name": "仙桃西", "name": "仙桃西", "name:en": null, "splitted": null, "degree": 2, "pop": 1280983.1 }, "geometry": { "type": "Polygon", "coordinates": [ [ [ 113.124350572494166, 29.895306893934361 ], [ 112.912179218753423, 31.101052011036639 ], [ 112.99669071425059, 31.085645926659083 ], [ 113.287537642036014, 30.905745843716478 ], [ 113.297238646489745, 29.906469103104552 ], [ 113.124350572494166, 29.895306893934361 ] ] ] } },
{ "type": "Feature", "properties": { "station_name_original": "Xingwen", "osmid": 5822178037, "english_name": "Xingwen Railway Station", "city": "Xingwen", "province": "Sichuan", "zh_name": "兴文", "name": "兴文", "name:en": "Xingwen", "splitted": null, "degree": 3, "pop": 2161054.8 }, "geometry": { "type": "Polygon", "coordinates": [ [ [ 105.692016225724373, 27.883065274208249 ], [ 104.854137872674272, 28.188797567920513 ], [ 105.431748927632583, 28.889632561837022 ], [ 105.617616889843532, 28.823806489231462 ], [ 105.696466295329344, 28.787620760061426 ], [ 105.95601146953058, 28.611732820629943 ], [ 106.03638328302597, 28.337371944638342 ], [ 106.039603343779007, 28.236475156850766 ], [ 106.000566008822602, 27.954143479535187 ], [ 105.743055225306804, 27.874702625609583 ], [ 105.692016225724373, 27.883065274208249 ] ] ] } },
{ "type": "Feature", "properties": { "station_name_original": "Jishuixi", "osmid": 2941775894, "english_name": "Jishui West Railway Station", "city": "Jishui", "province": "Jiangxi", "zh_name": "吉水西", "name": "吉水西", "name:en": "Jishuixi", "splitted": null, "degree": 2, "pop": 561121.62 }, "geometry": { "type": "Polygon", "coordinates": [ [ [ 114.737374128949924, 27.509252928657244 ], [ 114.749739360457525, 27.525107294288834 ], [ 114.999105278346832, 27.601561069947113 ], [ 115.843261456360679, 26.956737963550175 ], [ 115.843413930414783, 26.928014115516419 ], [ 115.585376713775233, 26.877676696352179 ], [ 115.195872574026481, 27.001145869312062 ], [ 114.737374128949924, 27.509252928657244 ] ] ] } },
{ "type": "Feature", "properties": { "station_name_original": "Guanyinjichang", "osmid": 9242299258, "english_name": "Guanyin Airport Railway Station", "city": "Guiyang", "province": "Guizhou", "zh_name": "观音机场", "name": "观音机场", "name:en": null, "splitted": null, "degree": 2, "pop": 1049804.5 }, "geometry": { "type": "Polygon", "coordinates": [ [ [ 117.267863504498365, 33.973977950612344 ], [ 117.762782584434731, 34.527055374893266 ], [ 117.876686595494562, 34.566617780092173 ], [ 117.661011540854929, 33.636189555701385 ], [ 117.267863504498365, 33.973977950612344 ] ] ] } },
{ "type": "Feature", "properties": { "station_name_original": "Yanling", "osmid": 4732069359, "english_name": "Yanling Railway Station", "city": "Yanling", "province": "Hunan", "zh_name": null, "name": "鄢陵", "name:en": null, "splitted": null, "degree": 2, "pop": 1062240.5 }, "geometry": { "type": "Polygon", "coordinates": [ [ [ 114.008555665891535, 34.050085136005663 ], [ 114.162425360695821, 34.45809585626521 ], [ 114.36569282842845, 34.426145536874238 ], [ 114.186017265165077, 33.769419530427399 ], [ 114.021985995681533, 33.828420830100548 ], [ 114.008555665891535, 34.050085136005663 ] ] ] } },
{ "type": "Feature", "properties": { "station_name_original": "Pingshan", "osmid": 5507309248, "english_name": "Pingshan Railway Station", "city": "Pingshan", "province": "Hebei", "zh_name": null, "name": "屏山", "name:en": null, "splitted": null, "degree": 3, "pop": 1669986.2 }, "geometry": { "type": "Polygon", "coordinates": [ [ [ 102.515856397292211, 27.497971475284206 ], [ 103.178871725300539, 28.313939726055867 ], [ 104.646972489741842, 29.110547970446838 ], [ 103.9991546116633, 27.857870579739227 ], [ 103.270949143788727, 27.364162205296918 ], [ 102.515856397292211, 27.497971475284206 ] ] ] } },
{ "type": "Feature", "properties": { "station_name_original": "Xinjin", "osmid": 7090395871, "english_name": "Xinjin Railway Station", "city": "Xinjin", "province": "Sichuan", "zh_name": "新津", "name": "新津站", "name:en": "Xinjin Railway Station", "splitted": null, "degree": 3, "pop": 1166071.5 }, "geometry": { "type": "Polygon", "coordinates": [ [ [ 104.088866697870927, 30.374266316968651 ], [ 102.309337873117556, 30.644753639727089 ], [ 96.914958938256547, 33.116619431828347 ], [ 99.004724347154877, 33.162105896868049 ], [ 104.011727939271523, 30.441436544682574 ], [ 104.07729978013424, 30.389975430237971 ], [ 104.088866697870927, 30.374266316968651 ] ] ] } },
{ "type": "Feature", "properties": { "station_name_original": "Jiaxian", "osmid": 5575721523, "english_name": "Jiaxian Railway Station", "city": "Jiaxian", "province": "Shaanxi", "zh_name": null, "name": "郏县", "name:en": null, "splitted": null, "degree": 2, "pop": 2295785.2 }, "geometry": { "type": "Polygon", "coordinates": [ [ [ 112.928887434006967, 34.231788276794219 ], [ 113.213171773678624, 34.370541014396778 ], [ 113.215611624159649, 34.370070112751229 ], [ 113.595693681156632, 33.732035175842519 ], [ 113.457368356185768, 33.474512334148109 ], [ 112.928887434006967, 34.231788276794219 ] ] ] } },
{ "type": "Feature", "properties": { "station_name_original": "Guannan", "osmid": 8517087057, "english_name": "Guannan Railway Station", "city": "Guannan", "province": "Jiangsu", "zh_name": "灌南", "name": "灌南", "name:en": null, "splitted": null, "degree": 2, "pop": 836466.5 }, "geometry": { "type": "Polygon", "coordinates": [ [ [ 118.939112520298877, 34.014327337799585 ], [ 118.790975481997606, 34.257819008620132 ], [ 118.821768395916095, 34.264864127382737 ], [ 119.473899216116308, 34.166938755867463 ], [ 119.53656143771768, 33.892329787318523 ], [ 119.50332887221137, 33.869306642799579 ], [ 118.939112520298877, 34.014327337799585 ] ] ] } },
{ "type": "Feature", "properties": { "station_name_original": "Xiajiang", "osmid": 2314081758, "english_name": "Xiajiang Railway Station", "city": "Xiajiang", "province": "Jiangxi", "zh_name": "峡江", "name": "峡江", "name:en": "Xiajiang", "splitted": null, "degree": 3, "pop": 532224.62 }, "geometry": { "type": "Polygon", "coordinates": [ [ [ 114.999105278346832, 27.601561069947113 ], [ 115.151709646375181, 27.815843720399901 ], [ 115.933948138105933, 27.323875090088173 ], [ 115.843261456360679, 26.956737963550175 ], [ 114.999105278346832, 27.601561069947113 ] ] ] } },
{ "type": "Feature", "properties": { "station_name_original": "Zhangqiu", "osmid": 8436796782, "english_name": "Zhangqiu Railway Station", "city": "Jinan", "province": "Shandong", "zh_name": "章丘", "name": "章丘", "name:en": "Zhangqiu", "splitted": null, "degree": 3, "pop": 1666630.8 }, "geometry": { "type": "Polygon", "coordinates": [ [ [ 117.674498957130652, 36.098346207599455 ], [ 117.301616308891226, 36.413242687932275 ], [ 117.323831999548801, 36.734743606548321 ], [ 117.608126346248838, 36.782287289266989 ], [ 117.808755692831966, 36.116709326610916 ], [ 117.674498957130652, 36.098346207599455 ] ] ] } },
{ "type": "Feature", "properties": { "station_name_original": "Zhuozidong", "osmid": 4693191075, "english_name": "Zhuozi East Railway Station", "city": "Zhuozi", "province": "Inner Mongolia", "zh_name": "卓资东", "name": "卓资东", "name:en": "Zhuozidong", "splitted": null, "degree": 2, "pop": 525127.12 }, "geometry": { "type": "Polygon", "coordinates": [ [ [ 110.763004992958628, 57.499114749312334 ], [ 111.777816837546141, 55.699405859613876 ], [ 112.964967390117806, 39.838838041397729 ], [ 112.276425778040704, 39.821097462159251 ], [ 110.763004992958628, 57.499114749312334 ] ] ] } },
{ "type": "Feature", "properties": { "station_name_original": "Guanzhishan", "osmid": 2838818230, "english_name": "Guanzhishan Railway Station", "city": "Anshan", "province": "Liaoning", "zh_name": null, "name": "冠豸山南", "name:en": "Guanzhishannan", "splitted": null, "degree": 2, "pop": 323763.75 }, "geometry": { "type": "Polygon", "coordinates": [ [ [ 116.184799315796027, 25.210720746197847 ], [ 116.832812341930349, 26.072350751052753 ], [ 116.990478630034829, 25.802052047044224 ], [ 117.022213139268743, 25.570316791550347 ], [ 116.928712520136898, 25.413707923322487 ], [ 116.184799315796027, 25.210720746197847 ] ] ] } },
{ "type": "Feature", "properties": { "station_name_original": "Gutianhuizhi", "osmid": 2927491272, "english_name": "Gutian Huizhi Railway Station", "city": "Gutian", "province": "Fujian", "zh_name": "古田会址", "name": "古田会址", "name:en": "Gutianhuizhi", "splitted": null, "degree": 2, "pop": 689538.06 }, "geometry": { "type": "Polygon", "coordinates": [ [ [ 115.977008468041205, 25.052225911043056 ], [ 115.989699916350673, 25.071714671778885 ], [ 116.184799315796027, 25.210720746197847 ], [ 116.928712520136898, 25.413707923322487 ], [ 116.94479785269391, 25.305964263897369 ], [ 116.653743308886973, 24.527325028586873 ], [ 115.977008468041205, 25.052225911043056 ] ] ] } },
{ "type": "Feature", "properties": { "station_name_original": "Chasuqi", "osmid": 1709764696, "english_name": "Chasuqi Railway Station", "city": "Hohhot", "province": "Inner Mongolia", "zh_name": "察素齐", "name": "察素齐", "name:en": "Chasuqi", "splitted": null, "degree": 2, "pop": 834054.31 }, "geometry": { "type": "Polygon", "coordinates": [ [ [ 110.307604591518526, 42.820582335425307 ], [ 110.015477408055915, 46.606215611016232 ], [ 111.675647860143741, 39.548756553505939 ], [ 111.171630508988898, 39.151505834874143 ], [ 110.307604591518526, 42.820582335425307 ] ] ] } },
{ "type": "Feature", "properties": { "station_name_original": "Salaqi", "osmid": 1694174661, "english_name": "Salaqi Railway Station", "city": "Baotou", "province": "Inner Mongolia", "zh_name": "萨拉齐", "name": "萨拉齐", "name:en": "Salaqi", "splitted": null, "degree": 2, "pop": 1047178.1 }, "geometry": { "type": "Polygon", "coordinates": [ [ [ 110.290420614205672, 42.524083854264298 ], [ 110.307604591518526, 42.820582335425307 ], [ 111.171630508988898, 39.151505834874143 ], [ 110.674373311698403, 38.567873609588638 ], [ 110.252015473542073, 38.392678486797315 ], [ 110.290420614205672, 42.524083854264298 ] ] ] } },
{ "type": "Feature", "properties": { "station_name_original": "Xuchangbei", "osmid": 8465304461, "english_name": "Xuchang North Railway Station", "city": "Xuchang", "province": "Henan", "zh_name": "许昌北", "name": "许昌北", "name:en": null, "splitted": null, "degree": 2, "pop": 495837.12 }, "geometry": { "type": "Polygon", "coordinates": [ [ [ 113.796875580981094, 34.144738345986688 ], [ 113.985943569016314, 34.487022237727302 ], [ 114.061829054083105, 34.506039495729262 ], [ 114.162425360695821, 34.45809585626521 ], [ 114.008555665891535, 34.050085136005663 ], [ 113.796875580981094, 34.144738345986688 ] ] ] } },
{ "type": "Feature", "properties": { "station_name_original": "Xiangfenxi", "osmid": 3012035358, "english_name": "Xiangfen West Railway Station", "city": "Xiangfen", "province": "Shanxi", "zh_name": "襄汾西", "name": "襄汾西", "name:en": null, "splitted": null, "degree": 2, "pop": 1056048.9 }, "geometry": { "type": "Polygon", "coordinates": [ [ [ 110.467612686806518, 35.891367823291823 ], [ 109.626351390288946, 36.837406483583685 ], [ 112.257179315823805, 35.547263394722279 ], [ 112.237889709722964, 35.529883986850294 ], [ 110.467612686806518, 35.891367823291823 ] ] ] } },
{ "type": "Feature", "properties": { "station_name_original": "Xinjinnan", "osmid": 4752750505, "english_name": "Xinjin South Railway Station", "city": "Xinjin", "province": "Sichuan", "zh_name": "新津南", "name": "新津南", "name:en": "Xinjinnan", "splitted": null, "degree": 2, "pop": 973101.38 }, "geometry": { "type": "Polygon", "coordinates": [ [ [ 102.968650901815039, 30.312777382325475 ], [ 102.309337873117556, 30.644753639727089 ], [ 104.088866697870927, 30.374266316968651 ], [ 104.185217035547282, 30.29494497099672 ], [ 104.185221425983954, 30.294344793525703 ], [ 103.399669673538057, 30.262326613824495 ], [ 102.968650901815039, 30.312777382325475 ] ] ] } },
{ "type": "Feature", "properties": { "station_name_original": "Wananxian", "osmid": 2941969186, "english_name": "Wan'an Railway Station", "city": "Wan'an", "province": "Jiangxi", "zh_name": null, "name": "万安县", "name:en": "Wan'an", "splitted": null, "degree": 2, "pop": 1194201.4 }, "geometry": { "type": "Polygon", "coordinates": [ [ [ 113.818511541456232, 26.331064573498182 ], [ 113.801571016711975, 26.6447101983611 ], [ 114.144321438426729, 26.93939352968183 ], [ 115.141334672729059, 26.596051869109292 ], [ 114.976028656379469, 26.25791615899557 ], [ 114.164723531183341, 25.771104212376471 ], [ 113.97053452151701, 25.970183720672921 ], [ 113.818511541456232, 26.331064573498182 ] ] ] } },
{ "type": "Feature", "properties": { "station_name_original": "Yuzhou", "osmid": 5575721522, "english_name": "Yuzhou Railway Station", "city": "Yuzhou", "province": "Henan", "zh_name": null, "name": "禹州", "name:en": "Yuzhou", "splitted": null, "degree": 1, "pop": 1246665.0 }, "geometry": { "type": "Polygon", "coordinates": [ [ [ 113.647406457211574, 33.76889928366738 ], [ 113.595693681156632, 33.732035175842519 ], [ 113.215611624159649, 34.370070112751229 ], [ 113.461893182947051, 34.428214678060677 ], [ 113.72371689241433, 34.089360619443845 ], [ 113.647406457211574, 33.76889928366738 ] ] ] } },
{ "type": "Feature", "properties": { "station_name_original": "Fangcheng", "osmid": 9526166087, "english_name": "Fangcheng Railway Station", "city": "Nanyang", "province": "Henan", "zh_name": null, "name": "方城", "name:en": null, "splitted": null, "degree": 1, "pop": 2301260.2 }, "geometry": { "type": "Polygon", "coordinates": [ [ [ 112.171016316994994, 33.726214417283906 ], [ 112.1748832071696, 33.72762252724479 ], [ 113.444224069468945, 33.427304555663461 ], [ 113.494043496811756, 33.27607238000062 ], [ 113.34536820011138, 32.633185056209804 ], [ 113.312087985124322, 32.583811107604653 ], [ 112.171016316994994, 33.726214417283906 ] ] ] } },
{ "type": "Feature", "properties": { "station_name_original": "Changgebei", "osmid": 5575721521, "english_name": "Changge North Railway Station", "city": "Changge", "province": "Henan", "zh_name": "长葛北", "name": "长葛北", "name:en": null, "splitted": null, "degree": 1, "pop": 1313523.1 }, "geometry": { "type": "Polygon", "coordinates": [ [ [ 113.72371689241433, 34.089360619443845 ], [ 113.461893182947051, 34.428214678060677 ], [ 113.537213192386531, 34.475681958469814 ], [ 113.735963248792558, 34.507299485161994 ], [ 113.985943569016314, 34.487022237727302 ], [ 113.796875580981094, 34.144738345986688 ], [ 113.72371689241433, 34.089360619443845 ] ] ] } },
{ "type": "Feature", "properties": { "station_name_original": "Jianwei", "osmid": 7434696459, "english_name": "Jianwei Railway Station", "city": "Jianwei", "province": "Sichuan", "zh_name": "犍为", "name": "犍为", "name:en": "Qianwei", "splitted": null, "degree": 1, "pop": 1301441.5 }, "geometry": { "type": "Polygon", "coordinates": [ [ [ 103.180124381596698, 28.31571855186349 ], [ 103.621217435103105, 29.270640599101146 ], [ 104.021631086434226, 29.661578677235429 ], [ 104.292206043580663, 29.764047232294903 ], [ 104.345133968070101, 29.714996267427029 ], [ 104.454038770138055, 29.49334181175109 ], [ 103.180124381596698, 28.31571855186349 ] ] ] } },
{ "type": "Feature", "properties": { "station_name_original": "Luojiangdong", "osmid": 3894496841, "english_name": "Luojiang East Railway Station", "city": "Deyang", "province": "Sichuan", "zh_name": "罗江东", "name": "罗江东", "name:en": "Luojiangdong", "splitted": null, "degree": 1, "pop": 1128034.9 }, "geometry": { "type": "Polygon", "coordinates": [ [ [ 103.75162397324128, 31.987311606343258 ], [ 104.36667858974549, 31.684437468369978 ], [ 105.105649774009066, 30.821021380220834 ], [ 104.848147660871263, 30.825593426897246 ], [ 103.75162397324128, 31.987311606343258 ] ] ] } },
{ "type": "Feature", "properties": { "station_name_original": "Shuangliuxi", "osmid": 6156494076, "english_name": "Shuangliu West Railway Station", "city": "Chengdu", "province": "Sichuan", "zh_name": "双流西", "name": "双流西站", "name:en": "Shuangliu West Railway Station", "splitted": null, "degree": 1, "pop": 2142502.0 }, "geometry": { "type": "Polygon", "coordinates": [ [ [ 99.004724347154877, 33.162105896868049 ], [ 100.921686390635301, 33.219573968000894 ], [ 103.363917227367693, 31.340552429363907 ], [ 103.50348101476385, 31.218036098247872 ], [ 104.011727939271523, 30.441436544682574 ], [ 99.004724347154877, 33.162105896868049 ] ] ] } },
{ "type": "Feature", "properties": { "station_name_original": "Nixi", "osmid": 5774489263, "english_name": "Nixi Railway Station", "city": "Shangri-La", "province": "Yunnan", "zh_name": null, "name": "泥溪", "name:en": null, "splitted": null, "degree": 1, "pop": 827547.81 }, "geometry": { "type": "Polygon", "coordinates": [ [ [ 103.178871725300539, 28.313939726055867 ], [ 103.180124381596698, 28.31571855186349 ], [ 104.454038770138055, 29.49334181175109 ], [ 104.654472316943128, 29.341969875626408 ], [ 104.743350131155438, 29.222780021102604 ], [ 104.646972489741842, 29.110547970446838 ], [ 103.178871725300539, 28.313939726055867 ] ] ] } },
{ "type": "Feature", "properties": { "station_name_original": "Guilin", "osmid": 626322669, "english_name": "Guilin Railway Station", "city": "Guilin", "province": "Guangxi", "zh_name": null, "name": "桂林", "name:en": "Guilin", "splitted": null, "degree": 1, "pop": 1389259.8 }, "geometry": { "type": "Polygon", "coordinates": [ [ [ 110.278491800409626, 24.979055314690214 ], [ 110.008608730516102, 25.269572587160887 ], [ 110.254132772183993, 25.30838614079487 ], [ 110.533062465773199, 25.221270221389066 ], [ 110.278491800409626, 24.979055314690214 ] ] ] } },
{ "type": "Feature", "properties": { "station_name_original": "Qingshen", "osmid": 8148643737, "english_name": "Qingshen Railway Station", "city": "Meishan", "province": "Sichuan", "zh_name": "青神", "name": "青神", "name:en": null, "splitted": null, "degree": 1, "pop": 677437.5 }, "geometry": { "type": "Polygon", "coordinates": [ [ [ 103.56844542992549, 29.768019336056732 ], [ 103.282467017748488, 30.085545631188015 ], [ 104.267167525788523, 29.846096633688358 ], [ 104.292206043580663, 29.764047232294903 ], [ 104.021631086434226, 29.661578677235429 ], [ 103.56844542992549, 29.768019336056732 ] ] ] } },
{ "type": "Feature", "properties": { "station_name_original": "Longshanzhen", "osmid": 7252318603, "english_name": "Longshan Town Railway Station", "city": "Xiamen", "province": "Fujian", "zh_name": "龙山镇", "name": "龙山镇", "name:en": "Longshanzhen", "splitted": null, "degree": 1, "pop": 690868.38 }, "geometry": { "type": "Polygon", "coordinates": [ [ [ 116.730160860153404, 24.385172164819078 ], [ 116.699940542253756, 24.475105372378298 ], [ 117.266544092370935, 24.974372785091784 ], [ 117.360281229255818, 25.009991157269987 ], [ 117.739472184397101, 25.011200816146932 ], [ 117.738078358194727, 24.993085057556037 ], [ 117.670968765683639, 24.782673781530871 ], [ 117.402275909524448, 24.378172323786448 ], [ 117.153596050184731, 24.294479915253305 ], [ 117.016970258219871, 24.294624975941282 ], [ 116.78313321821129, 24.361977513722294 ], [ 116.730160860153404, 24.385172164819078 ] ] ] } },
{ "type": "Feature", "properties": { "station_name_original": "Guidingxian", "osmid": 2156949139, "english_name": "Guiding Railway Station", "city": "Guiding", "province": "Guizhou", "zh_name": "贵定县", "name": "贵定", "name:en": "Guiding", "splitted": null, "degree": 1, "pop": 365381.12 }, "geometry": { "type": "Polygon", "coordinates": [ [ [ 106.902442771649376, 25.945762314135937 ], [ 106.927645619645219, 26.308356017098614 ], [ 106.99270935034059, 26.686340776449612 ], [ 107.512592402794795, 26.472361566241872 ], [ 106.902442771649376, 25.945762314135937 ] ] ] } },
{ "type": "Feature", "properties": { "station_name_original": "Rongjiang", "osmid": 9527375841, "english_name": "Rongjiang Railway Station", "city": "Rongjiang", "province": "Guizhou", "zh_name": "榕江", "name": "榕江", "name:en": null, "splitted": null, "degree": 1, "pop": 898480.06 }, "geometry": { "type": "Polygon", "coordinates": [ [ [ 107.787582420521431, 24.567366328302519 ], [ 108.061957678564823, 26.057034249537661 ], [ 108.409810994256333, 26.498646584340154 ], [ 108.901856234340968, 26.450378095683686 ], [ 108.697878848247512, 25.017786573978192 ], [ 107.787582420521431, 24.567366328302519 ] ] ] } },
{ "type": "Feature", "properties": { "station_name_original": "Qingdui", "osmid": 9166853510, "english_name": "Qingdui Railway Station", "city": "Wenzhou", "province": "Zhejiang", "zh_name": "青堆", "name": "青堆", "name:en": null, "splitted": null, "degree": 1, "pop": 374041.94 }, "geometry": { "type": "Polygon", "coordinates": [ [ [ 122.876605361819884, 40.287999920050595 ], [ 122.991579560618945, 40.405456383256634 ], [ 123.187078233412478, 40.509089579878669 ], [ 123.23760582511747, 40.521491876137937 ], [ 123.781978297898007, 38.40863536415543 ], [ 123.797918205477501, 38.193624440029424 ], [ 123.695070991975925, 38.224848723075674 ], [ 122.876605361819884, 40.287999920050595 ] ] ] } },
{ "type": "Feature", "properties": { "station_name_original": "Xuzhou", "osmid": 5570292382, "english_name": "Xuzhou Railway Station", "city": "Xuzhou", "province": "Jiangsu", "zh_name": null, "name": "徐州", "name:en": "Xuzhou", "splitted": null, "degree": 1, "pop": 2156999.8 }, "geometry": { "type": "Polygon", "coordinates": [ [ [ 117.140854334792081, 33.965615229957592 ], [ 117.091039041822484, 34.047084290123557 ], [ 117.035328556233992, 34.565409777168128 ], [ 117.243592672275, 34.525569557054496 ], [ 117.261149644885762, 33.97461280726418 ], [ 117.140854334792081, 33.965615229957592 ] ] ] } },
{ "type": "Feature", "properties": { "station_name_original": "Taishan", "osmid": 5485730430, "english_name": "Taishan Railway Station", "city": "Taishan", "province": "Guangdong", "zh_name": null, "name": "台山", "name:en": "Taishan", "splitted": null, "degree": 1, "pop": 1559710.5 }, "geometry": { "type": "Polygon", "coordinates": [ [ [ 113.030328113259188, 20.991962039709946 ], [ 112.865487463316754, 21.269838330554428 ], [ 112.484913983977435, 22.671041900889211 ], [ 112.545221562566908, 22.728322865489261 ], [ 112.548251003345115, 22.728826713679737 ], [ 112.674275389019343, 22.720209165567251 ], [ 113.163560978432258, 22.147198914732733 ], [ 113.030328113259188, 20.991962039709946 ] ] ] } },
{ "type": "Feature", "properties": { "station_name_original": "Enping", "osmid": 5485730496, "english_name": "Enping Railway Station", "city": "Enping", "province": "Guangdong", "zh_name": "恩平", "name": "恩平", "name:en": "Enping", "splitted": null, "degree": 1, "pop": 955933.81 }, "geometry": { "type": "Polygon", "coordinates": [ [ [ 111.772844922643131, 22.449187777771108 ], [ 112.484913983977435, 22.671041900889211 ], [ 112.865487463316754, 21.269838330554428 ], [ 111.772844922643131, 22.449187777771108 ] ] ] } },
{ "type": "Feature", "properties": { "station_name_original": "Mata", "osmid": 8976366513, "english_name": "Mata Railway Station", "city": "Maoming", "province": "Guangdong", "zh_name": "马踏", "name": "马踏", "name:en": null, "splitted": null, "degree": 1, "pop": 1431859.9 }, "geometry": { "type": "Polygon", "coordinates": [ [ [ 112.665174506352074, 16.939305248451355 ], [ 111.25399844699345, 20.404414741190536 ], [ 111.066342620426184, 22.521232686140213 ], [ 111.402700452487295, 22.54935479654576 ], [ 111.522369226728472, 22.479869909493907 ], [ 112.665174506352074, 16.939305248451355 ] ] ] } },
{ "type": "Feature", "properties": { "station_name_original": "Shuangji", "osmid": 6541700581, "english_name": "Shuangji Railway Station", "city": "Fuyang", "province": "Anhui", "zh_name": "双集", "name": "双吉", "name:en": "Shuangji", "splitted": null, "degree": 2, "pop": 725429.75 }, "geometry": { "type": "Polygon", "coordinates": [ [ [ 126.233454480881804, 44.492302073140181 ], [ 126.809858061827455, 44.731824897751622 ], [ 127.006034176620417, 44.576687940844216 ], [ 126.036674846648438, 43.295214809763188 ], [ 126.074242989488496, 44.283883287733303 ], [ 126.233454480881804, 44.492302073140181 ] ] ] } },
{ "type": "Feature", "properties": { "station_name_original": "Longjia", "osmid": 2375089681, "english_name": "Longjia Railway Station", "city": "Changchun", "province": "Jilin", "zh_name": "龙嘉", "name": "龙嘉", "name:en": "Longjia", "splitted": null, "degree": 2, "pop": 988866.0 }, "geometry": { "type": "Polygon", "coordinates": [ [ [ 126.036674846648438, 43.295214809763188 ], [ 125.927437938675638, 42.580967765046069 ], [ 125.729937015437514, 42.917094169879597 ], [ 125.439279457931192, 44.256642429404174 ], [ 126.074242989488496, 44.283883287733303 ], [ 126.036674846648438, 43.295214809763188 ] ] ] } },
{ "type": "Feature", "properties": { "station_name_original": "Luoyuan", "osmid": 1895255830, "english_name": "Luoyuan Railway Station", "city": "Fuzhou", "province": "Fujian", "zh_name": "罗源", "name": "罗源", "name:en": "Luoyuan", "splitted": null, "degree": 2, "pop": 378700.41 }, "geometry": { "type": "Polygon", "coordinates": [ [ [ 119.199072689181762, 26.471155444589485 ], [ 119.172890471565921, 26.579773082312897 ], [ 119.931429345965469, 26.553967742541307 ], [ 120.177485094913138, 26.306515858502909 ], [ 119.379462377667082, 26.33522537650509 ], [ 119.199072689181762, 26.471155444589485 ] ] ] } },
{ "type": "Feature", "properties": { "station_name_original": "Jingzhou_0", "osmid": 5555291485, "english_name": "Jingzhou Railway Station", "city": "Jingzhou", "province": "Hubei", "zh_name": null, "name": "景州", "name:en": "Jingzhou", "splitted": "Jingzhou", "degree": 2, "pop": 2586653.5 }, "geometry": { "type": "Polygon", "coordinates": [ [ [ 115.815533286246975, 36.872547091730354 ], [ 115.633933149457249, 36.684292103802463 ], [ 115.624747628585041, 36.698441425143606 ], [ 116.071802779561096, 38.333238551271101 ], [ 116.55057643155466, 37.877501929291007 ], [ 115.815533286246975, 36.872547091730354 ] ] ] } },
{ "type": "Feature", "properties": { "station_name_original": "Jingzhou_1", "osmid": 2492404007, "english_name": "Jingzhou Railway Station", "city": "Jingzhou", "province": "Hubei", "zh_name": null, "name": "荆州", "name:en": "Jingzhou", "splitted": "Jingzhou", "degree": 4, "pop": 4937015.5 }, "geometry": { "type": "Polygon", "coordinates": [ [ [ 111.653564452235756, 29.052823755625347 ], [ 112.174530112072603, 31.198238883676652 ], [ 112.549175051585848, 31.179321353450085 ], [ 112.587415787938838, 29.754324536195647 ], [ 112.007754197871563, 29.179708980199806 ], [ 111.785900944069084, 29.052619905078959 ], [ 111.740219144067339, 29.04645263063798 ], [ 111.653564452235756, 29.052823755625347 ] ] ] } },
{ "type": "Feature", "properties": { "station_name_original": "Fengchengdong_0", "osmid": 9179735855, "english_name": "Fengcheng East Railway Station", "city": "Fengcheng", "province": "Jiangxi", "zh_name": null, "name": "凤城东", "name:en": null, "splitted": "Fengchengdong", "degree": 3, "pop": 540454.25 }, "geometry": { "type": "Polygon", "coordinates": [ [ [ 123.676585282210254, 40.38308257612799 ], [ 125.266881750581248, 41.479876122976563 ], [ 125.632228132223631, 41.645606806783931 ], [ 125.850417796237238, 41.62077741711645 ], [ 123.974979720795744, 40.187062465690175 ], [ 123.864596039393547, 40.187869457425656 ], [ 123.676585282210254, 40.38308257612799 ] ] ] } },
{ "type": "Feature", "properties": { "station_name_original": "Fengchengdong_1", "osmid": 2940767972, "english_name": "Fengcheng East Railway Station", "city": "Fengcheng", "province": "Jiangxi", "zh_name": null, "name": "丰城东", "name:en": "Fengchengdong", "splitted": "Fengchengdong", "degree": 4, "pop": 1162674.6 }, "geometry": { "type": "Polygon", "coordinates": [ [ [ 115.53560746438967, 28.241604300470836 ], [ 115.643240194430334, 28.391742882135066 ], [ 115.928331765198351, 28.402747082698617 ], [ 115.960581145306108, 28.395577597415123 ], [ 116.186630834456722, 27.838700725925275 ], [ 116.06951729830989, 27.68194995776706 ], [ 115.53560746438967, 28.241604300470836 ] ] ] } },
{ "type": "Feature", "properties": { "station_name_original": "Taian_0", "osmid": 8431451879, "english_name": "Tai'an Railway Station", "city": "Tai'an", "province": "Shandong", "zh_name": null, "name": "台安", "name:en": "Tai'an", "splitted": "Taian", "degree": 5, "pop": 508282.0 }, "geometry": { "type": "Polygon", "coordinates": [ [ [ 122.084791270549431, 41.551915140613424 ], [ 122.062193531428647, 41.679000178897418 ], [ 122.503849251439988, 41.775084005135966 ], [ 122.668232198709617, 41.281952398904878 ], [ 122.62191172134159, 41.213516329452389 ], [ 122.382908252069313, 41.110404076456433 ], [ 122.084791270549431, 41.551915140613424 ] ] ] } },
{ "type": "Feature", "properties": { "station_name_original": "Taian_1", "osmid": 6844103016, "english_name": "Tai'an Railway Station", "city": "Tai'an", "province": "Shandong", "zh_name": null, "name": "泰安", "name:en": "Tai'an", "splitted": "Taian", "degree": 8, "pop": 4967994.0 }, "geometry": { "type": "Polygon", "coordinates": [ [ [ 115.748029519384147, 35.85099184303651 ], [ 115.740597444651883, 36.069493213231176 ], [ 116.940820412287778, 36.415530199485701 ], [ 117.073453303523877, 36.427254442453822 ], [ 117.226843193139899, 36.429454810343252 ], [ 117.301616308891226, 36.413242687932275 ], [ 117.674498957130652, 36.098346207599455 ], [ 117.588839426644256, 36.022663141109646 ], [ 117.20329229982363, 35.873170240375188 ], [ 115.79535168415164, 35.792895007706825 ], [ 115.748029519384147, 35.85099184303651 ] ] ] } }
]
}
